"record","uuid","date","hsample","hsampletype","state","s3","s4","h3r1","h3r2","h3r3","h3r4","h3r5","h3r7","h3none","s5","s6","s7","h1r1","h1r2","h1r3","h1r4","h1none","s8","s9","s10","rh","q1r1","q1r2","q1r3","q1r4","q1r5","q1r6","q1r7","q1r8","q1r9","q1r20","q1r10","q1r11","q1r12","q1r13","q1r14","q1r15","q1r16","q1r17","q1r18","q1r19","q2","q3","q4","q5","q6","q7","q8","q9r1","q9r2","q9r3","q9r4","q9r5","q9r6","q9r7","q9r8","q9r9","q9r10","q9r11","q9r12","q9r13","q9r14","q9r15","q10","q18r1","q18r2","q18r3","q18r4","q18r5","q18r6","q18r7","q18r8","q19","q20r1","q20r2","q20r3","q21r1","q21r2","q21r3","q21r4","q21r5","q21r6","q21r7","q21r8","q21r9","q22","q23","q24","q25","q26r1","q26r2","q26r3","q26r4","q26r5","q26r6","q26r7","q28","q29","q30","d1","d2","d3","d4r1","d4r2","d4r3","d4r4","d4r5","d5","d6","d12r1","d12r2","d12r3","d7","d8r1","d8r2","d8r3","d8r4","d8r5","d8r6","d8r7","d9r1","d9r2","d9r3","d9r4","d10","d11","conditionsmarker_split_b","conditionsmarker_split_a","vlist","qtime","vos","vosr15oe","vbrowser","vbrowserr15oe","vmobiledevice","vmobileos","start_date","azcounty","hpid3","q12","q16","az1","az2","az3","az4","az5","az6","az7","az8","az9","az10","az11","az12","az13","az14","az15","az16","az17","az18","q49","q50","q51","d13","weight","race","pid3"
2,"h1a64j2y5mn3yxju",10/19/2022 12:21:00,4,2,3,1,,0,0,0,0,1,0,0,1,2,1998,1,0,0,0,0,1,2,6,1,0,0,0,1,0,0,1,0,0,1,0,0,0,0,0,0,0,0,0,0,3,3,1,3,2,3,5,5,4,5,5,6,,,,,,,5,5,,,6,1,1,1,2,1,4,4,4,2,,,,1,1,2,1,1,2,3,2,2,1,2,1,2,4,4,4,1,1,1,1,2,3,5,12,,2,0,0,0,1,0,1,3,1,2,3,4,0,0,1,0,0,0,1,2,4,4,4,2,3,0,1,4,854.49,13,,10,,5,6,10/19/2022 12:06:00,8,2,6,6,6,6,1,1,2,1,2,3,,1,1,3,4,3,5,,1,2,4,,2,,0.411264002323151,1,2
3,"fd14nyk5h4q9dq13",10/19/2022 12:14:00,4,2,3,1,,0,0,0,0,1,0,0,1,2,1971,0,0,1,0,0,1,2,1,1,1,0,1,0,0,0,1,0,0,0,0,0,0,0,0,0,0,0,0,0,2,2,1,1,1,1,10,1,4,1,4,1,,,,,,,1,1,,,2,1,1,1,1,4,4,1,4,2,,,,1,1,1,1,1,1,1,1,1,2,2,2,1,1,1,1,1,1,1,1,2,1,1,21,2,1,1,0,0,0,0,6,2,1,3,2,2,0,0,1,0,0,0,0,1,1,1,1,2,1,1,0,4,359.67,14,,10,,1,2,10/19/2022 12:08:00,8,1,2,2,5,1,2,2,2,2,2,,2,2,1,2,4,6,,2,2,2,2,2,,,0.345831274986267,1,1
4,"zm4eycvp1hm448fu",10/19/2022 12:29:00,4,2,3,5,1,0,1,0,0,0,0,0,1,2,1995,1,0,0,0,0,1,2,2,1,0,0,0,0,1,0,0,0,0,0,0,0,0,0,0,0,0,0,0,0,2,3,3,4,2,3,2,2,4,5,5,2,,,,,,,2,5,,,2,4,4,2,2,3,1,4,4,2,,,,2,2,2,3,1,2,2,3,3,2,3,1,3,4,4,4,1,3,1,3,3,1,3,,,1,1,0,0,0,0,,,,,,1,0,1,1,0,0,0,1,2,4,4,2,2,1,0,1,4,1089.01,14,,10,,1,2,10/19/2022 12:10:00,1,1,2,6,6,6,2,1,1,2,1,4,,1,1,2,2,6,1,,1,1,1,,2,,0.854999959468842,2,1
7,"qnxzctnnc13uh3sg",10/19/2022 12:48:00,4,2,3,1,,0,0,0,0,1,0,0,1,2,1992,0,1,0,0,0,1,4,2,1,0,1,0,0,0,1,0,0,0,1,0,0,0,0,0,0,0,0,0,0,2,2,1,2,2,3,4,2,4,2,4,2,,,,,,,2,3,,,2,1,3,4,1,1,3,3,4,1,1,0,0,4,2,1,1,1,3,1,4,3,1,1,1,2,4,1,1,4,4,4,4,2,1,1,12,,1,1,0,0,0,0,2,1,1,2,3,3,1,0,0,0,0,0,0,2,1,3,4,2,3,1,0,4,921.29,4,,10,,5,6,10/19/2022 12:32:00,13,1,1,6,6,6,1,1,1,1,1,,1,1,1,1,4,3,,1,2,2,4,1,,,0.483492195606232,1,1
8,"55xug63jkshg459v",10/19/2022 12:48:00,4,2,3,1,,0,0,0,0,1,0,0,1,2,1995,1,0,0,0,0,1,2,3,1,1,0,0,1,0,0,0,0,0,0,0,0,0,0,0,0,0,0,0,0,3,1,1,2,3,2,5,4,1,2,2,2,,,,,,,1,2,,,3,1,2,1,2,1,4,4,3,2,,,,1,1,1,2,2,4,3,1,1,2,2,1,2,2,2,1,3,3,2,2,3,2,2,12,,2,0,0,0,1,0,2,3,1,3,2,2,1,0,0,0,0,0,0,1,1,1,1,3,4,1,0,4,949.08,14,,10,,1,2,10/19/2022 12:32:00,8,2,4,4,6,6,2,2,2,1,2,,4,1,1,1,2,2,,4,3,3,1,1,,,0.518354594707489,1,2
9,"dtk0g4vrfj2afuxk",10/19/2022 12:42:00,4,2,3,1,,0,0,0,0,1,0,0,1,2,1983,0,1,0,0,0,1,3,5,1,1,0,0,1,0,0,0,0,1,0,0,0,0,0,0,0,0,0,0,0,4,1,2,2,2,2,7,4,1,4,1,4,,,,,,,2,2,,,4,2,1,1,1,1,1,1,2,1,0,1,0,1,2,2,2,2,2,2,2,3,2,3,2,3,3,2,2,2,2,2,2,2,2,2,12,,3,1,0,0,0,0,2,2,1,2,3,2,1,0,0,0,0,0,0,1,2,2,1,4,2,0,1,4,419.91,14,,10,,1,2,10/19/2022 12:34:00,2,3,6,6,6,6,2,2,2,2,2,3,,1,2,3,3,7,3,,2,2,2,,1,,0.411264002323151,1,3
11,"a1cpmbkvyqzg1287",10/19/2022 13:00:00,4,2,3,3,1,1,0,0,0,0,0,0,1,2,1985,0,1,0,0,0,1,5,2,1,1,0,1,0,0,0,0,0,0,1,0,0,0,0,0,0,0,0,0,0,2,2,1,3,3,4,4,2,4,2,4,3,,,,,,,4,5,,,2,4,2,2,1,2,2,2,4,2,,,,1,2,1,2,1,1,2,3,3,2,3,2,3,1,3,1,1,3,1,1,3,1,5,,,1,1,0,0,0,0,,,,,,3,0,1,1,1,0,0,0,1,3,4,3,2,5,1,0,4,1326.77,14,,10,,1,2,10/19/2022 12:37:00,12,1,6,6,6,6,2,2,2,2,2,,3,1,3,5,3,9,,5,1,1,1,2,,,0.400000005960464,2,1
12,"xyf039x9yx8ugyy8",10/19/2022 12:52:00,4,2,3,5,2,0,1,0,0,0,0,0,1,2,1970,0,0,1,0,0,1,3,1,1,0,0,1,0,0,0,0,0,0,0,0,1,0,1,0,0,0,0,0,0,2,3,2,3,2,3,4,2,4,2,4,2,,,,,,,2,5,,,1,4,3,1,2,4,4,4,4,2,,,,2,3,2,1,1,2,3,4,4,3,3,1,2,1,1,1,1,1,1,1,3,1,1,,,1,1,0,0,0,0,,,,,,3,0,1,0,0,0,0,0,1,2,1,2,1,2,0,1,4,579.1,4,,10,,5,6,10/19/2022 12:42:00,8,1,1,1,2,3,2,2,3,2,2,2,,1,3,3,2,10,1,,1,1,2,,2,,0.880649983882904,2,1
14,"eqaa59174hwq2max",10/19/2022 13:12:00,4,2,3,1,,0,0,0,0,1,0,0,1,1,1989,0,1,0,0,0,1,2,4,1,0,0,0,0,0,0,0,0,0,0,0,0,0,0,0,0,0,0,1,0,4,3,2,2,3,2,6,4,1,4,2,3,,,,,,,3,2,,,6,4,2,1,1,1,3,3,4,1,0,0,1,2,1,2,3,2,3,1,3,2,2,3,1,1,2,2,4,2,3,3,1,3,2,2,12,,1,1,0,0,0,0,1,2,2,1,3,4,0,1,1,0,0,0,1,1,1,1,2,4,1,0,1,4,1391.7,14,,10,,1,2,10/19/2022 12:48:00,11,3,5,5,5,4,1,2,1,2,3,3,,2,3,2,3,3,3,,2,3,2,,2,,0.235008016228676,1,3
15,"nqcy018w2dyj9h7z",10/19/2022 12:59:00,4,2,3,1,,0,0,0,0,1,0,0,1,2,1996,1,0,0,0,0,1,2,2,1,0,0,0,1,0,1,0,0,0,0,1,0,0,0,0,0,0,0,0,0,2,2,1,3,1,3,6,2,4,2,4,1,,,,,,,1,5,,,1,4,1,1,1,1,4,4,2,2,,,,1,1,1,1,1,3,4,4,4,2,2,1,1,1,1,1,1,1,1,1,2,3,3,12,,2,0,1,0,0,0,1,1,2,1,3,4,1,0,0,0,0,0,0,4,4,4,4,1,2,1,0,4,339.85,12,,13,,1,1,10/19/2022 12:53:00,8,1,2,2,2,6,2,2,2,1,1,,2,2,1,3,2,10,,1,1,1,3,2,,,0.497996956110001,1,1
16,"zfcvvmcjzm8hz1t5",10/19/2022 13:19:00,4,2,3,1,,0,0,0,0,1,0,0,1,1,2001,1,0,0,0,0,1,2,3,1,1,0,1,0,0,0,0,0,0,0,0,0,1,0,0,0,0,0,0,0,4,1,2,2,3,3,10,4,1,5,5,5,,,,,,,5,5,,,6,4,3,2,2,4,2,2,3,2,,,,2,2,2,4,2,3,2,3,3,2,3,1,2,2,1,1,2,1,2,1,3,2,4,12,,2,0,1,0,0,0,1,3,2,1,3,1,0,0,1,0,0,0,0,3,4,4,4,1,2,0,1,4,1102.22,12,,13,,1,1,10/19/2022 13:00:00,8,2,6,6,6,5,1,2,2,2,4,4,,1,1,1,2,5,5,,3,3,1,,2,,0.470016032457352,1,2
17,"17u5yckxj2b0t4rx",10/19/2022 13:13:00,4,2,3,3,1,1,0,0,0,0,0,0,1,2,2000,1,0,0,0,0,1,2,2,1,1,0,0,1,0,1,0,0,0,0,0,0,0,0,0,0,0,0,0,0,2,1,1,3,1,4,5,2,4,5,4,1,,,,,,,5,5,,,1,4,3,4,1,1,4,4,4,2,,,,2,1,2,3,1,2,4,4,4,3,1,1,2,1,1,1,1,1,1,1,2,1,5,,,1,1,0,0,0,0,,,,,,4,1,0,0,0,0,0,0,1,3,4,4,1,1,0,1,4,655.06,14,,10,,1,2,10/19/2022 13:01:00,12,1,2,4,2,3,2,2,2,1,3,3,,1,3,3,3,5,2,,2,2,3,,2,,0.410528212785721,2,1
18,"521sck5vhuf397tr",10/19/2022 13:16:00,4,2,3,4,1,0,0,1,0,0,0,0,1,1,2001,1,0,0,0,0,3,5,3,1,0,0,0,1,0,0,1,0,0,0,0,0,0,0,0,0,0,0,1,0,2,2,2,2,2,3,7,2,4,2,5,5,,,,,,,3,5,,,6,1,1,3,1,1,4,2,3,1,0,0,1,2,2,1,3,1,2,2,4,4,2,2,1,2,4,4,3,3,4,4,4,2,3,1,,,,0,0,0,1,1,,,,,,3,0,1,1,0,0,0,1,3,3,1,4,3,4,1,0,4,472.85,12,,13,,1,1,10/19/2022 13:08:00,8,2,5,3,5,5,2,2,1,1,2,,3,1,3,2,2,7,,1,1,2,2,2,,,0.768240034580231,2,2
23,"gfxhz948pspzbjs8",10/19/2022 13:35:00,4,2,3,1,,0,0,0,0,1,0,0,1,2,1968,0,0,1,0,0,1,4,2,1,1,0,0,0,0,0,0,0,0,1,0,0,0,0,0,0,0,1,0,0,3,4,,3,3,3,1,3,4,4,4,4,,,,,,,2,4,,,6,4,3,1,1,4,2,2,4,1,0,0,1,2,2,2,1,2,2,3,4,4,1,3,1,1,4,4,4,4,4,4,4,2,5,5,12,,1,1,0,0,0,0,5,3,1,2,3,2,1,0,0,0,0,0,0,4,4,4,4,2,1,1,0,4,1305.84,14,,10,,1,2,10/19/2022 13:13:00,11,1,6,6,6,6,2,3,2,1,3,,3,2,3,1,2,5,,2,2,2,2,2,,,0.452390402555466,1,1
27,"bpayw9q3bnk0n905",10/19/2022 13:47:00,2,2,3,2,,0,0,0,1,0,0,0,1,1,1987,0,1,0,0,0,1,6,1,1,1,0,0,0,1,0,0,0,0,1,0,0,0,0,0,0,0,0,0,0,1,1,3,1,1,4,10,1,4,1,4,1,,,,,,,1,4,,,1,1,1,1,1,1,1,1,2,1,1,0,0,2,1,1,1,1,1,3,1,1,1,1,1,3,1,1,1,1,1,1,1,1,1,1,,,1,1,0,0,0,0,,,,,,1,1,0,0,0,0,0,0,1,1,1,1,1,6,1,0,2,766.18,14,,10,,1,2,10/19/2022 13:32:00,5,1,1,1,1,1,1,1,1,1,2,,1,2,2,1,1,10,,1,2,1,1,2,,,1.72751927375793,2,1
28,"d32ryw94793x1b44",10/19/2022 13:59:00,2,2,3,2,,0,0,0,1,0,0,0,1,1,1987,0,1,0,0,0,1,6,1,1,0,0,0,0,1,0,0,0,0,0,0,0,0,0,0,0,0,1,1,0,1,1,3,1,1,1,10,1,3,2,4,1,,,,,,,1,3,,,1,1,2,1,2,1,2,1,3,2,,,,1,1,2,1,2,2,2,1,2,2,1,2,1,1,1,1,1,1,1,1,1,1,1,,,1,1,0,0,0,0,,,,,,1,1,0,0,0,0,0,0,1,1,1,1,1,6,0,1,2,608.71,14,,10,,1,2,10/19/2022 13:46:00,5,1,1,1,1,1,1,1,1,1,2,2,,3,1,1,1,10,1,,3,1,1,,1,,1.72751927375793,2,1
29,"3dy0rwmmgjgv98vm",10/19/2022 13:57:00,2,2,3,2,,0,0,0,1,0,0,0,1,1,1952,0,0,0,1,0,1,6,4,1,1,0,0,0,1,1,0,0,0,0,0,0,0,0,0,0,0,0,0,0,2,1,1,1,1,3,10,2,4,2,4,2,,,,,,,2,4,,,1,4,3,4,4,4,1,4,4,2,,,,2,2,1,1,1,1,2,4,4,2,1,1,3,1,4,1,1,4,1,1,4,1,1,,,1,1,0,0,0,0,,,,,,4,1,0,0,0,0,0,0,1,1,1,1,3,2,0,1,2,532.83,4,,12,,5,6,10/19/2022 13:47:00,8,3,1,1,1,3,2,3,1,2,2,4,,1,1,2,2,10,5,,1,1,1,,2,,2.11141228675842,2,3
33,"dspekuqnvmgjvfmd",10/19/2022 13:59:00,2,2,3,2,,0,0,0,1,0,0,0,1,1,1986,0,1,0,0,0,1,6,1,1,1,0,0,0,0,0,0,0,0,0,0,0,0,0,0,0,0,0,0,0,1,1,1,1,1,1,9,1,1,1,1,1,,,,,,,2,2,,,4,1,2,1,1,2,1,1,2,1,0,1,0,1,1,1,2,2,2,1,1,1,1,1,1,1,1,2,1,1,1,1,1,1,2,2,,,1,1,0,0,0,0,,,,,,1,1,0,0,0,0,0,0,1,1,1,1,4,6,1,0,2,332.92,14,,10,,1,2,10/19/2022 13:52:00,10,1,1,1,4,4,1,1,2,1,1,,2,1,1,1,1,9,,1,1,1,1,1,,,1.72751927375793,2,1
39,"ad65c87u722r149t",10/19/2022 14:32:00,98,1,3,1,,0,0,0,0,1,0,0,1,1,1965,0,0,1,0,0,1,4,2,1,0,0,0,1,0,1,0,0,0,0,0,0,0,0,0,0,0,0,0,0,1,1,1,1,1,4,10,1,4,1,4,1,,,,,,,1,3,,,2,4,4,4,4,4,2,4,2,1,0,0,1,1,1,1,1,3,1,3,3,3,1,2,1,3,1,1,1,1,1,1,1,4,1,1,12,,3,0,0,0,1,0,2,2,3,2,1,2,0,0,1,0,0,0,0,1,1,1,1,1,3,1,0,5,1443.9,4,,10,,5,6,10/19/2022 14:07:00,11,1,2,1,1,4,2,2,1,1,1,,4,2,3,1,2,10,,1,1,1,2,2,,,0.431166261434555,1,1
42,"aeb8p7dq8z9rxw3e",10/19/2022 14:47:00,98,1,3,1,,0,0,0,0,1,0,0,1,1,1955,0,0,0,1,0,3,1,2,1,1,0,0,0,0,0,0,0,0,0,0,0,0,0,0,0,0,0,0,0,2,2,3,2,2,3,9,2,5,2,3,1,,,,,,,1,1,,,2,1,2,3,4,4,1,1,2,2,,,,2,2,1,2,2,2,2,3,2,2,2,1,2,1,1,1,1,1,1,1,2,1,3,12,,,0,0,0,0,1,1,1,2,1,3,1,1,0,0,0,0,0,0,1,1,2,2,2,2,0,1,5,1710.83,4,,10,,5,6,10/19/2022 14:18:00,9,1,2,2,2,3,1,2,2,2,2,3,,1,3,1,1,5,2,,3,2,2,,2,,0.560516059398651,1,1
43,"9aqc2jjejwhvbpwx",10/19/2022 14:27:00,113,2,3,1,,0,0,0,0,1,0,0,1,1,1990,0,1,0,0,0,1,5,1,1,0,0,0,1,1,1,0,0,0,0,0,0,0,0,0,0,0,0,0,0,1,1,3,2,1,3,10,1,4,1,4,1,,,,,,,1,1,,,1,1,1,1,1,1,2,3,2,2,,,,1,1,1,1,1,1,4,4,4,3,1,2,3,1,1,1,1,1,1,1,2,1,1,12,,2,0,0,0,1,0,1,2,2,1,3,2,0,1,0,0,0,0,0,1,1,1,1,2,6,0,1,6,473.19,12,,13,,1,1,10/19/2022 14:19:00,11,1,1,1,1,1,2,2,2,1,3,1,,1,1,1,1,10,1,,1,1,2,,1,,0.431166261434555,1,1
47,"yp3qxd0uefn119at",10/19/2022 14:43:00,98,1,3,1,,0,0,0,0,1,0,0,1,1,1956,0,0,0,1,0,3,2,1,1,0,0,1,0,0,0,0,0,0,0,0,0,0,1,0,0,0,0,0,0,3,1,1,2,2,2,9,2,2,2,5,2,,,,,,,2,2,,,2,4,1,1,2,2,3,3,4,2,,,,1,1,1,1,1,1,3,3,3,1,3,1,2,1,1,1,1,1,1,1,2,1,1,12,,,0,0,0,0,1,1,1,2,1,3,1,1,0,0,0,0,0,0,1,1,1,1,2,3,1,0,5,1109.72,4,,10,,5,6,10/19/2022 14:24:00,8,1,3,2,2,3,1,1,1,1,1,,1,2,1,1,5,10,,2,2,1,4,2,,,0.688353061676025,1,1
51,"5qs9ubk5xgq4z1xa",10/19/2022 14:57:00,98,1,3,2,,0,0,0,1,0,0,0,1,2,1975,0,0,1,0,0,1,5,1,1,0,0,0,1,0,0,0,0,0,1,0,0,0,0,0,0,0,0,0,0,1,1,1,3,1,4,10,1,4,2,4,2,,,,,,,1,4,,,1,4,4,4,4,4,2,3,4,1,0,0,1,1,1,1,1,1,2,4,4,4,2,2,1,3,1,1,1,1,1,1,1,2,1,1,,,1,1,0,0,0,0,,,,,,4,0,0,0,1,0,0,0,1,1,1,1,1,5,0,1,5,1598.08,4,,10,,5,6,10/19/2022 14:28:00,8,1,1,1,1,4,1,2,2,1,1,1,,1,1,5,5,10,5,,1,1,2,,2,,1.91946601867676,2,1
60,"gnpeek48cvry52t9",10/19/2022 15:02:00,98,1,3,3,1,1,0,0,0,0,0,0,1,2,1965,0,0,1,0,0,1,5,1,1,0,1,0,0,0,1,0,0,0,1,0,0,0,0,0,0,0,0,0,0,1,1,1,1,1,4,10,2,4,1,4,1,,,,,,,2,5,,,1,4,4,3,4,4,1,4,4,2,,,,1,2,1,1,1,1,3,3,4,2,2,1,3,1,1,1,1,1,1,1,4,1,1,,,1,0,0,0,1,0,,,,,,2,0,0,1,0,0,0,0,1,1,1,2,1,5,1,0,5,1492.42,4,,10,,5,6,10/19/2022 14:36:00,11,1,1,1,1,4,2,2,2,2,2,,2,1,1,1,2,10,,1,1,1,2,2,,,0.440324991941452,2,1
61,"c3dt2ez12t5gkr56",10/19/2022 15:00:00,98,1,3,1,,0,0,0,0,1,0,0,1,2,1975,0,0,1,0,0,1,2,4,1,0,0,0,0,0,1,0,0,0,0,0,0,0,1,0,0,0,1,0,0,1,3,3,2,1,1,8,2,3,6,2,2,,,,,,,6,6,,,3,4,4,2,4,4,2,3,1,2,,,,2,1,1,1,2,1,1,2,3,2,2,1,1,3,3,3,3,3,3,3,3,2,2,12,,2,0,0,0,1,0,1,1,3,2,1,2,0,0,1,0,0,0,0,1,1,1,4,4,4,1,0,5,1359.24,4,,10,,5,6,10/19/2022 14:37:00,8,3,3,3,3,2,1,2,2,2,1,,4,1,1,2,2,5,,3,3,3,2,2,,,0.518354594707489,1,3
62,"4x1w2n5jrtgvg4ks",10/19/2022 15:06:00,98,1,3,1,,0,0,0,0,1,0,0,1,1,1963,0,0,1,0,0,1,1,1,1,1,0,0,0,0,1,1,0,0,0,0,0,0,0,0,0,0,0,0,0,1,2,3,2,2,2,8,2,4,1,5,1,,,,,,,5,5,,,1,4,4,4,4,4,4,1,1,2,,,,1,3,1,1,1,1,1,1,3,2,2,1,3,3,3,3,3,3,3,3,4,5,1,12,,1,0,0,0,1,0,1,3,1,2,3,1,0,0,0,0,0,0,1,1,1,1,1,1,2,1,0,5,1680.43,4,,10,,5,6,10/19/2022 14:37:00,12,1,6,1,1,4,1,1,1,1,2,,4,1,3,1,3,2,,2,1,3,1,1,,,0.403430432081223,1,1
64,"vc32t8v5sx2asju9",10/19/2022 15:07:00,4,2,3,6,1,0,0,0,0,0,1,0,1,1,1965,0,0,1,0,0,1,6,3,1,1,0,0,0,0,0,0,0,0,0,0,0,1,0,0,0,0,0,1,0,4,2,2,3,4,2,6,4,1,4,2,4,,,,,,,4,2,,,3,4,1,2,4,4,3,2,4,2,,,,1,4,1,3,4,1,1,1,1,2,1,1,1,2,3,4,3,2,2,3,2,2,2,,,1,1,0,0,0,0,,,,,,1,0,1,1,0,0,1,1,1,2,1,2,4,4,0,1,4,1637.94,14,,10,,1,2,10/19/2022 14:39:00,8,2,4,6,6,2,2,2,3,1,3,1,,2,3,1,1,0,5,,1,3,4,,1,,1.04999995231628,2,2
65,"tjeqspghat170epa",10/19/2022 14:51:00,4,2,3,2,,0,0,0,1,0,0,0,1,2,1967,0,0,1,0,0,1,2,1,1,1,0,0,1,1,0,0,0,0,0,0,0,0,0,0,0,0,0,0,0,1,1,1,1,1,4,10,1,4,2,4,1,,,,,,,1,4,,,1,4,2,1,2,2,1,4,4,2,,,,2,2,2,1,1,1,2,3,4,3,2,1,3,1,1,1,1,1,1,1,4,1,3,,,1,1,0,0,0,0,,,,,,4,1,0,0,0,0,0,0,1,2,4,4,1,1,0,1,4,694.88,14,,10,,1,2,10/19/2022 14:39:00,9,1,1,1,1,4,2,2,1,1,3,3,,1,1,5,1,10,5,,1,1,2,,2,,1.91946589946747,2,1
66,"gw9ykjfdb3ayy3zn",10/19/2022 15:03:00,98,1,3,3,1,1,0,0,0,0,0,0,1,1,1970,0,0,1,0,0,1,4,1,1,1,0,0,1,0,0,0,0,0,0,0,1,0,0,0,0,0,0,0,0,1,1,2,1,1,4,10,1,4,1,4,1,,,,,,,2,4,,,1,4,1,1,3,4,1,4,4,1,1,0,0,1,1,1,1,1,1,4,4,4,2,2,1,3,1,1,1,1,1,1,1,4,1,1,,,1,1,0,0,0,0,,,,,,1,0,1,1,1,0,0,0,1,1,1,1,1,5,1,0,5,1292.31,4,,10,,5,6,10/19/2022 14:40:00,8,1,1,6,1,4,1,1,1,1,1,,5,1,1,3,1,10,,1,1,1,1,1,,,0.427499979734421,2,1
67,"pspyd3xvuxmhrwgy",10/19/2022 15:14:00,98,1,3,3,1,1,0,0,0,0,0,0,1,2,1983,0,1,0,0,0,1,2,4,1,0,0,0,0,0,0,0,0,0,0,0,0,1,1,0,0,0,0,0,1,4,1,1,2,4,2,10,4,2,4,3,4,,,,,,,4,2,,,3,4,1,2,3,2,4,4,4,2,,,,4,2,2,4,3,1,2,3,4,2,1,2,3,2,2,1,4,2,2,4,3,2,2,,,1,1,0,0,0,0,,,,,,1,0,0,0,0,0,1,0,1,1,1,1,5,5,1,0,5,1889.26,4,,10,,5,6,10/19/2022 14:41:00,8,3,4,3,4,6,1,1,4,4,3,,4,1,1,4,4,5,,1,1,1,2,1,,,0.504157483577728,2,3
69,"ha5vfu3kn9dwcymw",10/19/2022 15:29:00,98,1,3,1,,0,0,0,0,1,0,0,1,2,1969,0,0,1,0,0,3,1,3,1,0,0,0,0,0,0,0,0,0,0,0,0,0,0,0,1,0,0,0,0,2,1,1,3,3,3,10,5,5,2,5,2,,,,,,,5,2,,,6,3,3,4,4,4,2,2,1,2,,,,2,2,2,2,2,2,2,3,2,2,3,2,3,4,4,4,4,4,4,4,3,1,1,12,,,1,0,0,0,0,1,2,2,3,1,1,0,0,1,0,0,0,1,1,1,1,1,3,2,0,1,5,2213.5,3,,10,,5,6,10/19/2022 14:45:00,11,2,2,2,2,3,2,2,2,2,2,4,,1,3,2,4,6,2,,1,2,1,,1,,0.588541865348816,1,2
71,"9qa3wse6jqdhu7ce",10/19/2022 18:28:00,113,2,3,5,2,0,1,0,0,0,0,0,1,1,1980,0,0,1,0,0,1,3,3,1,1,0,0,0,1,0,0,0,0,0,0,0,0,0,0,0,0,0,0,1,2,1,1,2,3,4,10,2,4,3,4,4,,,,,,,2,4,,,6,1,1,3,1,1,3,2,2,1,1,0,0,1,1,1,2,1,1,3,3,4,2,1,1,3,4,4,1,1,4,1,4,4,1,5,,,2,0,0,0,1,0,,,,,,4,0,1,0,0,0,0,0,1,1,1,2,3,4,1,0,6,13028.71,4,,12,,5,6,10/19/2022 14:51:00,8,2,1,1,1,6,2,1,1,1,3,,1,2,3,3,1,10,,1,1,1,2,2,,"85053",0.880649983882904,2,2
72,"htze2rjmzsb0h153",10/19/2022 15:22:00,98,1,3,1,,0,0,0,0,1,0,0,1,2,1950,0,0,0,1,0,3,2,1,1,1,0,0,0,0,0,1,0,0,0,0,0,0,1,0,0,0,0,0,0,2,1,1,2,2,4,5,2,4,2,6,2,,,,,,,4,2,,,2,4,4,4,4,4,3,3,1,2,,,,4,1,1,1,1,4,2,4,1,2,3,1,1,4,4,4,4,4,4,4,4,1,1,12,,,0,1,0,0,0,1,1,1,2,3,4,1,0,0,0,0,0,0,1,1,1,1,1,1,1,0,5,1237.88,4,,10,,5,6,10/19/2022 14:55:00,11,1,1,2,1,4,1,1,1,2,3,,1,1,2,1,1,0,,1,1,1,2,2,,,0.647396087646484,1,1
74,"u0m9q5g9m1x3r96h",10/19/2022 15:21:00,4,2,3,5,1,0,1,0,0,0,0,0,1,2,1976,0,0,1,0,0,1,6,1,1,0,1,0,0,0,0,0,0,0,0,0,1,0,0,0,1,0,0,0,0,2,1,3,3,3,3,8,2,4,2,4,2,,,,,,,2,5,,,2,3,4,4,3,3,2,1,4,1,1,0,0,1,3,1,2,2,2,3,3,3,3,3,1,1,1,4,1,4,4,1,1,2,1,1,,,1,0,0,0,1,0,,,,,,1,0,1,0,0,0,0,0,1,2,2,2,1,1,0,1,4,1420.69,14,,10,,1,2,10/19/2022 14:57:00,3,1,1,2,2,4,2,2,2,2,2,3,,2,3,1,3,5,1,,1,2,2,,2,,0.880649983882904,2,1
78,"jutp83ay5sy55wwy",10/19/2022 15:08:00,113,2,3,1,,0,0,0,0,1,0,0,1,1,1994,1,0,0,0,0,1,1,3,1,0,0,0,0,0,1,1,0,0,0,0,0,0,1,0,0,0,0,0,0,2,2,2,2,2,2,6,4,2,2,3,2,,,,,,,3,2,,,2,2,1,2,3,1,2,3,2,1,1,0,0,2,3,3,2,2,1,2,2,3,2,1,1,2,2,3,2,3,3,3,3,2,1,2,12,,1,1,0,0,0,0,4,2,2,1,3,1,0,0,1,0,0,0,0,3,1,2,1,3,1,1,0,6,408.04,12,,13,,1,1,10/19/2022 15:00:00,8,2,3,2,3,3,2,2,3,2,2,,2,2,2,2,2,5,,2,2,2,2,2,,,0.635402858257294,1,2
80,"ft54kbc8j528agav",10/19/2022 15:55:00,4,2,3,1,,0,0,0,0,1,0,0,1,1,1999,1,0,0,0,0,1,2,3,1,1,1,0,0,1,0,0,0,0,0,0,0,0,0,0,0,0,0,0,0,2,1,2,2,1,3,9,2,4,2,4,1,,,,,,,2,3,,,1,4,2,1,1,1,4,4,4,2,,,,1,1,1,3,1,1,4,4,4,3,3,2,3,1,1,1,1,1,1,3,4,5,5,12,,2,0,1,0,0,0,2,4,3,1,2,4,1,0,0,0,0,0,0,1,2,3,4,2,3,1,0,4,2935.72,14,,10,,1,2,10/19/2022 15:02:00,8,2,2,6,6,2,1,2,1,1,1,,3,1,1,4,1,10,,5,4,1,2,2,,,0.502329587936401,1,2
82,"gx1j26kjdcq7wy1g",10/19/2022 15:20:00,3,2,3,2,,0,0,0,1,0,0,0,1,2,1960,0,0,0,1,0,1,4,5,1,1,0,0,0,0,0,0,0,0,0,0,0,0,0,0,1,0,1,0,0,4,1,1,2,3,2,10,4,2,4,2,4,,,,,,,4,3,,,4,4,4,4,4,4,4,2,4,1,0,0,1,3,4,1,2,3,2,1,2,2,1,2,1,3,2,2,2,2,2,2,2,2,2,2,,,1,1,0,0,0,0,,,,,,1,1,0,0,0,0,0,0,1,1,1,1,5,4,0,1,3,809.86,12,,11,,1,1,10/19/2022 15:06:00,12,3,4,4,4,1,2,4,3,2,3,2,,2,3,2,2,4,3,,3,4,2,,2,,2.41749739646912,2,3
83,"5wmucxtvyfz240gn",10/19/2022 15:35:00,98,1,3,1,,0,0,0,0,1,0,0,1,2,1935,0,0,0,1,0,1,3,1,1,1,0,0,0,0,1,0,0,0,0,0,0,0,0,0,0,0,0,0,0,2,3,3,4,2,4,5,5,4,6,4,2,,,,,,,1,6,,,1,4,4,4,4,4,4,1,2,2,,,,2,2,2,1,2,2,2,3,2,2,2,2,2,1,1,1,1,1,1,1,4,1,1,12,,1,1,0,0,0,0,1,2,2,3,1,1,1,0,0,0,0,0,0,1,1,1,1,2,5,1,0,5,1655.23,4,,10,,5,6,10/19/2022 15:06:00,8,1,6,6,6,6,1,2,2,2,2,,4,1,3,1,2,9,,2,2,2,1,2,,,0.452390402555466,1,1
84,"txa9tpk5v69wa2x3",10/19/2022 15:21:00,3,2,3,6,1,0,0,0,0,0,1,0,1,2,1970,0,0,1,0,0,1,5,2,1,1,0,0,1,0,0,0,0,0,0,0,0,0,0,0,0,0,0,1,0,3,1,1,2,2,1,6,3,4,2,3,2,,,,,,,2,5,,,2,4,4,4,4,3,3,3,4,1,1,1,0,3,3,1,1,1,1,3,4,3,2,3,1,3,4,4,4,4,4,4,4,3,1,1,,,1,1,0,0,0,0,,,,,,4,0,1,0,1,0,1,0,1,1,1,1,2,1,1,0,3,836.15,12,,11,,1,1,10/19/2022 15:06:00,11,1,1,6,1,3,2,2,2,1,4,,1,1,2,1,1,6,,2,2,2,2,1,,,0.854999959468842,2,1
85,"ew5bu3xacc62m7ud",10/19/2022 15:15:00,3,2,3,2,,0,0,0,1,0,0,0,1,1,1961,0,0,0,1,0,1,2,4,1,0,0,0,0,0,0,0,0,0,0,0,0,0,0,0,0,0,1,1,1,4,1,1,1,2,1,8,4,5,4,2,4,,,,,,,3,3,,,4,4,4,2,3,3,4,1,4,1,1,1,0,3,2,2,2,2,2,2,2,2,1,3,2,2,2,2,3,1,2,1,3,2,2,2,,,1,1,0,0,0,0,,,,,,3,1,0,0,0,0,0,0,1,3,1,4,5,3,1,0,3,465.69,14,,10,,1,2,10/19/2022 15:07:00,11,3,4,4,4,1,2,2,3,3,3,,2,2,2,3,4,4,,3,4,4,2,1,,,2.54473376274109,2,3
86,"zykaq13gkbx4ytbk",10/19/2022 15:18:00,3,2,3,2,,0,0,0,1,0,0,0,1,2,1964,0,0,1,0,0,1,4,4,1,1,0,0,0,0,0,0,0,0,0,0,0,0,1,0,0,0,0,1,0,3,1,1,3,2,2,8,3,2,3,2,2,,,,,,,2,2,,,2,4,2,3,1,1,3,4,4,2,,,,1,3,1,2,1,1,3,3,2,2,2,2,1,2,3,2,1,1,1,1,3,2,2,,,1,1,0,0,0,0,,,,,,1,1,0,0,0,0,0,0,1,3,1,3,3,2,0,1,3,605.88,12,,10,,1,1,10/19/2022 15:07:00,9,3,1,3,1,1,2,3,2,2,1,1,,2,3,1,1,3,2,,1,4,2,,2,,1.70009708404541,2,3
88,"yb6x775mcxm66xw4",10/19/2022 15:19:00,3,2,3,2,,0,0,0,1,0,0,0,1,1,1963,0,0,1,0,0,1,5,5,1,1,0,0,0,0,0,0,1,0,0,0,0,0,0,0,0,0,0,0,0,4,1,3,1,1,1,10,4,1,4,1,4,,,,,,,4,2,,,4,3,2,1,1,1,4,4,4,2,,,,4,3,3,4,3,4,1,1,1,1,2,2,2,2,2,2,2,2,2,2,1,2,2,,,1,1,0,0,0,0,,,,,,1,0,0,0,0,0,1,0,1,1,1,1,5,6,1,0,3,687.67,14,,10,,1,2,10/19/2022 15:07:00,11,3,4,4,4,4,2,2,4,4,1,,1,3,3,2,1,0,,3,4,4,3,1,,,2.54473447799683,2,3
89,"jqep4mmuxf4g9ak3",10/19/2022 15:26:00,3,2,3,2,,0,0,0,1,0,0,0,1,1,1947,0,0,0,1,0,1,3,5,1,1,0,0,0,0,0,0,1,0,0,0,0,0,0,0,1,0,0,0,0,4,1,1,2,1,2,9,4,1,4,1,4,,,,,,,4,4,,,4,4,4,4,4,4,4,1,4,2,,,,4,3,2,3,3,2,1,2,1,1,3,2,1,2,2,2,3,2,3,2,1,2,2,,,1,1,0,0,0,0,,,,,,4,1,0,0,0,0,0,0,1,3,1,3,4,3,1,0,3,1106.88,4,,10,,5,6,10/19/2022 15:07:00,9,3,4,4,4,1,1,2,4,4,3,,1,3,2,1,3,1,,4,4,4,2,2,,,2.54473376274109,2,3
90,"60mjcm92eg31xaxv",10/19/2022 15:15:00,3,2,3,2,,0,0,0,1,0,0,0,1,2,1987,0,1,0,0,0,1,2,5,1,1,0,0,0,0,0,0,0,0,0,0,0,0,0,0,0,0,0,0,0,4,1,1,4,4,1,10,6,1,4,1,6,,,,,,,4,6,,,4,4,1,1,4,4,1,1,4,1,0,1,0,4,1,1,1,4,1,4,4,4,2,1,1,1,2,2,2,2,2,2,2,3,2,2,,,1,1,0,0,0,0,,,,,,1,1,0,0,0,0,0,0,1,1,1,1,5,1,0,1,3,380.1,12,,11,,1,1,10/19/2022 15:08:00,12,3,4,4,4,4,1,1,1,1,1,1,,1,3,1,5,10,4,,4,3,4,,2,,2.41749739646912,2,3
91,"gd36jv68r7nwc25b",10/19/2022 15:14:00,3,2,3,2,,0,0,0,1,0,0,0,1,1,1987,0,1,0,0,0,1,2,3,1,0,0,0,0,0,0,0,0,0,0,0,0,0,0,0,0,0,0,1,0,1,1,1,1,4,4,4,1,4,1,4,4,,,,,,,4,3,,,5,4,4,3,1,2,4,4,4,2,,,,3,2,3,2,3,4,4,1,3,2,2,1,2,1,3,4,3,4,1,2,2,1,2,,,1,1,0,0,0,0,,,,,,4,0,1,0,1,0,0,1,2,3,1,4,2,1,0,1,3,358.15,4,,10,,5,6,10/19/2022 15:08:00,8,2,5,1,5,5,2,2,2,2,3,1,,2,1,2,3,5,1,,1,1,1,,1,,1.89051735401154,2,2
95,"ds39bvkjhah9ymw0",10/19/2022 15:20:00,3,2,3,2,,0,0,0,1,0,0,0,1,1,1976,0,0,1,0,0,1,3,5,1,0,0,0,1,0,0,0,1,0,0,0,0,0,0,0,0,0,1,0,0,4,1,3,1,3,1,10,4,1,4,1,4,,,,,,,4,4,,,4,4,2,4,4,4,4,2,4,1,0,1,0,4,2,2,3,3,2,1,1,1,3,2,2,1,2,2,2,1,2,2,2,1,2,2,,,1,1,0,0,0,0,,,,,,2,1,0,0,0,0,0,0,1,1,1,1,4,4,1,0,3,625.5,14,,10,,1,2,10/19/2022 15:09:00,11,3,4,4,4,6,1,1,4,1,2,,1,3,3,2,4,0,,4,4,4,2,1,,,2.54473376274109,2,3
96,"a2908eu9bpzkgmux",10/19/2022 15:22:00,3,2,3,2,,0,0,0,1,0,0,0,1,2,1956,0,0,0,1,0,1,4,3,1,1,0,0,0,0,0,0,0,0,0,0,0,0,0,0,1,1,0,0,0,2,1,3,3,2,2,7,2,4,2,3,3,,,,,,,2,6,,,6,4,4,1,3,3,3,3,4,2,,,,4,1,3,1,3,1,3,3,4,1,3,2,2,4,4,4,4,4,4,4,3,1,1,,,1,1,0,0,0,0,,,,,,2,1,0,0,0,0,0,0,1,3,1,3,3,2,0,1,3,735.18,14,,10,,1,2,10/19/2022 15:10:00,9,2,6,6,6,6,2,2,2,3,2,1,,1,3,2,2,9,5,,1,1,2,,2,,1.835453748703,2,2
97,"a0d8fx9ac3nb787z",10/19/2022 15:32:00,3,2,3,2,,0,0,0,1,0,0,0,1,1,1957,0,0,0,1,0,1,3,3,1,1,0,0,0,1,1,0,0,0,0,0,0,0,0,0,0,0,0,0,0,3,2,3,2,2,2,7,3,3,3,3,3,,,,,,,3,2,,,2,4,4,1,3,3,4,4,4,1,0,0,1,4,2,2,1,3,2,2,3,3,2,3,1,3,2,2,4,1,2,4,1,3,5,4,,,1,0,0,0,1,0,,,,,,3,1,0,0,0,0,0,0,4,4,4,4,3,3,1,0,3,1279.18,14,,10,,1,2,10/19/2022 15:10:00,8,2,6,3,6,2,2,2,2,3,2,,2,2,3,2,2,10,,5,1,2,2,2,,,1.76258623600006,2,2
98,"sbgz0bg506er4g86",10/19/2022 15:31:00,3,2,3,4,1,0,0,1,0,0,0,0,1,1,1937,0,0,0,1,0,3,6,2,1,1,0,0,0,0,0,0,1,0,1,0,0,0,0,0,0,0,0,0,0,1,1,1,3,2,3,7,1,4,1,3,2,,,,,,,1,6,,,1,4,4,3,4,3,1,4,4,1,0,1,0,2,1,1,1,1,1,3,3,3,3,2,2,2,4,3,3,1,1,1,1,3,1,1,,,,1,0,0,0,0,,,,,,3,1,0,0,0,0,0,0,2,2,2,2,1,3,0,1,3,1227.75,12,,10,,1,1,10/19/2022 15:11:00,8,1,1,1,1,4,2,1,2,2,1,3,,1,3,5,3,10,1,,1,1,2,,2,,0.880649983882904,2,1
99,"bz3awjxumn61092v",10/19/2022 15:37:00,98,1,3,1,,0,0,0,0,1,0,0,1,1,1979,0,0,1,0,0,3,4,5,1,1,1,0,0,0,0,1,0,0,0,0,0,0,0,0,0,0,0,0,0,4,1,3,1,4,1,10,4,1,3,1,4,,,,,,,4,1,,,4,4,3,1,1,4,2,1,1,2,,,,3,3,3,3,1,3,1,1,1,2,2,1,1,2,2,2,2,2,2,2,4,2,2,12,,,1,0,0,0,0,3,3,3,1,2,2,1,0,0,0,0,0,0,1,1,1,1,5,3,0,1,5,1376.6,4,,10,,5,6,10/19/2022 15:11:00,8,3,4,4,4,1,1,1,2,2,4,4,,3,2,1,5,0,5,,4,4,1,,1,,0.641772270202637,1,3
101,"tuacsjz62r9uaykr",10/19/2022 15:24:00,3,2,3,1,,0,0,0,0,1,0,0,1,1,1970,0,0,1,0,0,1,3,4,1,0,0,0,0,0,0,0,0,0,0,0,0,0,1,0,1,0,0,1,0,3,1,1,1,2,1,10,4,1,4,2,2,,,,,,,1,3,,,3,4,4,4,1,1,1,1,4,2,,,,2,1,1,4,1,1,1,1,1,2,2,1,2,1,2,1,1,2,1,2,2,2,2,12,,1,0,0,0,0,1,4,4,2,3,1,1,1,0,0,0,0,0,0,1,1,1,4,3,3,1,0,3,724.29,14,,10,,1,2,10/19/2022 15:11:00,8,3,1,4,3,3,2,2,3,2,1,,1,3,1,2,1,5,,4,3,3,3,2,,,0.401989251375198,1,3
102,"t7dwa59czdebazhk",10/19/2022 15:24:00,3,2,3,3,1,1,0,0,0,0,0,0,1,2,1985,0,1,0,0,0,1,5,2,1,1,0,1,0,0,0,0,0,0,1,0,0,0,0,0,0,0,0,0,0,2,2,1,3,3,4,5,2,4,2,4,3,,,,,,,5,5,,,2,4,2,2,1,2,3,3,4,2,,,,1,2,2,1,2,1,2,3,3,2,3,2,2,3,3,1,1,3,1,1,3,1,5,,,1,1,0,0,0,0,,,,,,4,0,1,1,1,0,0,0,1,3,4,3,2,5,0,1,3,725.65,14,,10,,1,2,10/19/2022 15:12:00,12,1,2,2,2,3,1,2,2,1,2,2,,1,3,5,2,9,1,,1,1,1,,1,,0.440324991941452,2,1
103,"vn38ynk0vjfuj6b9",10/19/2022 15:33:00,3,2,3,2,,0,0,0,1,0,0,0,1,2,1961,0,0,0,1,0,1,2,3,1,1,0,0,0,0,0,0,1,0,0,0,0,0,0,0,0,0,0,1,0,4,2,3,1,2,2,6,4,1,4,3,3,,,,,,,3,3,,,3,4,1,1,3,4,2,1,4,2,,,,4,4,1,1,2,1,4,3,3,3,3,2,1,2,2,4,2,2,2,4,4,2,4,,,1,1,0,0,0,0,,,,,,1,1,0,0,0,0,0,0,1,4,4,4,4,2,1,0,3,1152.49,14,,10,,1,2,10/19/2022 15:13:00,11,2,3,2,6,2,1,2,2,3,1,,4,1,3,3,1,5,,5,1,4,1,2,,,2.72943449020386,2,2
104,"hrjskybtt5ks5b4f",10/19/2022 15:22:00,3,2,3,2,,0,0,0,1,0,0,0,1,1,1955,0,0,0,1,0,1,6,3,1,0,1,0,0,0,0,0,0,0,0,0,0,0,1,1,0,0,0,0,0,2,1,1,1,1,1,1,2,4,2,4,3,,,,,,,2,2,,,1,4,3,4,1,1,1,3,3,1,1,0,1,3,1,1,3,1,1,4,4,4,2,3,1,3,4,4,1,1,1,1,4,4,5,5,,,1,1,0,0,0,0,,,,,,3,0,1,0,1,0,1,0,1,1,1,1,2,2,1,0,3,503.98,4,,10,,5,6,10/19/2022 15:13:00,11,2,1,1,1,4,2,2,2,2,2,,5,2,3,3,1,10,,1,1,1,1,2,,,1.91946589946747,2,2
106,"1wm6kex129nvuak1",10/19/2022 15:30:00,3,2,3,2,,0,0,0,1,0,0,0,1,2,1945,0,0,0,1,0,1,6,5,1,1,0,0,0,0,0,0,0,1,0,0,0,0,0,0,0,0,1,0,0,4,1,3,2,4,1,10,4,1,4,2,4,,,,,,,4,3,,,4,4,4,4,4,4,4,4,4,2,,,,4,4,1,4,3,3,4,4,4,1,2,2,1,2,2,2,2,2,2,2,1,2,2,,,2,1,0,0,0,0,,,,,,4,1,0,0,0,0,0,0,1,1,1,1,5,4,0,1,3,951.92,13,,11,,5,6,10/19/2022 15:14:00,8,3,4,4,4,1,2,2,4,4,5,1,,3,3,3,4,0,5,,4,4,1,,2,,2.41749739646912,2,3
107,"9he653y3r8wjq6cr",10/19/2022 15:41:00,98,1,3,3,1,1,0,0,0,0,0,0,1,1,1955,0,0,0,1,0,1,2,5,1,1,0,0,0,0,0,0,0,0,1,0,0,0,0,0,0,0,0,0,0,4,1,1,1,4,1,10,4,1,4,1,4,,,,,,,4,4,,,4,4,4,4,4,4,4,1,4,2,,,,4,3,1,2,3,3,3,2,3,2,2,1,1,2,2,2,4,2,4,2,4,2,2,,,1,1,0,0,0,0,,,,,,1,1,0,0,0,0,0,0,1,1,1,1,5,2,0,1,5,1493.26,4,,10,,5,6,10/19/2022 15:14:00,8,3,4,4,4,1,1,2,4,2,3,5,,1,2,1,3,0,5,,4,4,2,,1,,0.504157483577728,2,3
108,"a60umk2wc4p9jd7t",10/19/2022 15:28:00,3,2,3,2,,0,0,0,1,0,0,0,1,1,1951,0,0,0,1,0,1,4,1,1,1,0,0,1,0,0,0,0,0,1,0,0,0,0,0,0,0,0,0,0,2,1,1,2,1,4,10,1,4,1,4,2,,,,,,,1,2,,,1,4,2,1,2,4,1,4,4,1,0,0,1,2,3,1,1,2,2,2,2,3,3,2,1,3,3,3,3,3,1,3,1,3,1,1,,,1,1,0,0,0,0,,,,,,1,1,0,0,0,0,0,0,1,1,1,1,2,6,1,0,3,793.97,12,,13,,1,1,10/19/2022 15:14:00,8,1,1,1,1,3,1,2,1,1,3,,2,2,3,2,3,10,,5,1,1,2,2,,,1.72751927375793,2,1
109,"940yvpkb5mgxx676",10/19/2022 15:26:00,3,2,3,2,,0,0,0,1,0,0,0,1,2,1962,0,0,0,1,0,1,4,3,1,0,0,0,1,0,0,0,0,0,0,0,0,0,0,0,1,1,0,0,0,2,1,1,1,3,2,10,2,4,4,4,2,,,,,,,2,4,,,2,4,2,3,1,2,1,4,4,1,0,1,0,3,2,1,3,1,1,3,4,4,1,3,1,3,4,4,4,1,3,1,4,4,1,1,,,1,0,0,0,1,0,,,,,,4,1,0,0,0,0,0,0,1,1,1,1,2,2,0,1,3,595.96,13,,10,,5,6,10/19/2022 15:15:00,8,2,1,1,2,3,2,2,2,1,2,3,,1,3,2,2,10,1,,1,1,2,,2,,1.91946589946747,2,2
110,"4ss40sgn291z0qfa",10/19/2022 15:22:00,3,2,3,2,,0,0,0,1,0,0,0,1,2,1994,1,0,0,0,0,1,3,2,1,0,0,1,1,0,0,0,0,0,0,0,0,0,0,0,0,0,0,0,1,2,1,1,2,1,1,5,2,4,2,3,3,,,,,,,2,4,,,2,2,1,1,3,1,1,4,4,1,0,1,0,1,2,1,1,1,1,2,3,3,3,2,2,3,4,1,1,1,1,1,1,2,1,1,,,1,1,0,0,0,0,,,,,,1,0,0,0,1,0,0,0,1,1,1,1,2,4,1,0,3,390.95,12,,13,,1,1,10/19/2022 15:16:00,8,1,2,2,2,2,2,2,2,2,3,,3,2,3,3,3,5,,1,1,1,1,2,,,1.91946589946747,2,1
111,"6u32q1mnbkve9051",10/19/2022 15:27:00,3,2,3,2,,0,0,0,1,0,0,0,1,2,1957,0,0,0,1,0,1,3,3,1,1,0,0,0,0,0,0,0,0,0,0,0,0,0,0,0,1,0,0,0,4,3,1,3,3,3,0,4,4,4,4,4,,,,,,,4,5,,,6,4,4,4,4,4,4,4,4,2,,,,4,2,3,4,2,2,1,4,3,1,3,2,1,4,4,4,4,4,4,4,2,2,5,,,1,1,0,0,0,0,,,,,,4,1,0,0,0,0,0,0,1,4,4,4,6,2,1,0,3,687.9,15,,10,,5,6,10/19/2022 15:16:00,9,2,6,6,6,6,3,2,4,3,3,,2,1,3,1,3,0,,5,4,4,2,2,,,1.835453748703,2,2
112,"fjcahtfqt6femt2w",10/19/2022 15:27:00,3,2,3,2,,0,0,0,1,0,0,0,1,2,1959,0,0,0,1,0,1,4,5,1,1,0,0,0,0,0,0,0,0,0,0,0,0,0,0,1,0,1,0,0,4,1,3,1,4,1,10,4,1,4,3,4,,,,,,,4,4,,,4,4,3,1,2,2,4,1,4,2,,,,4,2,2,4,2,3,1,2,2,1,2,2,1,2,2,2,2,2,2,2,1,2,2,,,1,1,0,0,0,0,,,,,,1,1,0,0,0,0,0,0,1,1,1,1,5,5,1,0,3,658.9,12,,11,,1,6,10/19/2022 15:16:00,14,3,4,4,6,6,2,2,4,3,4,,1,3,3,1,2,0,,5,3,4,1,1,,,2.41749739646912,2,3
114,"zh78sghj15q8jph3",10/19/2022 15:50:00,98,1,3,1,,0,0,0,0,1,0,0,1,1,1936,0,0,0,1,0,3,1,3,1,0,1,0,0,0,0,0,0,0,0,0,0,0,1,0,0,0,0,0,0,2,2,3,2,2,3,8,2,5,2,3,2,,,,,,,2,2,,,2,2,3,4,4,4,1,1,1,2,,,,2,2,2,2,2,2,2,2,2,2,2,1,2,1,1,1,1,1,1,1,2,3,3,12,,,0,0,0,0,1,1,1,2,1,3,2,1,0,0,0,0,0,0,2,2,2,2,2,2,0,1,5,2036.83,4,,10,,5,6,10/19/2022 15:16:00,8,2,2,2,2,3,2,2,2,2,2,2,,1,3,2,1,8,2,,3,2,2,,2,,0.67261928319931,1,2
116,"q28pvd7kgdv7y5nf",10/19/2022 15:32:00,3,2,3,2,,0,0,0,1,0,0,0,1,2,1995,1,0,0,0,0,1,1,5,1,1,0,0,0,0,0,0,0,0,0,0,1,1,0,0,0,0,0,0,0,2,3,1,3,2,1,5,5,4,5,2,4,,,,,,,2,2,,,4,4,1,1,3,3,4,4,4,1,0,1,0,1,3,2,2,1,2,1,1,1,3,3,1,2,4,4,4,4,4,4,4,2,5,5,,,1,1,0,0,0,0,,,,,,4,0,0,0,0,0,0,1,3,3,3,3,3,5,0,1,3,922.22,14,,10,,1,2,10/19/2022 15:16:00,12,3,6,6,6,6,2,1,2,2,4,1,,2,2,1,3,7,1,,1,2,2,,1,,1.835453748703,2,3
123,"cq678ray52b35fd6",10/19/2022 15:52:00,98,1,3,3,1,1,0,0,0,0,0,0,1,1,1973,0,0,1,0,0,1,3,2,1,1,0,0,0,0,0,0,0,0,0,1,0,0,0,0,0,0,0,1,0,2,2,1,2,2,4,5,2,4,2,4,2,,,,,,,5,5,,,1,4,2,2,2,4,2,2,4,2,,,,2,2,2,2,2,2,3,3,3,2,2,1,3,2,4,4,1,3,1,1,3,1,1,,,1,1,0,0,0,0,,,,,,1,0,1,0,0,0,0,0,1,2,2,2,2,3,0,1,5,1256.36,13,,10,,5,6,10/19/2022 15:20:00,11,1,2,2,1,4,1,2,2,2,3,3,,1,1,5,2,10,5,,2,1,2,,2,,0.440324991941452,2,1
124,"anwaugs7fka7byfs",10/19/2022 15:54:00,98,1,3,3,1,1,0,0,0,0,0,0,1,2,1985,0,1,0,0,0,1,5,1,1,0,0,0,0,0,0,0,0,0,0,0,0,0,1,0,0,0,0,0,0,1,1,3,3,1,3,7,2,3,2,3,2,,,,,,,2,3,,,2,4,3,2,3,2,2,2,3,2,,,,1,1,1,2,1,1,4,4,4,3,2,2,3,1,1,1,1,1,1,1,2,1,1,,,1,1,0,0,0,0,,,,,,1,0,0,1,0,0,0,0,1,1,1,1,1,4,1,0,5,1812.02,4,,10,,5,6,10/19/2022 15:21:00,8,1,1,2,2,3,2,2,1,1,1,,1,2,1,1,2,7,,1,2,2,1,1,,,0.440324991941452,2,1
128,"nfj3sh84pmhf80a1",10/19/2022 15:47:00,98,1,3,2,,0,0,0,1,0,0,0,1,2,1960,0,0,0,1,0,1,3,6,1,0,0,0,1,0,0,0,0,0,0,0,0,0,0,0,0,1,0,1,0,1,1,1,2,1,4,4,2,4,2,4,2,,,,,,,1,3,,,1,4,3,3,3,3,2,3,4,2,,,,1,1,1,1,1,1,4,4,4,2,2,2,3,1,1,1,1,4,1,4,2,1,1,,,1,1,0,0,0,0,,,,,,2,0,0,1,0,0,0,0,1,1,1,1,1,3,0,1,5,955.69,4,,10,,5,6,10/19/2022 15:31:00,11,2,1,1,1,4,1,1,1,1,4,2,,1,3,1,2,4,4,,2,2,2,,2,,1.91946589946747,2,2
130,"wtg7e25mnwv8z7c5",10/19/2022 15:43:00,113,2,3,1,,0,0,0,0,1,0,0,1,1,1988,0,1,0,0,0,1,4,1,1,0,0,0,0,0,0,0,1,1,0,0,0,1,0,0,0,0,0,0,0,1,1,2,1,1,4,10,1,4,1,4,1,,,,,,,1,1,,,1,4,4,4,1,4,1,1,1,1,1,0,0,1,1,1,1,1,1,4,4,4,2,2,1,1,1,1,1,1,1,1,1,3,1,1,12,,2,0,1,1,0,0,1,1,1,3,2,4,1,0,0,0,0,0,0,1,1,1,1,1,2,0,1,6,436.33,4,,10,,5,6,10/19/2022 15:35:00,8,1,1,1,1,4,2,2,1,1,3,1,,1,1,1,1,10,1,,1,1,1,,2,,0.431166261434555,1,1
131,"ep19j47j9q1kky8x",10/19/2022 15:49:00,113,2,3,1,,0,0,0,0,1,0,0,1,1,2003,1,0,0,0,0,1,2,3,1,1,0,0,0,0,0,0,0,0,0,0,1,0,0,0,1,0,0,0,0,3,3,1,3,3,3,0,5,4,5,4,6,,,,,,,6,5,,,5,4,1,1,2,2,2,2,2,1,1,0,0,1,1,1,3,1,1,1,3,3,2,3,2,3,3,3,3,3,3,3,3,4,5,5,12,,2,0,0,1,0,0,1,1,2,1,3,1,0,1,0,0,0,0,0,4,4,4,4,3,2,1,0,6,515.98,14,,10,,1,2,10/19/2022 15:40:00,8,2,5,5,5,5,1,1,2,1,1,,3,1,1,3,3,10,,5,1,1,4,2,,,0.28200963139534,1,2
134,"qhss7tdku7vh9efc",10/19/2022 16:02:00,98,1,3,1,,0,0,0,0,1,0,0,1,2,1986,0,1,0,0,0,3,2,3,1,0,0,0,0,0,0,0,0,0,0,1,0,1,0,0,1,0,0,0,0,2,3,3,3,2,3,7,1,4,1,4,2,,,,,,,2,6,,,1,4,4,3,3,4,2,2,1,2,,,,2,1,1,2,2,1,3,4,3,1,2,2,3,1,3,1,1,1,3,1,4,1,3,12,,,0,0,0,1,0,1,1,2,1,3,2,0,0,0,0,1,0,0,1,2,3,4,2,4,1,0,5,1251.81,4,,10,,5,6,10/19/2022 15:41:00,8,2,1,2,2,3,2,2,2,2,1,,3,2,1,2,2,10,,1,1,1,1,2,,,0.588541865348816,1,2
139,"56179gbu5ssmqb1x",10/19/2022 16:31:00,113,2,3,1,,0,0,0,0,1,0,0,1,1,1995,1,0,0,0,0,1,2,3,1,1,0,0,0,1,0,0,0,0,0,0,0,0,0,0,1,0,0,0,0,3,1,3,2,1,1,10,3,3,6,6,6,,,,,,,6,6,,,6,2,1,1,1,1,2,2,4,2,,,,2,2,2,2,3,3,3,3,3,3,2,1,2,3,3,3,3,3,3,3,2,1,5,12,,3,1,0,0,0,0,6,4,2,3,1,2,1,0,0,0,0,0,0,1,4,4,4,3,4,0,1,6,2512.84,14,,10,,1,2,10/19/2022 15:48:00,8,2,6,6,6,6,1,1,1,1,3,3,,2,3,3,3,5,2,,3,3,4,,1,,0.470016032457352,1,2
143,"6d0yhwjmrztxvska",10/19/2022 16:23:00,98,1,3,2,,0,0,0,1,0,0,0,1,2,1947,0,0,0,1,0,1,4,1,1,1,0,0,1,0,0,0,0,0,0,0,0,0,0,0,0,0,0,0,0,1,1,1,1,1,4,10,1,4,2,4,1,,,,,,,1,3,,,1,4,4,4,4,4,1,4,4,1,1,0,0,4,1,1,1,1,1,4,4,4,2,2,1,3,1,1,1,1,1,1,1,4,1,1,,,1,1,0,0,0,0,,,,,,3,1,0,0,0,0,0,0,1,1,1,1,2,6,0,1,5,1256.82,4,,10,,5,6,10/19/2022 15:59:00,8,1,1,1,1,4,2,1,1,1,1,1,,1,3,2,1,10,5,,1,1,2,,2,,1.91946589946747,2,1
145,"b0u5wqnp89h8wktv",10/19/2022 16:08:00,98,1,3,1,,0,0,0,0,1,0,0,1,2,1992,0,1,0,0,0,3,2,1,1,1,0,0,0,1,0,0,0,0,0,0,0,0,1,0,0,0,0,0,0,2,2,1,1,1,1,5,2,3,2,2,2,,,,,,,2,2,,,1,1,1,1,4,1,4,4,4,2,,,,1,1,1,1,1,1,1,1,1,2,2,1,2,3,3,3,3,3,3,3,2,2,1,12,,,1,0,0,0,0,1,1,2,1,3,4,1,0,0,0,0,0,0,1,1,3,3,3,3,1,0,5,355.1,4,,10,,5,6,10/19/2022 16:02:00,3,1,1,1,1,3,2,2,2,2,2,,2,2,2,1,1,5,,2,2,2,1,1,,,0.647396087646484,1,1
149,"umfzbb7qyx4r450p",10/19/2022 16:41:00,98,1,3,3,1,1,0,0,0,0,0,0,1,2,1983,0,1,0,0,0,1,5,1,1,0,0,0,0,0,1,0,0,0,0,0,0,0,0,0,0,0,0,1,0,1,1,3,2,1,3,6,2,4,2,3,2,,,,,,,2,3,,,1,4,3,1,2,1,2,4,4,2,,,,1,1,1,1,1,2,4,4,4,1,1,2,3,1,1,1,1,1,1,1,2,1,1,,,1,1,0,0,0,0,,,,,,1,0,0,1,0,0,0,0,1,1,1,1,1,4,0,1,5,2078.24,4,,10,,5,6,10/19/2022 16:06:00,8,1,2,2,1,4,2,2,2,2,2,2,,1,1,2,2,10,1,,2,2,1,,1,,0.440324991941452,2,1
150,"khk2u63az2amnn08",10/19/2022 16:42:00,98,1,3,3,1,1,0,0,0,0,0,0,1,1,1990,0,1,0,0,0,1,3,1,1,0,0,0,1,0,0,0,0,0,0,0,0,0,0,0,0,0,1,0,1,1,1,1,1,1,3,10,1,4,1,4,1,,,,,,,1,1,,,1,4,2,1,1,4,2,4,4,1,1,0,0,2,1,2,3,2,2,1,2,2,2,2,1,2,1,1,1,1,1,1,1,1,2,2,,,1,1,0,0,0,0,,,,,,1,0,1,0,0,0,0,0,1,1,3,3,1,4,0,1,5,1920.5,4,,10,,5,6,10/19/2022 16:08:00,8,1,1,1,2,3,1,2,1,1,2,2,,2,3,2,2,7,1,,1,2,1,,2,,0.440324991941452,2,1
151,"mah6ww5yuemppmha",10/19/2022 16:31:00,98,1,3,2,,0,0,0,1,0,0,0,1,1,1952,0,0,0,1,0,1,5,3,1,1,0,0,0,0,0,0,0,0,0,0,0,0,0,0,1,0,1,0,0,3,1,1,1,2,2,10,4,1,4,2,3,,,,,,,3,2,,,4,4,4,4,4,4,4,1,4,1,1,1,0,4,4,2,4,4,3,1,2,3,1,2,1,2,2,2,2,2,2,2,2,1,2,2,,,2,0,0,0,1,1,,,,,,1,0,0,1,0,0,0,0,1,2,1,3,4,6,1,0,5,1299.57,4,,10,,5,6,10/19/2022 16:09:00,8,2,4,4,4,1,1,2,4,3,1,,1,1,1,1,3,5,,4,4,2,2,1,,,2.31339454650879,2,2
155,"nyk8kcv91v77q4f2",10/19/2022 16:18:00,113,2,3,1,,0,0,0,0,1,0,0,1,1,2000,1,0,0,0,0,1,3,2,1,0,0,0,1,0,0,1,0,0,1,0,0,0,0,0,0,0,0,0,0,3,3,1,2,2,3,5,3,4,3,3,1,,,,,,,2,4,,,2,4,1,4,1,1,3,4,4,1,1,0,0,1,1,1,1,1,2,1,4,3,2,2,2,2,4,4,3,1,2,1,1,3,1,5,12,,1,1,0,0,0,0,3,2,1,2,3,3,0,1,1,0,0,0,0,1,4,4,4,3,3,0,1,6,330.27,12,,13,,1,1,10/19/2022 16:12:00,14,1,2,2,6,6,2,1,2,2,2,2,,2,3,4,3,5,3,,1,1,1,,2,,0.431166261434555,1,1
159,"ts48e414qjf5v33r",10/19/2022 16:19:00,113,2,3,1,,0,0,0,0,1,0,0,1,1,2000,1,0,0,0,0,1,3,2,1,0,0,0,0,0,0,0,0,0,0,0,0,0,0,0,0,1,0,1,0,1,3,2,2,2,3,4,3,3,4,3,2,,,,,,,4,2,,,2,2,1,1,1,1,4,3,3,1,1,0,0,1,1,1,3,2,2,1,1,2,2,2,1,2,3,1,1,2,2,1,3,2,1,2,12,,1,0,1,0,0,0,1,1,1,2,3,1,0,1,0,0,0,0,0,1,3,2,1,3,3,1,0,6,289.41,14,,10,,1,2,10/19/2022 16:14:00,1,1,2,2,2,3,2,1,2,2,1,,2,2,2,2,3,5,,2,1,2,2,2,,,0.431166261434555,1,1
162,"q3cf641cmvugtwny",10/19/2022 16:46:00,98,1,3,2,,0,0,0,1,0,0,0,1,2,1943,0,0,0,1,0,1,6,1,1,0,0,0,1,0,0,0,0,0,0,0,0,0,1,0,0,0,0,1,0,2,1,1,1,1,1,10,1,4,2,4,1,,,,,,,1,2,,,1,4,4,4,4,4,1,2,4,2,,,,3,1,1,1,1,1,4,4,3,2,2,1,3,3,3,1,1,1,1,1,4,1,1,,,1,0,0,0,1,0,,,,,,1,1,0,0,0,0,0,0,1,1,1,1,2,5,0,1,5,1547.19,4,,10,,5,6,10/19/2022 16:20:00,8,1,1,1,1,4,2,1,2,1,1,5,,1,1,5,1,10,5,,1,1,1,,2,,1.91946589946747,2,1
166,"8fgt6f4av2qtysyn",10/19/2022 16:41:00,113,2,3,1,,0,0,0,0,1,0,0,1,1,1960,0,0,0,1,0,1,4,5,1,0,1,0,0,0,0,0,0,0,0,0,0,0,1,0,0,0,1,0,0,4,2,2,2,2,2,5,4,1,4,2,3,,,,,,,2,3,,,3,4,3,4,3,4,2,3,4,2,,,,3,2,1,4,2,2,4,3,2,2,3,2,2,2,4,3,4,2,4,2,4,2,2,12,,1,1,0,0,0,0,6,4,2,3,1,2,1,0,0,0,0,0,0,1,2,1,2,4,5,1,0,6,760.65,14,,10,,1,2,10/19/2022 16:28:00,8,3,6,3,6,6,2,2,2,2,1,,1,2,3,2,2,3,,4,2,4,2,2,,,0.376130342483521,1,3
168,"2kcrbqje9atfxcje",10/19/2022 17:02:00,98,1,3,1,,0,0,0,0,1,0,0,1,2,1985,0,1,0,0,0,3,2,1,1,0,1,0,0,0,0,0,1,0,0,0,0,0,0,0,0,0,0,1,0,1,1,1,1,1,4,10,1,3,1,3,1,,,,,,,1,1,,,1,4,4,2,1,4,3,1,2,1,1,0,0,1,1,1,3,1,1,4,4,4,1,1,2,2,1,1,1,1,1,1,1,1,1,1,4,,,0,0,0,0,1,1,1,1,2,3,1,1,0,0,0,0,0,0,1,1,1,2,1,3,1,0,5,1946.92,4,,10,,5,6,10/19/2022 16:29:00,8,1,1,1,1,3,1,1,2,2,1,,2,1,1,1,1,10,,1,1,1,1,2,,"85392",0.449580609798431,1,1
170,"ac14z7j31cw1qggh",10/19/2022 17:01:00,98,1,3,1,,0,0,0,0,1,0,0,1,2,1979,0,0,1,0,0,3,1,1,1,0,0,0,0,0,1,1,0,0,0,0,0,0,0,0,1,0,0,0,0,2,1,1,2,4,4,9,5,5,2,5,5,,,,,,,5,5,,,1,4,2,4,4,4,1,1,1,2,,,,1,2,2,1,3,2,3,3,3,2,2,2,2,1,1,1,1,1,1,1,4,1,1,12,,,0,0,1,0,0,1,1,3,1,2,1,1,0,0,0,0,0,0,1,1,1,2,3,5,0,1,5,1645.77,4,,10,,5,6,10/19/2022 16:33:00,8,1,6,1,6,6,1,1,2,3,1,1,,2,3,1,1,10,2,,1,1,1,,2,"85326",0.605750739574432,1,1
174,"b09hcudx7aa5a57t",10/19/2022 16:42:00,4,2,3,2,,0,0,0,1,0,0,0,1,2,1987,0,1,0,0,0,1,2,5,1,1,0,0,0,0,0,0,0,0,0,0,0,0,0,0,0,0,0,0,0,4,1,1,2,2,2,10,4,1,4,1,4,,,,,,,4,6,,,4,4,1,1,4,4,1,1,4,2,,,,1,1,1,1,1,1,1,1,3,2,1,1,3,2,2,2,2,2,2,2,4,2,2,,,1,1,0,0,0,0,,,,,,2,1,0,0,0,0,0,0,1,1,1,1,5,1,1,0,4,305.29,14,,10,,1,2,10/19/2022 16:36:00,12,3,4,4,4,1,1,1,1,1,1,,1,2,3,1,1,10,,4,4,3,4,2,,,2.41749739646912,2,3
175,"g9njc2yt88f4jfzc",10/19/2022 16:50:00,4,2,3,6,1,0,0,0,0,0,1,0,1,1,1970,0,0,1,0,0,3,5,1,1,1,1,0,1,0,0,0,0,0,0,0,0,0,0,0,0,0,0,0,0,2,1,1,3,1,3,9,2,4,2,4,2,,,,,,,2,2,,,1,4,3,3,1,1,4,4,4,2,,,,2,2,1,1,1,1,3,4,4,3,2,1,3,2,2,1,1,2,1,1,4,1,1,,,,1,0,0,0,0,,,,,,3,0,1,1,0,0,0,0,1,1,1,3,2,6,0,1,4,751.24,4,,12,,5,6,10/19/2022 16:37:00,11,1,1,1,1,3,1,1,1,1,2,2,,2,1,2,2,10,1,,1,1,1,,2,"85658",0.880649983882904,2,1
176,"0wnymhsxcam14vhu",10/19/2022 16:47:00,4,2,3,1,,0,0,0,0,1,0,0,1,1,2003,1,0,0,0,0,1,3,3,1,0,1,0,1,0,0,0,0,0,0,0,0,1,0,0,0,0,0,0,0,3,1,2,1,2,1,10,2,1,3,2,2,,,,,,,3,2,,,6,4,1,3,1,1,3,1,4,1,0,0,1,1,1,1,2,1,1,1,1,1,2,2,1,2,1,2,1,1,1,2,2,3,4,2,17,,1,1,0,0,0,0,6,2,2,3,1,2,0,1,0,0,0,0,0,1,1,1,1,1,2,1,0,4,451.34,12,,13,,1,1,10/19/2022 16:39:00,4,2,1,6,3,6,1,1,1,1,4,,4,1,1,2,2,10,,2,2,1,3,2,,,0.174420014023781,1,2
177,"21qtxka8hym9zmze",10/19/2022 16:48:00,4,2,3,3,1,1,0,0,0,0,0,0,1,2,1987,0,1,0,0,0,1,3,1,1,0,0,1,0,0,0,0,0,1,0,0,0,0,0,0,0,0,0,1,0,1,2,1,1,1,3,7,1,4,1,3,3,,,,,,,2,2,,,1,2,3,2,3,2,3,2,3,1,1,0,0,2,3,2,2,2,3,2,3,3,2,1,1,3,1,1,1,1,1,3,3,1,1,1,,,1,0,1,0,0,0,,,,,,1,0,0,1,0,0,0,0,1,1,1,1,1,4,0,1,4,525.11,14,,10,,1,2,10/19/2022 16:39:00,11,1,1,2,3,6,2,2,2,3,2,2,,1,1,1,3,6,2,,3,2,2,,2,,0.440324991941452,2,1
178,"m09xad7j5pskmsq5",10/19/2022 17:04:00,98,1,3,2,,0,0,0,1,0,0,0,1,1,1978,0,0,1,0,0,1,4,6,1,0,0,0,0,1,0,0,0,0,0,0,1,0,0,1,0,0,0,0,0,2,1,3,1,2,3,2,5,2,1,5,5,,,,,,,4,6,,,6,4,4,3,3,4,4,3,3,2,,,,1,1,1,4,1,4,4,4,4,3,3,2,2,4,4,2,4,4,4,3,4,5,5,,,1,0,0,0,0,1,,,,,,2,0,1,1,1,1,1,1,1,2,2,2,6,6,1,0,5,1386.33,4,,10,,5,6,10/19/2022 16:40:00,8,2,6,6,6,6,2,2,2,4,1,,5,1,1,3,1,0,,5,1,1,1,2,,"85326",1.835453748703,2,2
180,"urk1jujkzr5w7pvn",10/19/2022 16:59:00,4,2,3,3,1,1,0,0,0,0,0,0,1,2,2002,1,0,0,0,0,1,2,1,1,0,0,0,1,1,0,0,0,0,0,0,0,1,0,0,0,0,0,0,0,3,3,2,2,3,3,4,5,5,5,5,5,,,,,,,5,5,,,2,2,3,1,1,3,1,4,4,1,1,0,0,1,1,1,2,1,1,1,2,3,2,2,1,2,3,1,3,3,1,3,3,2,2,5,,,3,1,0,0,0,0,,,,,,2,1,0,0,0,0,0,0,1,4,4,4,2,4,0,1,4,833.76,14,,10,,1,2,10/19/2022 16:44:00,8,1,2,6,6,6,1,1,2,2,1,3,,2,1,3,3,5,3,,3,2,2,,1,"85009",0.427499979734421,2,1
181,"5artmntmdqt06522",10/19/2022 17:08:00,4,2,3,5,1,0,1,0,0,0,0,0,1,2,1978,0,0,1,0,0,1,3,3,1,1,0,1,0,0,0,0,0,0,0,0,0,0,1,0,0,0,0,0,0,4,3,3,3,3,3,4,4,2,4,5,5,,,,,,,3,3,,,6,4,4,1,1,1,1,4,2,1,1,1,1,2,2,1,3,1,1,1,4,3,2,3,1,3,4,4,4,4,4,4,4,2,4,4,,,1,0,0,0,1,1,,,,,,2,0,1,1,1,0,0,1,4,4,4,2,3,2,0,1,4,1115.71,14,,10,,1,2,10/19/2022 16:48:00,11,2,6,6,1,6,1,1,1,1,3,5,,1,1,4,1,5,5,,1,2,2,,2,"85711",0.800000011920929,2,2
184,"k9qw9hcgvq0td3wu",10/19/2022 17:17:00,4,2,3,3,1,1,0,0,0,0,0,0,1,1,1994,1,0,0,0,0,1,2,3,1,1,0,1,0,0,0,0,0,0,0,0,0,1,0,0,0,0,0,0,0,4,1,2,2,4,3,7,4,4,4,4,4,,,,,,,4,4,,,4,3,1,1,1,1,3,3,4,1,0,0,1,2,3,2,4,2,3,1,2,1,2,2,1,3,4,4,4,4,4,4,4,2,2,2,,,2,1,0,0,0,0,,,,,,2,0,0,0,0,0,1,0,1,1,1,1,3,1,1,0,4,960.12,14,,10,,1,2,10/19/2022 16:52:00,8,2,6,6,6,6,1,2,2,2,2,,2,2,3,2,1,7,,3,3,4,2,1,,"85303",0.400000005960464,2,2
186,"r1na14xz85xu598j",10/19/2022 17:12:00,2,2,3,2,,0,0,0,1,0,0,0,1,2,1950,0,0,0,1,0,1,5,1,1,1,0,0,0,1,0,1,0,0,0,0,0,0,0,0,0,0,0,0,0,1,1,1,3,1,4,10,1,4,1,4,1,,,,,,,1,3,,,1,4,4,1,1,4,4,4,4,1,1,0,0,1,2,1,1,1,1,2,3,4,3,2,1,3,1,1,1,1,1,1,1,2,1,5,,,1,1,0,0,0,0,,,,,,4,1,0,0,0,0,0,0,1,1,1,1,1,2,1,0,2,888.23,14,,10,,3,2,10/19/2022 16:56:00,8,1,1,1,1,4,1,2,2,2,2,,4,2,3,3,2,10,,5,1,1,2,2,,"85378",1.91946601867676,2,1
188,"n2pma6xknjxpcf48",10/19/2022 17:13:00,113,2,3,1,,0,0,0,0,1,0,0,1,1,1994,1,0,0,0,0,1,4,3,1,0,1,0,1,1,0,0,0,0,0,0,0,0,0,0,0,0,0,0,0,3,2,1,2,2,4,7,3,2,2,3,2,,,,,,,1,3,,,1,1,1,1,1,1,1,1,1,1,1,0,0,2,1,2,4,1,2,3,3,3,2,2,1,1,1,3,3,1,1,1,1,2,1,1,12,,3,0,0,0,1,1,1,2,1,2,3,3,0,1,0,0,0,0,0,1,2,2,2,2,5,1,0,6,829.46,14,,10,,1,2,10/19/2022 16:58:00,8,2,1,1,1,3,2,2,2,2,2,,3,1,1,2,2,5,,2,3,1,1,2,,"85204",0.517399489879608,1,2
192,"k4epk5fv0grsun7v",10/19/2022 17:35:00,98,1,3,1,,0,0,0,0,1,0,0,1,2,1994,1,0,0,0,0,3,5,1,1,1,0,1,0,0,0,0,0,0,0,0,0,0,1,0,0,0,0,0,0,3,1,1,2,2,4,9,2,4,1,4,1,,,,,,,1,1,,,1,1,2,1,4,1,3,2,2,2,,,,2,1,1,1,1,1,1,3,3,2,2,1,2,1,1,1,1,1,1,1,3,1,3,12,,,1,0,0,0,0,2,2,1,2,3,2,0,1,0,0,0,0,0,1,1,4,4,1,6,0,1,5,1944.74,4,,10,,5,6,10/19/2022 17:02:00,8,1,1,1,1,4,1,1,1,1,3,3,,2,3,1,2,0,4,,3,4,2,,2,"85037",0.647396087646484,1,1
193,"mz0j1m4yy9juka3w",10/19/2022 17:40:00,98,1,3,1,,0,0,0,0,1,0,0,1,1,1980,0,0,1,0,0,3,3,1,1,0,0,1,0,0,0,0,0,0,0,0,1,0,0,0,1,0,0,0,0,1,1,3,2,2,4,10,1,3,1,3,1,,,,,,,1,1,,,1,4,4,2,1,4,4,1,1,1,1,0,1,1,1,1,3,1,1,4,4,4,2,2,2,2,1,1,1,1,1,1,1,1,1,1,12,,,0,0,0,1,1,1,1,1,2,3,1,1,0,0,0,0,0,0,1,1,1,1,1,2,1,0,5,2180.82,4,,10,,5,6,10/19/2022 17:03:00,15,1,1,1,2,4,1,1,1,1,1,,2,1,1,1,2,10,,2,1,1,2,2,,"85364",0.560516059398651,1,1
194,"408w19jmv1f1ya8b",10/19/2022 17:34:00,98,1,3,1,,0,0,0,0,1,0,0,1,2,1991,0,1,0,0,0,3,3,2,1,1,0,0,0,0,0,0,0,0,0,0,0,1,0,0,0,0,0,0,0,2,1,1,1,1,1,7,1,4,1,1,1,,,,,,,1,1,,,1,1,3,1,1,1,1,1,1,2,,,,1,1,1,1,1,1,1,1,3,2,2,1,2,3,3,3,3,3,3,3,2,2,1,12,,,1,0,0,0,0,1,1,2,1,3,4,1,0,0,0,0,0,0,1,1,1,1,2,4,0,1,5,1720.68,4,,10,,5,6,10/19/2022 17:04:00,8,1,1,1,1,4,2,2,2,2,2,2,,2,2,1,1,5,3,,2,2,1,,1,"85212",0.647396087646484,1,1
195,"b86ufbsg78ek1ffv",10/19/2022 17:28:00,98,1,3,2,,0,0,0,1,0,0,0,1,2,1980,0,0,1,0,0,1,5,1,1,0,0,0,0,1,0,0,1,0,0,0,0,0,0,0,0,1,0,0,0,1,1,3,3,1,2,8,1,4,1,3,2,,,,,,,1,3,,,1,2,4,4,4,4,1,1,4,2,,,,1,1,1,2,1,1,3,4,3,1,2,1,3,1,1,1,1,1,1,1,3,1,1,,,1,1,0,0,0,0,,,,,,3,1,0,0,0,0,0,0,1,1,1,1,1,4,1,0,5,1368.31,4,,10,,5,6,10/19/2022 17:05:00,11,1,1,1,1,6,1,2,1,1,1,,4,2,1,2,4,9,,1,2,1,1,2,,"85719",1.91946601867676,2,1
197,"5vcf7n37rw5anpmg",10/19/2022 17:36:00,98,1,3,1,,0,0,0,0,1,0,0,1,2,1952,0,0,0,1,0,3,2,3,1,1,0,0,0,0,1,0,0,0,0,0,0,0,0,0,0,0,0,0,0,2,3,2,3,2,3,5,2,4,6,3,2,,,,,,,5,5,,,6,3,3,4,4,4,3,3,2,2,,,,2,2,1,1,3,2,3,3,2,1,2,1,2,4,4,4,1,4,4,1,3,1,5,12,,,1,0,0,0,0,1,1,2,1,3,1,1,0,0,0,0,0,0,1,3,3,3,3,1,0,1,5,1240.09,3,,10,,5,6,10/19/2022 17:09:00,14,2,6,3,6,6,1,2,2,2,3,2,,2,3,5,3,7,2,,1,2,2,,2,"86326",0.513417840003967,1,2
199,"kq2t4xfrvyyjmak0",10/19/2022 17:39:00,113,2,3,1,,0,0,0,0,1,0,0,1,1,1949,0,0,0,1,0,3,5,4,1,1,0,0,0,0,0,0,0,0,0,0,0,0,0,0,1,0,1,0,0,4,1,3,1,4,1,10,3,1,3,2,3,,,,,,,4,3,,,4,4,2,2,2,4,4,1,4,1,0,0,1,4,4,2,4,4,2,2,2,2,1,2,2,1,2,2,2,2,2,2,2,1,2,2,21,2,,1,0,0,0,0,6,4,3,2,1,1,0,0,0,0,0,0,1,1,1,1,1,5,3,0,1,6,1210.91,4,,10,,5,6,10/19/2022 17:18:00,8,3,4,4,4,1,1,2,4,4,2,1,,1,1,1,5,0,5,,4,4,3,,1,"85029",0.445675224065781,1,3
200,"t3s3ne01m41h8r0p",10/19/2022 17:42:00,113,2,3,1,,0,0,0,0,1,0,0,1,1,1989,0,1,0,0,0,1,3,3,1,1,0,0,0,1,1,0,0,0,0,0,0,0,0,0,0,0,0,0,0,2,2,3,2,2,3,4,2,4,2,3,2,,,,,,,2,3,,,2,4,2,3,2,2,1,1,2,1,1,1,0,1,1,1,1,1,4,1,3,4,2,3,1,3,3,4,4,1,1,4,1,3,1,2,12,,1,0,0,0,0,1,2,2,2,3,1,2,0,1,0,1,0,0,0,1,2,1,3,2,2,0,1,6,966.41,14,,10,,1,2,10/19/2022 17:26:00,11,2,1,2,6,3,2,2,1,2,2,4,,1,3,3,1,10,5,,1,1,2,,2,"85706",0.517399489879608,1,2
201,"4j5vrrac6mdq4sbz",10/19/2022 17:59:00,98,1,3,1,,0,0,0,0,1,0,0,1,1,1970,0,0,1,0,0,3,1,1,1,1,0,0,0,0,1,0,0,0,0,0,1,0,0,0,0,0,0,0,0,1,1,3,2,1,4,9,1,4,1,4,1,,,,,,,1,1,,,1,4,4,4,4,4,2,2,2,2,,,,1,1,1,1,1,1,2,4,4,2,2,2,2,1,1,1,1,1,1,1,4,1,1,12,,,0,0,0,1,0,1,1,2,1,3,2,1,0,0,0,0,0,0,1,1,1,2,1,4,0,1,5,1786.06,4,,10,,5,6,10/19/2022 17:28:00,8,1,1,1,1,4,3,2,3,3,1,5,,3,3,1,1,5,1,,1,2,3,,2,"85296",0.560516059398651,1,1
202,"fsrkv5rtrruwtzpd",10/19/2022 18:06:00,98,1,3,3,1,1,0,0,0,0,0,0,1,2,1984,0,1,0,0,0,1,5,1,1,0,0,0,0,0,0,0,0,0,0,0,0,0,0,0,0,0,0,1,0,1,1,3,2,1,4,8,2,4,2,3,1,,,,,,,5,3,,,1,4,2,1,1,1,2,2,4,2,,,,1,1,1,2,1,1,4,4,4,1,1,1,3,1,1,1,1,1,1,1,1,1,1,,,1,1,0,0,0,0,,,,,,1,0,0,1,0,0,0,0,1,1,1,1,1,4,1,0,5,2154.66,4,,10,,5,6,10/19/2022 17:30:00,8,1,1,2,2,3,1,1,1,1,1,,1,1,1,1,1,10,,1,2,2,1,1,,"45298",0.440324991941452,2,1
204,"57g46tcbsummfnhh",10/19/2022 18:02:00,98,1,3,1,,0,0,0,0,1,0,0,1,2,1995,1,0,0,0,0,1,2,3,1,0,0,0,0,0,0,0,0,0,0,0,0,0,0,0,0,0,0,1,0,2,3,3,4,3,3,1,6,5,6,6,5,,,,,,,6,6,,,6,4,4,4,4,4,4,4,4,2,,,,3,2,1,1,1,3,2,4,1,2,2,1,2,4,4,4,4,4,4,4,3,5,5,12,,2,1,0,0,0,0,1,2,1,3,2,3,1,0,0,0,0,0,0,4,4,4,4,3,2,0,1,5,1842.32,4,,10,,5,6,10/19/2022 17:31:00,8,2,6,6,6,6,2,2,1,2,3,3,,3,3,2,2,5,2,,2,2,2,,2,"85033",0.411264002323151,1,2
205,"n1pz0kj05765carp",10/19/2022 18:02:00,98,1,3,1,,0,0,0,0,1,0,0,1,2,1976,0,0,1,0,0,3,2,1,1,1,0,0,0,0,0,0,1,0,0,0,0,0,0,0,0,0,0,0,0,2,2,1,4,2,4,7,3,4,2,2,2,,,,,,,1,2,,,2,1,1,1,1,3,4,4,4,1,0,1,0,2,2,2,2,2,1,3,4,4,2,2,1,2,3,3,3,1,3,3,3,4,1,5,12,,,1,0,0,0,0,1,1,2,1,3,1,0,0,1,1,0,0,0,1,1,3,3,2,4,1,0,5,1568.02,4,,10,,5,6,10/19/2022 17:35:00,8,1,2,2,2,2,2,2,1,3,2,,2,2,3,3,4,6,,1,4,4,2,2,,"85009",0.647396087646484,1,1
206,"gqyqh3y13bj7vaaq",10/19/2022 18:07:00,98,1,3,2,,0,0,0,1,0,0,0,1,1,1991,0,1,0,0,0,1,5,3,1,0,0,0,0,0,0,0,0,0,1,0,0,0,0,0,0,1,0,0,0,3,2,2,2,4,4,10,2,4,4,3,3,,,,,,,4,4,,,2,4,4,4,1,4,2,2,4,1,1,0,1,1,1,1,2,4,1,4,4,4,2,1,1,1,4,2,1,1,1,1,2,1,4,3,,,1,0,0,1,1,1,,,,,,1,0,0,0,1,0,1,0,4,3,4,4,3,1,0,1,5,1533.84,4,,10,,5,6,10/19/2022 17:38:00,8,2,2,1,6,6,1,1,2,1,1,1,,1,1,2,1,7,5,,1,1,1,,2,"85041",1.91946601867676,2,2
212,"mptzq53956sgjseh",10/19/2022 18:02:00,113,2,3,1,,0,0,0,0,1,0,0,1,1,1976,0,0,1,0,0,1,5,3,1,1,1,0,0,0,1,0,0,0,0,0,0,0,0,0,0,0,0,0,0,3,2,3,2,3,4,6,3,1,3,5,5,,,,,,,2,1,,,6,2,2,2,2,2,2,2,2,2,,,,2,2,2,3,3,3,4,2,3,2,2,1,2,2,2,4,4,4,4,4,2,4,4,3,,1,1,0,0,0,0,4,3,3,2,1,1,1,0,0,0,0,0,0,4,4,4,4,3,5,0,1,6,800.38,12,,13,,1,1,10/19/2022 17:48:00,11,2,6,6,6,6,2,2,2,2,4,2,,2,2,2,3,7,3,,1,2,2,,1,"85629",0.326400011777878,1,2
215,"mvtq4qv3hhuab3yv",10/19/2022 18:24:00,98,1,3,1,,0,0,0,0,1,0,0,1,2,1987,0,1,0,0,0,3,3,2,1,0,0,1,0,0,0,0,0,0,0,0,1,0,1,0,0,0,0,0,0,1,2,3,2,2,4,9,1,3,2,4,2,,,,,,,2,2,,,2,4,4,4,4,4,3,3,2,2,,,,2,1,1,1,1,1,1,2,3,2,2,1,1,1,1,1,1,1,1,1,4,1,3,12,,,1,0,0,0,0,3,2,3,1,2,2,1,0,0,0,0,0,0,1,1,4,4,1,4,0,1,5,1787.9,4,,10,,5,6,10/19/2022 17:54:00,8,1,2,2,2,3,2,1,1,1,1,3,,1,3,3,1,7,2,,2,3,2,,2,"85051",0.647396087646484,1,1
219,"pmvhheyudgvzb3fe",10/19/2022 18:02:00,113,2,3,1,,0,0,0,0,1,0,0,1,1,1995,1,0,0,0,0,1,2,2,1,1,0,0,1,0,0,0,1,0,0,0,0,0,0,0,0,0,0,0,0,3,1,1,1,1,4,9,3,4,3,4,1,,,,,,,1,4,,,2,3,2,1,1,1,1,1,1,2,,,,3,1,4,4,1,1,1,4,4,2,1,2,3,1,1,1,1,1,1,1,1,1,1,12,,1,1,0,0,0,0,1,1,2,1,3,4,1,0,0,0,0,0,0,1,1,1,1,2,4,1,0,6,270.94,14,,10,,1,2,10/19/2022 17:57:00,11,1,1,2,6,6,1,2,1,1,2,,2,1,1,1,2,9,,1,1,1,1,2,,"85705",0.431166261434555,1,1
221,"m9tv1vvy0q2vsy4n",10/19/2022 18:32:00,98,1,3,3,1,1,0,0,0,0,0,0,1,1,1988,0,1,0,0,0,1,4,1,1,0,1,1,0,0,0,0,0,0,0,0,0,1,0,0,0,0,0,0,0,1,1,1,1,1,4,10,1,4,1,4,1,,,,,,,1,1,,,1,2,2,1,1,2,1,1,4,1,1,0,0,2,2,2,2,1,2,1,2,1,2,1,1,2,1,1,1,1,1,1,1,1,1,1,,,1,0,0,0,0,1,,,,,,1,1,0,0,0,0,0,0,1,1,2,4,1,4,1,0,5,1846.7,4,,10,,5,6,10/19/2022 18:00:00,8,1,1,1,1,4,1,1,1,1,2,,1,2,3,2,1,8,,1,3,3,1,2,,"85298",0.440324991941452,2,1
224,"uvttpe8hz7en0tew",10/19/2022 18:36:00,98,1,3,1,,0,0,0,0,1,0,0,1,1,1998,1,0,0,0,0,3,2,2,1,1,0,1,0,0,0,0,0,0,1,0,0,0,0,0,0,0,0,0,0,2,2,3,3,1,2,10,2,5,2,3,1,,,,,,,2,2,,,2,1,1,1,1,1,2,3,2,2,,,,2,2,2,2,2,2,2,2,2,2,2,2,2,1,1,1,1,1,1,1,2,3,3,12,,,0,0,0,1,0,1,1,1,2,3,3,1,0,0,0,0,0,0,3,2,3,2,2,2,0,1,5,1880.01,4,,10,,5,6,10/19/2022 18:04:00,8,1,2,2,2,3,1,1,1,2,1,2,,2,3,1,1,5,2,,2,2,2,,2,"85395",0.560516059398651,1,1
231,"4yuq0q1apragwxjj",10/19/2022 18:56:00,98,1,3,3,1,1,0,0,0,0,0,0,1,2,1999,1,0,0,0,0,1,3,2,1,1,0,0,1,1,0,0,0,0,0,0,0,0,0,0,0,0,0,0,0,2,1,3,2,1,2,10,2,4,2,3,2,,,,,,,2,2,,,2,4,4,3,3,1,3,3,3,2,,,,1,1,1,1,1,1,2,3,4,2,2,2,2,1,2,1,1,3,1,1,3,1,1,,,1,1,0,0,0,0,,,,,,3,0,1,1,0,0,0,0,1,4,4,4,2,4,1,0,5,2059.98,4,,10,,5,6,10/19/2022 18:21:00,8,1,2,1,1,3,2,2,2,1,2,,2,1,3,2,4,9,,2,2,1,2,2,,"85014",0.440324991941452,2,1
234,"nwxavq9btc924zju",10/19/2022 18:59:00,98,1,3,3,1,1,0,0,0,0,0,0,1,2,1984,0,1,0,0,0,1,5,1,1,0,0,1,0,0,0,0,0,0,0,0,0,0,0,0,0,0,0,1,0,1,1,3,2,1,4,7,2,4,2,3,2,,,,,,,5,5,,,1,4,3,1,2,1,1,1,4,2,,,,1,1,1,1,1,1,4,4,4,1,2,2,3,1,1,1,1,1,1,1,1,1,1,,,1,0,0,0,1,0,,,,,,2,0,0,1,0,0,0,0,1,1,1,1,1,4,0,1,5,2014.85,4,,10,,5,6,10/19/2022 18:24:00,12,1,1,6,1,4,2,2,2,2,1,1,,1,1,2,1,10,1,,2,2,1,,1,"55142",0.427499979734421,2,1
236,"335zuu6b5ya6q1ks",10/19/2022 18:56:00,113,2,3,2,,0,0,0,1,0,0,0,1,1,1965,0,0,1,0,0,1,5,5,1,1,0,0,0,0,0,0,1,0,0,0,0,0,0,0,0,0,1,0,0,4,1,3,1,4,1,10,4,1,4,2,4,,,,,,,4,4,,,4,4,4,4,4,4,4,3,4,2,,,,4,4,3,4,4,4,1,2,1,1,3,2,1,2,2,4,2,2,2,2,1,2,2,,,1,0,0,0,0,1,,,,,,1,0,1,1,0,0,0,0,1,1,1,1,5,6,1,0,6,1579.56,14,,10,,1,2,10/19/2022 18:28:00,11,3,4,4,4,1,2,3,4,4,5,,1,3,3,1,4,0,,4,4,4,3,1,,"85723",2.54473447799683,2,3
238,"532yxs4yxkd2dvdz",10/19/2022 18:52:00,113,2,3,1,,0,0,0,0,1,0,0,1,1,1974,0,0,1,0,0,1,3,4,1,1,0,0,0,0,0,0,0,0,0,0,0,0,0,0,0,0,0,0,0,4,1,1,2,4,2,6,4,1,4,2,4,,,,,,,4,5,,,6,4,4,1,2,2,4,4,4,2,,,,2,3,2,1,2,2,3,4,4,3,3,2,1,3,4,3,4,2,4,3,4,2,2,12,,1,1,0,0,0,0,6,4,3,2,1,2,0,0,0,1,0,0,0,1,2,1,2,5,6,1,0,6,1337.13,14,,10,,1,2,10/19/2022 18:29:00,8,3,2,6,5,6,1,1,2,1,3,,4,1,3,3,2,2,,4,2,4,1,2,,"85338",0.418608009815216,1,3
241,"kupecaw17czfze0h",10/19/2022 19:05:00,98,1,3,1,,0,0,0,0,1,0,0,1,2,1996,1,0,0,0,0,1,2,2,1,0,0,0,0,0,0,0,0,0,0,0,0,0,1,0,0,0,0,0,0,2,2,3,3,2,3,6,2,3,2,3,2,,,,,,,6,5,,,2,4,4,2,4,2,4,4,4,2,,,,3,2,1,2,1,3,3,4,4,2,2,1,2,4,4,1,1,4,1,4,4,1,5,12,,3,1,0,0,0,0,1,2,1,3,2,2,1,0,0,0,0,0,0,1,3,4,4,2,2,0,1,5,1611.1,4,,10,,5,6,10/19/2022 18:32:00,8,1,2,2,2,3,2,2,2,2,2,2,,2,3,1,3,8,1,,2,1,2,,2,"85202",0.497996956110001,1,1
244,"4tea287nnw14456k",10/19/2022 18:44:00,113,2,3,1,,0,0,0,0,1,0,0,1,1,1969,0,0,1,0,0,1,5,3,1,0,1,0,0,0,0,1,0,0,0,0,0,0,0,0,1,0,0,0,0,3,3,2,1,3,3,5,4,2,3,3,3,,,,,,,6,6,,,6,3,4,2,1,1,4,2,2,2,,,,1,2,2,2,2,2,4,3,4,3,3,1,2,3,2,2,1,1,3,2,3,4,5,12,,3,0,0,0,0,1,1,1,1,2,3,1,1,0,0,0,0,0,0,3,4,4,4,3,6,1,0,6,379.36,12,,13,,1,1,10/19/2022 18:37:00,11,2,2,1,6,6,2,1,2,2,1,,3,2,3,2,2,1,,4,2,3,1,1,,"85706",0.517399489879608,1,2
245,"0fweh8wfwxf03w3y",10/19/2022 18:45:00,113,2,3,1,,0,0,0,0,1,0,0,1,1,2000,1,0,0,0,0,1,2,4,1,0,0,0,1,0,1,0,0,0,0,0,0,0,0,1,0,0,0,0,0,3,4,,1,2,3,6,4,1,4,4,4,,,,,,,4,4,,,4,4,2,4,1,1,1,1,3,1,0,1,0,3,2,1,3,2,3,1,1,1,1,2,1,3,2,2,2,2,2,2,2,2,2,2,17,,1,0,1,0,0,0,2,4,2,3,1,2,1,0,0,0,0,0,0,1,3,1,1,4,3,1,0,6,435.36,12,,13,,1,1,10/19/2022 18:37:00,15,3,3,1,4,1,1,2,2,4,3,,1,3,1,3,2,5,,3,2,3,3,1,,"85034",0.183854997158051,1,3
246,"83t3wasdqh6arah7",10/19/2022 18:53:00,113,2,3,1,,0,0,0,0,1,0,0,1,1,1985,0,1,0,0,0,1,1,4,1,1,1,1,0,0,0,0,0,0,0,0,0,0,0,0,0,0,0,0,0,4,2,2,3,3,2,8,4,2,4,2,4,,,,,,,3,3,,,3,4,3,2,2,2,2,2,4,2,,,,2,2,2,3,3,2,3,3,3,2,2,2,2,2,2,2,2,2,2,2,2,2,2,12,,2,1,0,0,0,0,2,4,1,3,2,2,0,0,1,0,0,0,0,1,3,1,3,4,4,0,1,6,869.45,14,,10,,1,2,10/19/2022 18:38:00,8,3,4,4,3,2,2,2,1,3,2,2,,2,1,4,2,2,4,,2,2,2,,2,"85302",0.493671059608459,1,3
247,"7rw3gxrn0uge9rhk",10/19/2022 18:56:00,113,2,3,5,1,0,1,0,0,0,0,0,1,1,1971,0,0,1,0,0,1,5,5,1,0,0,0,0,0,0,0,1,0,0,0,0,0,0,0,0,1,1,0,0,4,1,3,2,4,2,10,4,1,4,2,4,,,,,,,4,3,,,4,4,4,1,2,3,4,3,4,2,,,,4,4,2,4,4,3,1,3,2,1,3,2,1,2,2,2,2,2,2,2,1,2,2,,,1,1,0,0,0,0,,,,,,3,1,0,0,0,0,0,0,1,1,1,1,5,2,0,1,6,1014.57,4,,10,,5,6,10/19/2022 18:38:00,8,3,4,4,4,1,1,1,4,4,5,1,,2,3,1,3,0,4,,4,4,2,,2,"85326",1.00831496715546,2,3
250,"ussy9fsycgeq9g2u",10/19/2022 19:09:00,98,1,3,2,,0,0,0,1,0,0,0,1,2,1965,0,0,1,0,0,1,6,1,1,1,1,0,1,0,0,0,0,0,0,0,0,0,0,0,0,0,0,0,0,1,1,1,1,1,3,7,1,4,1,3,2,,,,,,,1,3,,,1,3,4,2,2,4,2,4,4,2,,,,2,2,1,3,1,1,1,1,4,3,2,2,1,4,4,4,1,1,1,4,4,1,1,,,1,1,0,0,0,0,,,,,,3,0,0,1,0,0,0,0,1,4,1,4,1,3,0,1,5,1540.98,4,,10,,5,6,10/19/2022 18:44:00,8,1,1,1,1,4,1,1,1,1,2,2,,1,3,1,3,6,1,,4,3,2,,1,"85246",1.91946589946747,2,1
252,"pt8vvpght9dyhk5m",10/19/2022 19:18:00,98,1,3,3,1,1,0,0,0,0,0,0,1,2,1974,0,0,1,0,0,1,4,1,1,1,0,0,0,1,0,0,0,0,0,0,0,1,0,0,0,0,0,0,0,2,1,1,2,1,3,10,1,4,1,3,5,,,,,,,1,1,,,1,1,2,4,4,4,1,4,2,2,,,,1,1,1,4,4,1,4,4,4,1,1,2,3,1,1,2,1,1,1,1,2,1,5,,,1,1,0,0,0,0,,,,,,1,0,1,1,0,0,0,0,1,4,4,1,2,6,1,0,5,1866.96,4,,10,,5,6,10/19/2022 18:46:00,12,1,1,1,1,4,1,1,1,1,2,,5,1,1,4,1,10,,5,1,1,2,1,,"85120",0.440324991941452,2,1
254,"xbgqdzestcxqv3gm",10/19/2022 19:00:00,113,2,3,2,,0,0,0,1,0,0,0,1,1,1987,0,1,0,0,0,1,5,1,1,0,0,0,0,0,1,0,0,0,0,0,0,1,0,0,0,0,0,0,0,1,2,1,1,1,1,10,2,1,1,2,2,,,,,,,1,1,,,1,1,1,2,1,1,2,2,1,1,1,0,0,1,2,1,1,1,2,2,1,1,1,1,1,2,1,1,2,2,1,2,2,1,1,1,,,1,0,1,0,0,0,,,,,,1,0,1,0,0,0,0,0,1,2,2,1,2,5,0,1,6,437.8,13,,10,,5,6,10/19/2022 18:51:00,6,1,1,2,1,2,1,1,1,1,1,1,,1,1,1,1,10,1,,1,1,1,,1,"85001",1.72751939296722,2,1
255,"vd4nk0tezky65sq1",10/19/2022 19:23:00,113,2,3,1,,0,0,0,0,1,0,0,1,1,2004,1,0,0,0,0,1,1,3,1,0,0,0,0,0,1,0,0,1,1,0,0,0,0,0,0,0,0,0,0,4,3,3,3,3,3,5,4,3,4,3,2,,,,,,,3,3,,,5,4,4,3,3,1,3,3,4,2,,,,2,1,1,3,1,3,1,3,3,2,3,1,1,1,1,1,3,1,1,3,3,5,5,12,,1,0,0,0,1,1,3,3,1,2,3,1,0,0,1,0,0,0,0,2,2,3,3,2,2,1,0,6,1471.12,12,,13,,1,1,10/19/2022 18:51:00,11,2,2,2,3,2,3,2,2,3,2,,3,2,2,1,1,2,,5,4,1,1,2,,"85719",0.517399489879608,1,2
257,"dgr8zx53f5dc22m8",10/19/2022 19:37:00,98,1,3,2,,0,0,0,1,0,0,0,1,2,2004,1,0,0,0,0,1,2,5,1,1,0,0,0,0,1,0,0,0,0,1,0,0,0,0,0,0,0,0,0,4,1,1,1,4,1,10,4,1,4,1,4,,,,,,,4,4,,,4,4,4,4,4,4,4,1,4,1,0,1,0,1,4,2,1,1,2,4,2,4,2,3,1,1,2,2,2,2,2,2,2,1,2,2,,,1,1,0,0,0,0,,,,,,1,1,0,0,0,0,0,0,1,1,1,1,5,6,0,1,5,2378.85,4,,10,,5,6,10/19/2022 18:57:00,5,3,4,4,4,1,1,1,3,2,5,1,,1,3,1,4,0,4,,4,3,1,,1,"85546",2.41749739646912,2,3
259,"8yedmdjgpv0n95sz",10/19/2022 19:32:00,98,1,3,1,,0,0,0,0,1,0,0,1,1,2000,1,0,0,0,0,3,3,4,1,0,0,1,1,0,0,0,0,0,0,0,0,0,1,0,0,0,0,0,0,2,1,3,2,2,2,7,3,2,3,2,3,,,,,,,3,3,,,4,1,1,1,1,1,2,2,2,2,,,,1,1,1,1,1,1,3,3,3,2,2,1,2,2,2,2,2,2,2,2,3,2,2,12,,,0,0,0,1,1,1,3,2,1,3,2,1,0,0,0,0,0,0,1,1,1,1,4,3,0,1,5,1787.63,4,,10,,5,6,10/19/2022 19:01:00,8,3,3,3,3,2,2,2,2,2,1,1,,2,3,1,2,6,3,,3,2,4,,2,"85138",0.641772270202637,1,3
261,"m7frvmkx2xcaczj6",10/19/2022 19:15:00,4,2,3,1,,0,0,0,0,1,0,0,1,1,1994,1,0,0,0,0,1,2,3,1,1,0,1,0,0,0,0,0,0,0,0,1,0,0,0,0,0,0,0,0,3,3,2,4,3,3,0,6,6,6,6,6,,,,,,,6,6,,,6,4,3,2,2,1,4,4,4,2,,,,1,3,1,4,1,1,1,3,4,3,3,1,1,4,4,4,4,4,4,4,4,5,5,8,,3,1,0,0,0,0,6,4,3,1,2,4,0,0,1,0,0,0,0,1,4,1,4,6,3,1,0,4,708.37,12,,13,,1,1,10/19/2022 19:03:00,11,2,6,6,6,6,1,1,1,1,3,,3,3,3,3,3,0,,5,2,2,4,2,,"85743",0.326400011777878,1,2
264,"wgwtp9a6zjaj9a06",10/19/2022 19:37:00,98,1,3,1,,0,0,0,0,1,0,0,1,1,1990,0,1,0,0,0,1,2,2,1,0,0,0,1,1,0,0,0,0,0,1,0,0,0,0,0,0,0,0,0,2,1,3,1,2,2,7,1,3,2,2,2,,,,,,,2,2,,,2,1,2,2,3,2,1,1,2,2,,,,2,2,2,1,3,1,2,4,3,2,2,1,3,1,1,1,1,1,1,1,2,1,3,5,,2,1,0,0,0,0,2,2,1,3,2,1,1,0,0,0,0,0,0,1,2,2,2,1,3,0,1,5,1865.88,4,,10,,5,6,10/19/2022 19:05:00,8,1,2,1,1,3,1,2,3,2,4,3,,1,1,1,1,8,2,,2,2,2,,1,"85035",0.299421012401581,1,1
266,"8tu7zaher5hpsunr",10/19/2022 19:51:00,98,1,3,3,1,1,0,0,0,0,0,0,1,2,1990,0,1,0,0,0,1,5,1,1,1,0,1,0,0,0,0,0,0,0,0,0,0,0,0,0,0,0,0,0,1,1,3,2,1,3,8,2,4,2,3,1,,,,,,,6,5,,,1,4,3,1,2,1,1,1,4,2,,,,1,1,1,1,1,1,4,4,4,3,2,1,3,1,1,1,1,1,1,1,2,1,1,,,1,0,0,0,1,0,,,,,,1,0,0,1,0,0,0,0,1,1,1,1,1,4,1,0,5,2264.91,4,,10,,5,6,10/19/2022 19:12:00,8,1,6,6,1,4,1,1,1,1,1,,1,1,1,1,2,10,,1,2,2,1,1,,"85206",0.400000005960464,2,1
267,"uggsyqedpwp0n40r",10/19/2022 19:46:00,98,1,3,1,,0,0,0,0,1,0,0,1,1,1995,1,0,0,0,0,1,4,3,1,0,0,1,0,0,0,0,0,0,0,0,0,0,0,0,0,0,0,0,0,2,1,1,3,2,3,6,5,3,6,3,2,,,,,,,5,6,,,6,3,3,2,3,1,3,3,3,2,,,,4,2,1,1,2,3,2,4,1,2,3,1,1,4,4,1,4,3,1,4,3,1,5,12,,3,1,0,0,0,0,1,3,1,3,2,3,1,0,0,0,0,0,0,1,2,4,4,3,2,0,1,5,1764.53,4,,10,,5,6,10/19/2022 19:16:00,8,2,2,2,2,3,2,2,1,2,3,3,,2,3,1,3,8,1,,1,1,2,,2,"85212",0.517399489879608,1,2
272,"vzpxebzgyeq7gayw",10/19/2022 19:56:00,98,1,3,1,,0,0,0,0,1,0,0,1,2,2000,1,0,0,0,0,3,1,3,1,1,0,0,0,0,1,0,0,0,0,0,0,0,0,0,0,0,0,0,0,2,2,3,3,3,3,7,2,3,2,2,2,,,,,,,5,6,,,6,2,1,2,2,2,3,3,2,2,,,,2,1,1,1,3,2,3,3,3,1,2,2,2,1,4,1,1,4,4,3,3,1,5,12,,,1,0,0,0,0,1,1,1,2,3,1,1,0,0,0,0,0,0,1,4,4,4,3,2,1,0,5,1882.72,3,,10,,5,6,10/19/2022 19:23:00,8,2,2,2,6,6,1,1,1,1,3,,4,1,3,3,3,7,,2,3,2,2,2,,"85326",0.588541865348816,1,2
273,"pexxf5bdvk8rn3gu",10/19/2022 19:50:00,98,1,3,3,1,1,0,0,0,0,0,0,1,2,1977,0,0,1,0,0,1,3,3,1,1,0,0,0,1,0,0,0,0,0,0,0,0,0,0,0,0,0,1,0,2,1,3,2,1,4,10,1,4,1,4,1,,,,,,,2,1,,,1,2,2,1,1,4,2,1,4,2,,,,2,1,1,1,1,1,1,3,3,2,2,2,3,1,4,3,1,2,1,1,4,1,1,,,1,0,0,0,1,1,,,,,,1,0,1,1,0,0,0,0,1,1,1,1,2,3,0,1,5,1558.58,4,,10,,5,6,10/19/2022 19:24:00,14,2,1,2,2,3,1,2,1,2,2,2,,1,1,2,2,10,5,,1,1,2,,2,"86303",0.440324991941452,2,2
275,"2vwe842v5n246bn6",10/19/2022 20:06:00,98,1,3,1,,0,0,0,0,1,0,0,1,1,1961,0,0,0,1,0,3,5,6,1,1,0,1,0,0,0,0,0,0,1,0,0,0,0,0,0,0,0,0,0,2,2,3,2,3,3,7,2,4,2,6,2,,,,,,,2,6,,,6,1,1,1,1,1,1,1,1,2,,,,1,1,1,1,1,1,4,4,4,2,3,1,2,3,4,4,1,1,4,4,3,3,3,12,,,0,0,0,1,0,1,1,2,1,3,4,0,0,0,0,1,0,0,4,4,4,4,3,1,0,1,5,2143.78,4,,10,,5,6,10/19/2022 19:28:00,11,2,6,6,6,6,2,1,1,1,1,1,,1,3,2,2,7,3,,2,1,1,,2,"85713",0.611020743846893,1,2
276,"g6nzg2mcnq1yssgr",10/19/2022 20:04:00,98,1,3,1,,0,0,0,0,1,0,0,1,2,1955,0,0,0,1,0,3,4,1,1,0,0,1,0,0,0,0,0,0,0,0,0,1,0,0,0,0,1,0,0,2,1,1,2,2,4,6,3,4,2,2,3,,,,,,,2,2,,,1,4,4,3,3,3,4,4,1,1,1,1,1,2,1,1,1,1,1,3,3,1,2,2,1,3,3,3,1,1,3,4,1,4,1,1,12,,,0,0,0,1,0,1,1,3,2,1,1,1,0,0,0,0,0,0,1,1,1,1,1,2,0,1,5,2056.49,4,,10,,5,6,10/19/2022 19:29:00,8,1,1,1,1,4,1,1,3,2,1,3,,1,3,1,1,10,1,,1,1,3,,2,"85019",0.647396087646484,1,1
280,"xej4v0qgxnxmerr8",10/19/2022 20:08:00,98,1,3,1,,0,0,0,0,1,0,0,1,1,2003,1,0,0,0,0,3,2,4,1,1,0,0,0,0,0,0,1,0,0,0,0,0,0,0,1,0,0,0,0,2,1,2,2,2,2,8,3,3,3,3,3,,,,,,,3,3,,,3,1,1,1,2,2,2,2,2,2,,,,1,1,1,1,1,1,3,3,3,1,2,1,2,2,2,2,2,2,2,2,3,4,4,12,,,1,0,0,0,0,2,2,2,1,3,2,1,0,0,0,0,0,0,4,4,4,4,4,2,1,0,5,707.87,4,,10,,5,6,10/19/2022 19:34:00,8,3,3,3,3,2,1,1,1,1,1,,1,2,3,1,1,5,,3,2,3,4,2,,"85138",0.641772270202637,1,3
281,"k0xaycx89xk6hxwg",10/19/2022 20:06:00,98,1,3,3,1,1,0,0,0,0,0,0,1,1,1989,0,1,0,0,0,1,4,3,1,1,0,0,0,0,0,0,0,0,0,0,0,0,0,0,0,0,0,0,0,2,1,1,1,2,4,10,2,4,2,4,2,,,,,,,2,4,,,2,4,4,4,4,4,2,3,4,1,1,1,1,1,1,1,1,1,1,3,4,4,2,2,1,3,1,1,1,1,1,1,1,4,1,1,,,1,0,0,0,0,1,,,,,,4,0,1,1,0,0,0,0,1,1,1,2,2,6,1,0,5,1661.91,4,,10,,5,6,10/19/2022 19:37:00,8,2,1,1,1,4,3,1,1,1,1,,5,1,3,5,1,10,,5,1,1,2,2,,"85016",0.440324991941452,2,2
285,"7j36trvmucwd31x9",10/19/2022 20:14:00,98,1,3,1,,0,0,0,0,1,0,0,1,1,1999,1,0,0,0,0,3,1,2,1,1,0,0,0,0,0,0,0,0,0,0,0,0,0,0,0,1,0,0,0,4,2,3,2,3,3,4,5,2,5,5,5,,,,,,,2,6,,,6,2,2,2,2,2,2,2,3,2,,,,2,1,1,1,3,2,2,3,2,3,3,2,2,3,4,1,1,2,4,3,3,1,5,12,,,1,0,0,0,0,1,1,1,2,3,1,1,0,0,0,0,0,0,1,4,4,4,3,2,1,0,5,1389.87,3,,10,,5,6,10/19/2022 19:50:00,11,1,6,6,6,6,1,1,1,1,2,,3,1,3,5,3,7,,2,3,2,2,1,,"85756",0.509183943271637,1,1
287,"5c5qhqkd8ujnut9p",10/19/2022 20:24:00,98,1,3,1,,0,0,0,0,1,0,0,1,1,1980,0,0,1,0,0,3,2,3,1,1,0,0,0,0,0,0,0,0,0,0,0,0,1,0,0,0,0,0,0,3,3,3,3,3,3,3,5,5,5,5,5,,,,,,,5,5,,,6,2,1,4,1,4,4,4,2,2,,,,3,2,2,3,2,3,3,2,2,2,3,1,1,4,4,4,4,4,4,4,3,5,5,12,,,1,0,0,0,0,1,1,2,1,3,1,1,0,0,0,0,0,0,3,3,3,3,6,2,1,0,5,1588.81,4,,10,,5,6,10/19/2022 19:57:00,8,2,6,6,6,6,1,1,1,1,3,,2,1,1,1,5,0,,2,3,2,1,2,,"85282",0.611020743846893,1,2
288,"krk2f80ab0m2r0t7",10/19/2022 20:35:00,98,1,3,3,1,1,0,0,0,0,0,0,1,2,1979,0,0,1,0,0,1,5,1,1,1,0,1,0,0,0,0,0,0,0,0,0,0,1,0,0,0,0,0,0,1,1,3,2,2,4,8,1,4,2,3,2,,,,,,,2,5,,,1,4,2,2,3,1,1,2,4,1,0,1,0,1,1,1,1,1,2,4,4,4,1,2,1,3,1,1,1,1,1,1,1,1,1,1,,,1,1,0,0,0,0,,,,,,1,1,0,0,0,0,0,0,1,1,1,1,1,4,0,1,5,2160.2,4,,10,,5,6,10/19/2022 19:59:00,11,1,1,1,1,4,2,2,2,2,2,2,,2,1,2,2,10,1,,2,2,1,,1,"85730",0.440324991941452,2,1
289,"8149tu1b4c0xen2s",10/19/2022 20:29:00,98,1,3,1,,0,0,0,0,1,0,0,1,1,1954,0,0,0,1,0,3,1,1,1,0,0,0,0,0,0,0,0,0,1,0,0,0,0,0,1,0,1,0,0,2,1,2,2,3,3,10,5,5,5,5,5,,,,,,,5,5,,,1,4,4,2,4,4,4,2,1,2,,,,1,1,1,2,1,1,4,4,4,2,2,2,2,1,1,1,1,1,1,1,1,1,1,12,,,0,0,0,1,0,1,2,1,2,3,1,0,0,1,0,0,0,1,1,1,1,2,1,2,1,0,5,1540.19,4,,10,,5,6,10/19/2022 20:03:00,11,1,1,1,1,4,2,1,2,2,1,,1,2,1,1,5,9,,2,1,1,1,2,,"85713",0.560516059398651,1,1
292,"r6afbtvw837k728x",10/19/2022 20:35:00,98,1,3,1,,0,0,0,0,1,0,0,1,1,1977,0,0,1,0,0,1,2,4,1,1,1,0,0,0,0,0,0,0,0,0,0,0,0,1,0,0,0,0,0,3,1,3,2,3,2,10,4,1,4,3,4,,,,,,,4,4,,,3,1,2,1,3,2,2,2,1,1,0,1,0,2,2,2,2,3,2,2,1,1,2,2,1,2,2,2,2,2,2,2,2,3,2,3,5,,1,1,0,0,0,0,1,2,1,3,2,1,1,0,0,0,0,0,0,1,1,1,2,5,3,0,1,5,1623.74,4,,10,,5,6,10/19/2022 20:07:00,11,3,3,3,3,1,1,1,2,2,2,1,,1,1,1,1,5,3,,2,2,2,,1,"85746",0.342827081680298,1,3
296,"cagewaj6uhednjpg",10/19/2022 20:51:00,98,1,3,1,,0,0,0,0,1,0,0,1,2,1974,0,0,1,0,0,3,2,1,1,1,0,1,0,0,0,0,0,0,0,0,0,0,1,0,0,0,0,0,0,2,1,1,2,1,4,9,1,4,2,4,1,,,,,,,1,1,,,1,2,4,2,1,4,4,2,1,1,0,0,1,1,2,2,3,1,1,2,3,3,2,1,1,2,1,1,1,1,1,1,1,2,1,1,12,,,1,0,0,0,0,2,2,2,1,3,1,0,0,1,0,0,0,0,1,1,1,1,1,2,1,0,5,2118.18,4,,10,,5,6,10/19/2022 20:15:00,8,1,1,4,1,4,1,1,2,1,1,,4,1,1,1,1,10,,1,2,1,2,2,,"85306",0.603586912155151,1,1
297,"a1xqmkc2gx951gmf",10/19/2022 20:33:00,4,2,3,1,,0,0,0,0,1,0,0,1,1,2002,1,0,0,0,0,1,2,2,1,0,1,0,0,0,0,1,0,0,0,0,0,0,0,0,0,1,0,0,0,2,2,2,3,2,2,6,2,1,3,2,1,,,,,,,2,2,,,4,4,4,4,1,1,4,3,2,1,1,1,0,2,1,1,4,3,2,2,1,3,2,2,2,2,3,1,2,2,2,3,4,2,1,2,12,,1,1,0,0,0,0,1,2,1,3,2,1,1,0,0,0,0,0,0,1,1,1,1,3,3,0,1,4,649.48,14,,10,,1,2,10/19/2022 20:20:00,8,1,2,3,5,6,1,2,1,1,2,1,,2,2,2,3,6,2,,2,1,1,,2,"85621",0.401989251375198,1,1
298,"02tqaezga40gqhmf",10/19/2022 20:47:00,98,1,3,1,,0,0,0,0,1,0,0,1,1,1999,1,0,0,0,0,1,3,2,1,1,0,0,0,0,1,0,1,0,0,0,0,0,0,0,0,0,0,0,0,2,1,1,2,2,2,8,2,4,2,3,2,,,,,,,2,5,,,2,1,1,2,2,3,3,2,1,2,,,,1,1,2,1,2,1,1,3,2,2,2,2,2,3,3,3,1,3,3,3,3,3,3,12,,3,0,0,0,0,1,1,1,3,1,2,2,0,0,0,0,0,0,1,3,3,3,4,2,3,1,0,5,1581.65,4,,10,,5,6,10/19/2022 20:21:00,11,1,6,6,6,6,2,2,3,2,1,,2,2,3,1,1,5,,2,2,1,2,2,,"85710",0.391680032014847,1,1
300,"0vbduh51yr4mhasd",10/19/2022 20:53:00,98,1,3,3,1,1,0,0,0,0,0,0,1,1,1998,1,0,0,0,0,1,4,3,1,1,0,0,0,1,0,0,0,0,0,0,0,0,0,0,0,0,0,0,0,2,2,3,3,2,3,6,2,3,2,3,2,,,,,,,6,6,,,2,3,4,3,2,1,2,3,4,2,,,,1,2,2,2,2,1,2,2,3,2,2,2,2,3,3,1,1,3,1,1,2,3,5,,,1,1,0,0,0,0,,,,,,3,0,1,1,0,0,0,0,4,4,4,4,2,4,0,1,5,1493.36,4,,10,,5,6,10/19/2022 20:28:00,8,2,2,2,2,3,1,3,2,2,1,1,,1,3,2,2,8,2,,2,2,2,,2,"85048",0.440324991941452,2,2
301,"a72tkt72fakxcc56",10/19/2022 20:57:00,98,1,3,3,2,1,0,0,0,0,0,0,1,2,2004,1,0,0,0,0,1,3,1,1,1,0,0,0,1,0,0,0,0,0,0,0,0,0,0,0,0,0,1,0,1,1,1,1,1,4,7,1,4,1,4,1,,,,,,,1,1,,,4,4,2,2,2,4,1,1,4,1,1,0,0,1,1,1,1,1,1,1,3,3,2,3,1,2,1,1,1,1,1,1,1,4,1,1,,,1,1,0,0,0,0,,,,,,1,1,0,0,0,0,0,0,1,4,1,4,1,3,1,0,5,1672.94,4,,10,,5,6,10/19/2022 20:28:00,8,1,1,1,1,4,1,2,2,2,1,,1,1,1,3,2,10,,1,1,1,1,2,,"85142",0.440324991941452,2,1
303,"x3c8trxdxbsbhfmp",10/19/2022 21:00:00,98,1,3,1,,0,0,0,0,1,0,0,1,2,1992,0,1,0,0,0,1,3,2,1,0,0,0,1,0,0,0,0,0,0,0,0,0,1,0,0,0,0,0,0,2,2,1,2,2,3,10,5,4,2,3,2,,,,,,,2,5,,,2,1,1,2,2,1,4,4,2,1,1,0,0,2,3,2,2,2,2,2,3,2,2,3,1,3,4,4,4,1,1,1,1,4,1,1,12,,2,0,0,0,1,0,1,2,1,2,3,1,0,0,0,1,0,0,0,1,3,3,3,2,2,0,1,5,1578.08,4,,10,,5,6,10/19/2022 20:33:00,8,1,2,2,2,3,1,1,1,1,2,2,,1,1,2,2,10,1,,3,2,2,,2,"85009",0.497996956110001,1,1
308,"py56m9z3rbtmtnq4",10/19/2022 21:30:00,2,2,3,2,,0,0,0,1,0,0,0,1,1,1983,0,1,0,0,0,1,2,5,1,1,0,0,1,0,0,0,0,0,0,0,0,0,0,0,0,0,1,0,0,4,1,3,1,2,2,10,4,1,2,2,2,,,,,,,2,3,,,4,4,2,2,1,1,1,1,4,2,,,,1,2,2,4,1,2,2,3,2,2,2,1,2,1,3,3,1,4,4,4,1,2,2,,,1,1,0,0,0,0,,,,,,1,1,0,0,0,0,0,0,1,2,1,2,4,6,1,0,2,840.56,14,,10,,1,2,10/19/2022 21:16:00,8,3,1,2,2,6,2,2,2,1,3,,2,2,3,2,2,5,,2,1,3,3,2,,"85051",2.11141228675842,2,3
311,"j1efwh6k9gy9vva1",10/19/2022 21:26:00,2,2,3,2,,0,0,0,1,0,0,0,1,1,1986,0,1,0,0,0,1,5,1,1,0,0,0,0,1,0,0,0,0,0,0,1,0,0,0,0,1,0,0,0,1,1,3,1,1,1,10,1,2,1,2,1,,,,,,,1,2,,,1,1,1,1,1,1,1,1,1,1,1,0,0,1,1,1,1,1,1,1,1,1,1,1,1,1,3,1,2,2,2,2,3,1,1,1,,,1,1,0,0,0,0,,,,,,1,1,0,0,0,0,0,0,1,3,1,1,1,6,0,1,2,312.71,14,,10,,1,2,10/19/2022 21:19:00,13,1,1,1,1,1,1,1,1,1,1,1,,1,1,1,1,10,1,,1,1,1,,1,"85702",1.72751939296722,2,1
314,"ydagnjhjpyvd786v",10/19/2022 21:46:00,2,2,3,3,1,1,0,0,0,0,0,0,1,1,1962,0,0,0,1,0,1,2,3,1,0,0,0,0,0,0,0,1,0,1,0,0,0,0,0,0,0,1,0,0,4,1,1,4,1,4,10,4,1,4,4,1,,,,,,,1,4,,,1,4,4,1,1,4,4,4,4,2,,,,1,4,1,1,1,1,1,2,1,2,3,1,1,4,4,4,4,4,4,4,4,2,2,,,1,1,0,0,0,0,,,,,,1,0,0,1,0,0,0,0,1,1,1,1,2,1,1,0,2,1029.8,12,,13,,1,1,10/19/2022 21:29:00,9,2,1,1,1,4,1,1,1,1,1,,5,1,3,3,3,5,,4,4,4,4,1,,"86413",0.440324991941452,2,2
315,"2wmtu1d87dq0aupy",10/19/2022 21:40:00,2,2,3,3,1,1,0,0,0,0,0,0,1,2,1962,0,0,0,1,0,1,4,3,1,0,1,0,0,0,0,0,0,0,0,0,0,0,1,0,0,0,0,1,0,4,1,1,4,4,4,10,5,5,2,5,5,,,,,,,4,5,,,5,4,1,1,1,1,3,4,4,1,0,0,1,1,4,2,4,3,3,4,4,3,2,2,1,3,4,4,4,4,3,4,4,4,1,1,,,1,1,0,0,0,0,,,,,,1,0,0,1,0,0,0,0,1,1,1,1,6,1,1,0,2,670.09,12,,13,,1,1,10/19/2022 21:29:00,8,2,5,5,5,5,1,1,3,3,3,,3,3,3,3,3,10,,1,1,1,1,1,,"85021",0.240000009536743,2,2
318,"n5twberf197gjvj2",10/19/2022 21:42:00,2,2,3,1,,0,0,0,0,1,0,0,1,2,1984,0,1,0,0,0,1,1,4,1,0,0,1,1,0,0,0,1,0,0,0,0,0,0,0,0,0,0,0,0,2,3,1,2,4,3,4,4,1,5,5,3,,,,,,,3,3,,,6,4,4,4,1,4,4,2,4,2,,,,3,2,2,3,2,3,3,2,3,3,2,1,2,2,3,2,3,3,3,3,2,2,2,12,,2,1,0,0,0,0,6,4,1,2,3,2,1,0,0,0,0,0,0,4,4,4,4,6,1,0,1,2,404.2,14,,10,,1,2,10/19/2022 21:35:00,11,3,6,6,3,2,2,2,2,4,3,3,,3,3,3,3,4,1,,3,2,4,,1,"85713",0.411264002323151,1,3
319,"2ffeg705zg5hv7ke",10/19/2022 22:16:00,2,2,3,5,1,0,1,0,0,0,0,0,1,2,1987,0,1,0,0,0,1,2,3,1,1,0,0,0,1,1,0,0,0,0,0,0,0,0,0,0,0,0,0,0,1,1,2,1,1,1,10,1,6,1,6,6,,,,,,,6,5,,,5,3,2,1,1,1,1,2,3,1,1,0,0,1,1,1,2,1,1,1,1,1,3,2,1,2,2,2,1,1,1,2,1,1,1,1,,,1,1,0,0,0,0,,,,,,3,1,0,0,0,0,0,0,1,3,2,3,2,1,0,1,2,343.91,12,,13,,1,1,10/19/2022 21:36:00,8,2,6,6,6,6,1,1,1,1,1,1,,1,1,1,3,10,1,,1,1,2,,2,"85337",0.800000011920929,2,2
321,"9xwc6r0ye843d7x8",10/19/2022 21:51:00,2,2,3,2,,0,0,0,1,0,0,0,1,2,1975,0,0,1,0,0,1,3,3,1,1,0,0,1,0,0,0,0,0,0,0,0,1,0,0,0,0,0,0,0,3,2,3,2,2,2,0,3,4,2,3,3,,,,,,,2,2,,,6,4,2,1,2,3,3,4,4,1,0,0,1,1,1,1,1,1,1,4,4,4,2,3,1,3,2,2,3,1,2,2,3,2,5,5,,,1,1,0,0,0,0,,,,,,2,1,0,0,0,0,0,0,4,4,4,4,3,2,0,1,2,673.91,14,,10,,1,2,10/19/2022 21:39:00,11,2,2,2,6,6,1,1,3,1,1,3,,1,3,5,1,10,5,,1,1,4,,2,"85713",1.91946589946747,2,2
322,"1rky3juu6n5hkr8m",10/19/2022 21:58:00,2,2,3,3,1,1,0,0,0,0,0,0,1,1,1955,0,0,0,1,0,1,3,1,1,1,0,0,0,0,1,0,0,0,0,0,0,0,0,0,0,0,0,1,0,2,1,3,1,1,4,8,1,4,1,4,2,,,,,,,1,2,,,1,4,4,4,3,4,1,1,4,2,,,,2,2,2,1,1,1,2,4,4,2,2,2,2,1,1,1,1,1,1,1,4,1,1,,,1,1,0,0,0,0,,,,,,3,0,1,1,0,0,0,0,1,1,1,1,1,1,1,0,2,928.58,4,,10,,5,6,10/19/2022 21:42:00,8,1,1,1,1,4,2,2,2,2,1,,3,1,1,3,1,10,,1,1,1,2,2,,"85021",0.440324991941452,2,1
323,"espfh1h16h7xjnzt",10/19/2022 22:19:00,2,2,3,2,,0,0,0,1,0,0,0,1,2,1948,0,0,0,1,0,1,2,3,1,1,0,0,0,0,0,0,1,0,0,0,0,0,0,0,0,0,1,0,0,4,1,1,2,3,2,10,4,1,4,2,3,,,,,,,5,5,,,6,4,4,1,4,3,1,1,4,2,,,,4,2,2,2,2,2,1,3,3,3,3,2,2,4,2,3,3,2,4,2,1,2,2,,,1,1,0,0,0,0,,,,,,2,1,0,0,0,0,0,0,1,1,1,1,3,1,1,0,2,2197.2,4,,10,,5,6,10/19/2022 21:42:00,9,2,6,6,6,6,1,2,3,3,3,,1,2,3,2,3,1,,3,4,3,3,1,,"86440",1.835453748703,2,2
324,"g2p55vcp78zcae7e",10/19/2022 21:51:00,2,2,3,2,,0,0,0,1,0,0,0,1,1,1966,0,0,1,0,0,1,3,3,1,1,0,0,0,0,0,0,1,0,0,0,0,0,0,0,0,0,1,0,0,2,1,1,2,2,1,10,2,4,4,4,2,,,,,,,1,3,,,1,4,4,3,1,4,4,4,4,2,,,,4,4,1,1,2,1,1,1,4,1,1,1,3,1,1,1,1,1,1,1,2,1,5,,,1,1,0,0,0,0,,,,,,3,1,0,0,0,0,0,0,1,4,4,4,2,1,0,1,2,478.21,14,,10,,1,2,10/19/2022 21:42:00,1,2,1,1,1,1,4,2,3,4,5,1,,1,2,1,2,10,1,,1,1,3,,1,"85936",1.91946589946747,2,2
327,"xt18g0y80qv7v47c",10/19/2022 21:52:00,2,2,3,2,,0,0,0,1,0,0,0,1,1,1987,0,1,0,0,0,1,6,1,1,0,0,0,0,0,0,0,0,0,1,1,0,0,0,0,1,0,0,0,0,1,1,3,1,1,1,10,1,4,1,4,1,,,,,,,1,1,,,1,1,1,1,1,1,1,1,1,1,1,0,0,1,1,1,1,1,1,1,2,1,1,1,2,3,1,1,1,1,1,1,1,1,1,1,,,1,1,0,0,0,0,,,,,,1,1,0,0,0,0,0,0,1,1,1,1,1,6,1,0,2,330.53,14,,10,,1,2,10/19/2022 21:45:00,1,1,1,1,1,4,1,1,1,1,1,,1,1,1,1,5,10,,1,1,1,1,1,,"85702",1.72751927375793,2,1
329,"48aejrk722ayjtw5",10/19/2022 22:08:00,2,2,3,2,,0,0,0,1,0,0,0,1,2,1948,0,0,0,1,0,1,4,2,1,1,0,0,0,0,0,0,1,0,0,0,0,0,0,0,0,0,0,0,1,4,1,1,2,2,2,8,4,3,4,2,2,,,,,,,4,3,,,2,4,3,2,4,3,2,1,3,1,0,1,0,3,3,2,1,1,3,2,4,3,1,2,1,2,1,1,1,1,1,1,3,1,2,2,,,1,0,0,0,1,0,,,,,,1,1,0,0,0,0,0,0,1,1,1,1,3,3,0,1,2,1212.47,12,,13,,1,1,10/19/2022 21:47:00,11,1,3,1,1,3,2,2,2,1,2,4,,2,2,2,3,5,3,,1,3,2,,1,"83268",2.72943449020386,2,1
331,"jnfqt2fyahz1cv23",10/19/2022 21:58:00,2,2,3,4,1,0,0,1,0,0,0,0,1,2,1989,0,1,0,0,0,1,5,2,1,1,0,0,0,0,0,1,0,0,0,0,0,0,1,0,0,0,0,0,0,1,2,2,1,2,2,8,1,2,1,1,2,,,,,,,3,2,,,3,1,1,1,1,2,3,2,2,1,0,1,0,2,2,1,1,2,1,1,1,2,1,1,2,3,2,1,1,3,2,1,3,1,1,1,,,2,0,1,0,0,0,,,,,,1,0,0,0,0,0,0,1,1,1,1,1,2,3,0,1,2,428.28,14,,10,,1,2,10/19/2022 21:50:00,8,1,1,3,4,3,2,1,2,2,1,2,,1,1,1,4,7,2,,1,1,2,,1,"85254",0.821056425571442,2,1
332,"wsu4a7jbvjtvyvp5",10/19/2022 22:02:00,4,2,3,1,,0,0,0,0,1,0,0,1,1,2003,1,0,0,0,0,1,2,2,1,1,0,0,0,1,0,0,0,0,1,0,0,0,0,0,0,0,0,0,0,2,1,1,2,2,4,9,2,4,2,4,3,,,,,,,2,5,,,1,4,2,4,1,1,3,3,4,1,1,0,0,1,1,1,1,1,1,4,4,4,3,3,1,2,1,4,1,1,4,1,4,3,3,5,12,,1,0,0,1,1,0,3,2,1,2,3,2,0,1,1,1,0,0,0,4,4,4,4,2,4,1,0,4,538.76,12,,13,,1,1,10/19/2022 21:53:00,3,1,1,1,1,1,2,1,2,2,1,,3,1,1,5,1,10,,1,1,1,2,2,,"86011",0.431166261434555,1,1
335,"p4rzb27hjpe9xw8j",10/19/2022 22:11:00,2,2,3,2,,0,0,0,1,0,0,0,1,2,1974,0,0,1,0,0,1,3,1,1,0,1,0,1,0,1,0,0,0,0,0,0,0,0,0,0,0,0,0,0,3,1,1,2,1,1,10,3,4,3,4,2,,,,,,,2,3,,,1,3,4,2,1,3,4,4,4,2,,,,1,1,1,1,1,1,3,4,4,3,3,1,3,4,4,4,1,1,1,1,4,1,1,,,2,1,0,0,0,0,,,,,,4,1,0,0,0,0,0,0,1,1,1,4,2,1,1,0,2,791.66,12,,13,,1,1,10/19/2022 21:57:00,11,1,1,1,1,4,1,1,1,1,1,,5,1,1,4,1,10,,5,1,1,2,2,,"85741",1.91946589946747,2,1
336,"jvk7awqt75n07s1x",10/19/2022 22:02:00,2,2,3,2,,0,0,0,1,0,0,0,1,2,1995,1,0,0,0,0,1,1,3,1,1,0,0,0,0,1,0,1,0,0,0,0,0,0,0,0,0,0,0,0,3,3,1,4,4,4,4,6,6,6,6,6,,,,,,,6,6,,,6,4,4,1,2,4,4,1,4,2,,,,2,4,3,3,4,3,2,4,3,3,2,2,2,4,4,4,4,4,4,4,3,5,5,,,1,1,0,0,0,0,,,,,,3,1,0,0,0,0,0,0,4,4,4,4,6,1,0,1,2,281.98,14,,10,,1,2,10/19/2022 21:57:00,8,2,6,6,6,6,2,2,2,2,3,3,,2,3,3,3,3,5,,4,4,4,,2,"85015",1.835453748703,2,2
337,"spwhwqspcsqpwq27",10/19/2022 22:10:00,2,2,3,2,,0,0,0,1,0,0,0,1,1,1959,0,0,0,1,0,3,4,2,1,0,1,0,0,0,1,0,0,0,1,0,0,0,0,0,0,0,0,0,0,2,2,1,2,1,3,8,2,4,1,4,1,,,,,,,1,4,,,1,4,3,1,1,4,1,3,4,1,1,0,0,2,1,1,1,1,2,4,4,4,2,3,1,3,1,1,1,1,1,1,1,4,1,5,,,,1,0,0,0,0,,,,,,4,0,0,0,1,1,0,1,1,1,1,4,2,1,0,1,2,620.44,14,,10,,1,2,10/19/2022 21:59:00,8,1,1,1,1,6,2,3,1,2,4,5,,1,1,4,1,10,1,,1,1,2,,2,"85028",1.72751927375793,2,1
340,"rq69mq1ey68avhw8",10/19/2022 22:12:00,2,2,3,2,,0,0,0,1,0,0,0,1,2,1962,0,0,0,1,0,1,6,1,1,0,0,0,1,0,1,0,0,0,0,0,0,0,0,1,0,0,0,0,0,1,1,1,1,1,4,10,1,4,1,4,1,,,,,,,1,3,,,1,4,4,2,2,1,4,4,4,1,1,0,0,4,3,1,1,1,1,2,3,4,3,2,1,3,1,1,1,1,1,1,1,4,1,1,,,1,1,0,0,0,0,,,,,,4,0,0,0,1,0,0,0,1,1,1,1,2,6,1,0,2,560.71,4,,10,,5,6,10/19/2022 22:03:00,8,1,1,1,1,4,2,4,2,1,5,,5,2,1,1,5,10,,5,1,1,2,1,,"85024",1.91946589946747,2,1
342,"0wjsyekxzfmjsza6",10/19/2022 22:19:00,2,2,3,2,,0,0,0,1,0,0,0,1,2,1967,0,0,1,0,0,1,2,3,1,1,0,0,1,0,0,0,0,0,0,1,0,0,0,0,0,0,0,0,0,4,1,1,2,2,2,10,4,4,4,4,4,,,,,,,2,5,,,6,4,3,1,3,1,4,4,4,2,,,,2,3,1,1,1,1,1,4,1,3,3,1,3,4,4,4,4,4,4,4,2,5,5,,,1,1,0,0,0,0,,,,,,3,1,0,0,0,0,0,0,4,4,4,4,3,2,0,1,2,691.85,12,,13,,1,1,10/19/2022 22:06:00,8,2,1,1,2,6,1,1,1,1,3,1,,1,3,1,1,10,1,,1,1,2,,1,"85006",1.91946589946747,2,2
343,"r2qe08npdzntaa1u",10/19/2022 22:16:00,2,2,3,2,,0,0,0,1,0,0,0,1,2,2002,1,0,0,0,0,1,3,3,1,0,0,1,0,0,0,0,1,0,0,0,0,0,1,0,0,0,0,0,0,4,1,1,3,4,3,7,4,3,2,2,3,,,,,,,1,4,,,4,4,1,1,3,1,1,2,3,2,,,,1,1,3,2,1,2,2,3,3,2,3,1,2,2,2,2,1,4,2,1,3,1,2,,,1,0,0,0,1,0,,,,,,3,0,0,1,0,0,0,0,1,2,1,4,4,2,1,0,2,467.41,12,,13,,1,1,10/19/2022 22:08:00,8,2,3,3,2,1,1,1,2,2,1,,5,2,1,1,4,8,,2,3,1,3,2,,"85345",2.41749739646912,2,2
345,"12pkup392g8s2kxk",10/19/2022 22:27:00,2,2,3,2,,0,0,0,1,0,0,0,1,2,1953,0,0,0,1,0,1,4,1,1,0,0,0,1,1,0,0,0,0,1,0,0,0,0,0,0,0,0,0,0,1,1,1,1,2,1,10,1,4,1,4,1,,,,,,,1,3,,,1,2,4,1,1,1,1,4,4,1,1,0,0,2,2,1,1,1,1,4,4,4,3,2,1,2,1,1,1,1,1,1,1,3,1,1,,,3,1,0,0,0,0,,,,,,4,1,0,0,0,0,0,0,1,1,1,1,2,2,0,1,2,979.76,4,,10,,5,6,10/19/2022 22:08:00,14,1,1,1,1,6,2,2,1,2,2,3,,1,1,5,1,10,1,,1,1,2,,2,"86303",1.91946589946747,2,1
346,"eqzheg82ba2yshbf",10/19/2022 22:24:00,2,2,3,1,,0,0,0,0,1,0,0,1,1,1988,0,1,0,0,0,1,6,4,1,0,0,1,0,0,0,1,0,0,1,0,0,0,0,0,0,0,0,0,0,2,1,3,2,2,2,8,3,1,3,2,3,,,,,,,2,3,,,3,1,1,1,1,1,1,1,2,1,1,1,0,2,2,2,2,2,2,2,3,2,2,2,2,2,2,2,2,2,2,2,2,3,2,2,12,,1,1,0,0,0,0,1,2,2,1,3,2,0,1,0,0,0,0,0,1,1,1,1,5,6,0,1,2,803.41,13,,10,,5,6,10/19/2022 22:10:00,8,3,4,2,2,2,1,2,2,2,2,2,,1,3,3,2,5,3,,3,2,2,,2,"85046",0.529502391815186,1,3
347,"vaub733an32ehz7x",10/19/2022 22:23:00,2,2,3,2,,0,0,0,1,0,0,0,1,2,1976,0,0,1,0,0,1,5,1,1,1,1,0,1,0,0,0,0,0,0,0,0,0,0,0,0,0,0,0,0,3,1,2,3,2,4,5,2,4,2,4,1,,,,,,,2,4,,,1,4,4,4,4,4,3,3,4,1,1,1,0,1,2,1,2,1,1,1,4,4,2,3,1,3,1,1,1,1,1,1,1,2,1,2,,,1,1,0,0,0,0,,,,,,3,1,0,0,0,0,0,0,1,1,1,1,2,4,1,0,2,641.01,14,,10,,1,2,10/19/2022 22:12:00,9,1,1,1,1,4,2,2,2,1,3,,2,1,3,1,1,10,,5,1,1,1,2,,"86440",1.91946601867676,2,1
348,"9280pmx1dgad8juw",10/19/2022 22:36:00,2,2,3,2,,0,0,0,1,0,0,0,1,2,1972,0,0,1,0,0,1,3,5,1,1,1,0,0,0,0,0,0,0,0,0,0,1,0,0,0,0,0,0,0,4,1,1,3,3,2,7,4,1,4,1,4,,,,,,,4,3,,,4,4,3,2,4,2,4,4,4,1,1,0,0,1,4,1,2,4,1,2,4,4,1,3,1,1,2,2,3,1,2,2,2,1,2,2,,,1,1,0,0,0,0,,,,,,1,1,0,0,0,0,0,0,2,4,4,4,5,1,0,1,2,1367.21,12,,13,,1,1,10/19/2022 22:13:00,11,3,4,4,4,1,1,2,1,2,3,1,,2,2,1,1,0,5,,3,4,4,,2,"85321",2.41749739646912,2,3
351,"95703ya30pxcuer2",10/19/2022 22:36:00,2,2,3,2,,0,0,0,1,0,0,0,1,2,1954,0,0,0,1,0,1,3,1,1,0,0,0,0,1,1,0,0,0,1,0,0,0,0,0,0,0,0,0,0,1,1,1,1,2,1,10,1,4,1,4,1,,,,,,,1,4,,,1,4,1,1,2,4,4,4,4,2,,,,1,1,1,1,1,1,4,4,4,2,3,1,3,1,1,1,1,1,1,1,2,1,1,,,1,1,0,0,0,0,,,,,,4,0,0,0,1,0,0,0,1,1,1,1,1,2,1,0,2,814.17,5,,10,,5,6,10/19/2022 22:22:00,11,1,1,1,1,4,3,2,2,2,1,,5,1,1,5,1,10,,5,1,1,2,2,,"85718",1.91946589946747,2,1
354,"211kkpnvhy49agm2",10/19/2022 22:42:00,2,2,3,1,,0,0,0,0,1,0,0,1,1,1998,1,0,0,0,0,1,2,1,1,0,0,0,1,0,1,1,0,0,0,0,0,0,0,0,0,0,0,0,0,1,2,1,2,1,4,8,1,4,1,4,1,,,,,,,1,6,,,1,1,1,1,1,1,4,4,4,1,1,0,0,2,2,1,1,1,2,3,3,2,1,1,1,1,1,1,1,1,1,1,1,1,1,1,22,1,1,1,0,0,0,0,2,1,2,3,1,2,0,1,1,0,0,0,0,1,1,1,1,1,1,1,0,2,481.46,12,,13,,1,1,10/19/2022 22:34:00,2,1,1,1,1,1,1,1,2,2,1,,2,2,1,1,1,10,,1,1,3,1,1,,"85607",0.299421012401581,1,1
355,"xgkghj1vvtppcs2p",10/19/2022 22:44:00,2,2,3,3,1,1,0,0,0,0,0,0,1,1,1999,1,0,0,0,0,1,4,2,1,1,1,0,0,0,0,0,0,0,0,0,0,1,0,0,0,0,0,0,0,2,3,1,2,2,3,6,2,4,3,4,2,,,,,,,2,3,,,2,2,1,3,1,1,2,3,4,1,1,1,0,2,2,2,2,2,2,3,2,3,2,2,1,2,2,2,1,1,2,1,1,3,1,5,,,2,1,0,0,0,0,,,,,,2,0,1,1,0,0,1,0,1,3,4,4,2,4,1,0,2,327.46,12,,13,,1,1,10/19/2022 22:38:00,8,1,1,1,1,6,2,2,2,2,2,,2,1,1,2,2,9,,1,2,2,2,2,,"85224",0.440324991941452,2,1
358,"qg1b77wft6uac0wa",10/19/2022 23:13:00,2,2,3,2,,0,0,0,1,0,0,0,1,2,1972,0,0,1,0,0,1,2,5,1,1,0,1,0,0,0,1,0,0,0,0,0,0,0,0,0,0,0,0,0,4,1,3,3,2,1,5,4,1,3,1,3,,,,,,,2,3,,,4,4,1,1,2,1,4,4,4,2,,,,3,3,1,3,2,3,1,4,3,2,3,2,1,2,3,2,2,2,2,2,2,2,2,,,1,1,0,0,0,0,,,,,,1,1,0,0,0,0,0,0,1,1,1,1,4,1,0,1,2,882.31,14,,10,,1,2,10/19/2022 22:57:00,12,3,1,3,6,6,1,2,3,1,2,1,,2,3,1,1,0,4,,1,4,2,,1,"85137",1.70009708404541,2,3
359,"ekfafhmtkvy48hpe",10/19/2022 23:30:00,2,2,3,2,,0,0,0,1,0,0,0,1,1,1980,0,0,1,0,0,1,6,1,1,0,0,1,0,1,1,0,0,0,0,0,0,0,0,0,0,0,0,0,0,1,1,3,1,1,1,10,1,4,3,4,1,,,,,,,1,1,,,1,3,1,1,1,1,1,2,4,1,1,0,0,1,1,1,1,1,2,1,1,1,2,2,1,2,1,1,1,1,1,1,1,1,1,1,,,1,1,0,0,0,0,,,,,,2,1,0,0,0,0,0,0,1,1,1,1,1,6,0,1,2,1697.99,4,,12,,5,6,10/19/2022 22:58:00,8,1,1,1,1,4,1,2,1,2,1,1,,1,3,1,4,9,1,,1,1,1,,2,"85353",1.72751927375793,2,1
361,"aemve5q42vwcfxq8",10/20/2022 00:06:00,2,2,3,2,,0,0,0,1,0,0,0,1,2,1985,0,1,0,0,0,1,2,5,1,1,0,0,0,0,0,0,1,0,0,0,0,1,0,0,0,0,0,0,0,4,3,1,4,1,1,5,4,1,4,1,4,,,,,,,4,1,,,4,1,4,1,1,4,4,1,4,2,,,,1,3,1,2,1,1,1,3,4,3,3,2,1,2,2,2,2,2,2,2,3,2,4,,,1,1,0,0,0,0,,,,,,3,1,0,0,0,0,0,0,2,3,4,4,5,1,0,1,2,3647.72,12,,13,,1,1,10/19/2022 23:05:00,8,3,6,6,6,6,1,1,2,1,3,1,,1,3,3,3,5,5,,2,4,4,,2,"85373",1.835453748703,2,3
362,"nsqqrf4ay31k3kv5",10/19/2022 23:12:00,2,2,3,2,,0,0,0,1,0,0,0,1,2,1994,1,0,0,0,0,1,2,5,1,1,0,0,0,0,0,0,0,0,0,0,0,0,0,0,0,0,0,0,0,4,3,2,1,3,3,8,4,1,4,3,4,,,,,,,4,3,,,4,4,1,2,2,1,3,3,4,1,0,1,0,3,2,3,2,3,2,2,3,2,1,2,1,2,3,3,3,2,3,3,3,3,2,2,,,1,0,0,0,1,0,,,,,,2,0,1,0,0,0,0,0,2,2,3,2,5,1,1,0,2,307.98,12,,13,,1,1,10/19/2022 23:07:00,8,3,4,3,2,1,2,2,1,1,3,,2,2,1,2,2,6,,2,2,2,2,1,,"85204",2.41749739646912,2,3
363,"g70xdfew7rn8znfg",10/19/2022 23:20:00,2,2,3,2,,0,0,0,1,0,0,0,1,2,1960,0,0,0,1,0,1,3,1,1,0,0,0,1,0,1,0,0,0,0,0,0,0,0,0,0,0,0,1,0,1,1,1,1,1,1,10,1,4,1,4,1,,,,,,,1,3,,,1,3,3,1,2,2,1,1,4,2,,,,3,1,1,1,1,1,4,4,4,2,3,1,3,1,3,1,1,1,1,1,4,1,1,,,1,1,0,0,0,0,,,,,,3,1,0,0,0,0,0,0,1,1,1,1,2,4,1,0,2,665.84,12,,13,,3,6,10/19/2022 23:09:00,8,1,1,1,1,4,2,2,2,1,1,,4,1,3,2,1,10,,1,1,1,2,2,,"85205",1.91946589946747,2,1
365,"2ndmcknbx4gjm54w",10/19/2022 23:18:00,2,2,3,2,,0,0,0,1,0,0,0,1,2,1985,0,1,0,0,0,1,3,3,1,0,1,0,0,0,0,0,0,0,0,0,0,0,0,0,0,0,0,0,0,2,2,3,2,1,2,9,3,4,6,1,2,,,,,,,5,3,,,2,2,4,1,1,2,2,2,2,2,,,,3,2,4,3,1,2,2,1,3,1,1,1,3,2,1,3,1,2,3,2,2,2,2,,,1,1,0,0,0,0,,,,,,4,1,0,0,0,0,0,0,4,4,4,4,4,1,1,0,2,247.44,14,,10,,1,2,10/19/2022 23:13:00,8,2,1,2,4,4,2,3,2,1,1,,1,2,2,1,3,8,,3,1,3,3,1,,"85303",1.91946589946747,2,2
366,"f7cg2y9ffjxpke85",10/19/2022 23:24:00,2,2,3,2,,0,0,0,1,0,0,0,1,2,1970,0,0,1,0,0,1,4,1,1,1,0,0,1,0,0,0,0,0,0,0,0,0,0,0,0,0,0,1,0,2,1,1,2,2,1,6,2,4,3,3,2,,,,,,,1,4,,,1,4,2,1,1,3,3,3,3,1,0,0,1,2,1,1,2,1,1,1,3,3,2,3,1,3,1,2,1,1,1,1,1,3,1,1,,,1,0,0,0,0,1,,,,,,2,0,0,0,1,0,0,0,1,1,1,1,2,4,0,1,2,466.92,12,,13,,1,1,10/19/2022 23:15:00,11,1,1,1,1,5,3,2,2,2,2,4,,1,3,5,1,10,1,,1,2,2,,2,"85745",1.91946589946747,2,1
368,"d6v71bdekqn2dxf0",10/19/2022 23:24:00,2,2,3,2,,0,0,0,1,0,0,0,1,1,2000,1,0,0,0,0,1,5,1,1,0,0,0,0,1,0,0,0,0,0,0,0,0,0,0,0,1,1,0,0,1,1,1,1,1,1,10,1,1,1,1,2,,,,,,,2,2,,,1,1,1,1,1,2,2,2,2,1,1,0,0,1,1,1,2,2,1,2,2,2,1,1,1,1,1,2,2,2,1,2,1,1,1,1,,,1,0,1,0,0,0,,,,,,1,1,0,0,0,0,0,0,2,1,2,1,1,6,0,1,2,247.4,15,,10,,5,6,10/19/2022 23:18:00,6,1,1,1,1,1,1,1,1,1,1,1,,1,1,1,1,10,1,,1,1,1,,1,"85001",1.72751939296722,2,1
370,"fvkf8y84te1jdwg2",10/19/2022 23:28:00,2,2,3,1,,0,0,0,0,1,0,0,1,1,1992,0,1,0,0,0,1,3,1,1,0,0,0,0,1,0,0,0,0,0,1,0,0,0,1,0,0,0,0,0,2,3,2,2,2,1,6,1,2,1,2,2,,,,,,,4,4,,,2,2,3,1,3,3,3,2,1,1,1,1,1,2,2,1,2,2,3,4,4,3,2,3,1,1,2,3,4,3,2,3,2,2,1,1,6,,2,1,0,0,0,0,3,3,3,1,2,1,1,0,0,0,0,0,0,1,3,2,1,4,2,0,1,2,292.57,12,,13,,1,1,10/19/2022 23:23:00,8,1,2,2,4,2,3,2,2,3,2,3,,2,1,3,3,5,2,,2,3,2,,2,"85086",0.299421012401581,1,1
371,"dgduh93pxh5z5sy9",10/19/2022 23:41:00,2,2,3,2,,0,0,0,1,0,0,0,1,1,1989,0,1,0,0,0,1,6,1,1,1,0,0,1,1,0,0,0,0,0,0,0,0,0,0,0,0,0,0,0,1,1,3,1,1,1,10,1,2,1,2,1,,,,,,,1,2,,,1,1,2,1,1,1,1,2,4,1,1,0,0,2,1,1,2,1,3,2,1,3,2,1,2,3,3,1,1,1,3,1,1,1,1,1,,,1,1,0,0,0,0,,,,,,1,1,0,0,0,0,0,0,1,1,1,1,1,6,1,0,2,751.37,14,,10,,1,2,10/19/2022 23:24:00,11,1,1,1,1,4,1,2,1,3,1,,2,1,1,1,5,10,,1,3,1,2,1,,"85702",1.72751927375793,2,1
377,"gadw57ap2jvc71s8",10/19/2022 23:41:00,3,2,3,1,,0,0,0,0,1,0,0,1,2,1984,0,1,0,0,0,1,4,3,1,0,0,1,0,1,0,0,0,0,0,0,0,0,1,0,0,0,0,0,0,3,1,1,2,3,3,5,4,4,4,4,5,,,,,,,4,3,,,6,4,1,1,2,1,1,1,1,1,1,0,0,1,2,1,1,1,1,1,1,1,2,3,1,1,2,4,3,4,2,4,4,1,5,1,21,1,3,1,0,0,0,0,6,3,1,3,2,2,0,1,1,0,0,0,0,1,1,1,1,2,2,0,1,3,643.89,12,,13,,1,1,10/19/2022 23:30:00,14,2,4,1,4,4,1,1,1,1,1,1,,1,1,2,3,2,4,,1,3,1,,1,"86303",0.386095523834229,1,2
379,"vp9zdssmvmd6syxw",10/19/2022 23:47:00,2,2,3,2,,0,0,0,1,0,0,0,1,1,1989,0,1,0,0,0,1,6,1,1,0,0,0,1,0,0,1,1,0,0,0,0,0,0,0,0,0,0,0,0,1,2,3,1,1,1,9,1,1,1,2,1,,,,,,,1,2,,,1,1,1,1,1,1,2,1,2,2,,,,1,2,2,1,1,2,1,1,2,1,1,1,3,1,1,1,1,1,1,1,1,1,1,,,1,1,0,0,0,0,,,,,,1,1,0,0,0,0,0,0,1,1,1,1,1,6,0,1,2,508.19,12,,13,,1,1,10/19/2022 23:37:00,11,1,1,1,2,1,1,1,2,1,1,1,,2,1,1,5,9,1,,1,1,2,,1,"85702",1.72751927375793,2,1
381,"e6vgs9m7xuxtux1u",10/19/2022 23:48:00,2,2,3,1,,0,0,0,0,1,0,0,1,2,1981,0,0,1,0,0,1,2,4,1,0,0,0,0,0,0,0,0,0,0,0,0,0,0,0,1,0,0,0,0,1,5,,1,4,4,5,1,1,1,1,1,,,,,,,1,1,,,3,1,1,1,1,1,1,1,1,1,1,0,0,1,1,1,1,1,1,1,1,1,1,1,1,2,1,1,2,1,1,1,2,1,3,4,4,,1,1,0,0,0,0,6,4,1,2,3,1,1,0,0,0,0,0,0,1,2,3,3,1,1,1,0,2,370.61,14,,10,,1,2,10/19/2022 23:42:00,11,3,2,2,3,2,2,2,2,2,1,,1,3,1,2,3,5,,5,1,1,2,1,,"85711",0.31439208984375,1,3
383,"pzdmkua224sa5fsy",10/20/2022 00:19:00,2,2,3,1,,0,0,0,0,1,0,0,1,2,1985,0,1,0,0,0,1,2,2,1,1,0,0,0,0,0,0,0,0,0,0,1,1,0,0,0,0,0,0,0,4,1,1,3,2,4,5,4,2,6,3,2,,,,,,,2,5,,,2,4,4,4,1,2,3,1,4,1,1,1,1,2,2,2,3,1,2,2,2,4,2,3,1,1,4,4,3,3,4,4,4,3,1,1,12,,1,1,0,0,0,0,6,4,1,3,2,3,1,0,0,0,0,0,0,1,1,1,1,2,1,1,0,2,1782.52,14,,10,,1,2,10/19/2022 23:48:00,8,1,2,2,1,4,2,2,3,2,3,,3,1,3,3,3,5,,3,2,3,2,2,,"85041",0.497996956110001,1,1
384,"0mf6g0n8xh6m5rew",10/20/2022 00:13:00,2,2,3,2,,0,0,0,1,0,0,0,1,2,1992,0,1,0,0,0,1,6,1,1,0,0,1,0,1,0,0,0,0,1,0,0,0,0,0,0,0,0,0,0,1,1,2,1,1,1,8,1,1,2,2,1,,,,,,,2,1,,,1,1,2,1,2,1,2,1,2,1,1,0,0,1,1,2,1,2,2,2,1,1,1,1,1,1,1,1,1,1,1,1,1,1,1,2,,,1,0,1,0,1,0,,,,,,1,1,0,0,0,0,0,0,1,2,1,2,1,6,1,0,2,884.87,13,,10,,5,6,10/19/2022 23:54:00,1,1,2,2,2,3,1,1,1,1,1,,1,1,1,1,1,8,,1,1,2,1,1,,"85060",1.91946589946747,2,1
386,"at0f112v3s0txh5c",10/20/2022 00:13:00,2,2,3,1,,0,0,0,0,1,0,0,1,1,1980,0,0,1,0,0,1,4,1,1,0,1,0,1,0,0,0,0,0,1,0,0,0,0,0,0,0,0,0,0,2,1,2,3,2,2,10,2,4,2,3,3,,,,,,,3,3,,,1,4,4,4,4,4,2,4,2,1,1,0,0,2,1,1,2,1,2,2,3,4,1,3,1,3,4,4,4,4,4,4,4,4,1,1,12,,2,1,0,0,0,0,1,1,3,2,1,2,1,0,0,0,0,0,0,1,1,1,1,2,5,1,0,2,833.1,14,,10,,1,2,10/19/2022 23:59:00,15,1,1,1,2,3,2,2,2,1,1,,4,1,1,2,2,10,,1,1,1,1,2,,"85349",0.431166261434555,1,1
388,"y6uttvrqz94qz4ux",10/20/2022 00:18:00,2,2,3,2,,0,0,0,1,0,0,0,1,2,1975,0,0,1,0,0,1,5,2,1,0,0,0,0,1,0,0,0,0,0,0,1,0,0,0,0,0,1,0,0,2,3,3,2,2,2,7,2,2,1,2,3,,,,,,,1,2,,,2,2,1,2,1,2,1,2,1,2,,,,1,2,2,1,1,2,2,1,2,1,2,2,2,1,1,1,1,1,1,1,1,3,1,,,1,1,0,0,0,0,,,,,,2,1,0,0,0,0,0,0,1,2,1,2,1,6,0,1,2,768.76,4,,10,,5,6,10/20/2022 00:04:00,1,1,2,2,2,3,2,2,2,2,2,2,,2,3,2,2,6,1,,4,1,1,,1,"85001",1.91946601867676,2,1
390,"0rzmmm53rbzbhxh4",10/20/2022 00:21:00,2,2,3,2,,0,0,0,1,0,0,0,1,2,1979,0,0,1,0,0,1,4,1,1,1,0,0,1,0,0,0,0,0,0,0,1,0,0,0,0,0,0,0,0,2,1,1,2,2,3,6,2,4,2,4,2,,,,,,,2,5,,,1,4,2,1,2,1,1,4,4,2,,,,1,2,2,4,1,2,3,4,4,2,2,1,3,1,1,1,1,1,1,1,3,1,1,,,1,1,0,0,0,0,,,,,,4,0,0,0,1,0,0,0,1,1,1,1,3,3,0,1,2,626.07,12,,13,,1,1,10/20/2022 00:10:00,12,1,2,1,1,6,1,2,2,1,2,3,,2,3,2,2,10,1,,1,1,2,,2,"85142",1.91946589946747,2,1
391,"21nh2n7c6ux9v4qm",10/20/2022 00:28:00,3,2,3,1,,0,0,0,0,1,0,0,1,2,1993,1,0,0,0,0,1,2,2,1,0,0,0,0,1,1,0,0,0,0,0,0,0,0,0,0,1,0,0,0,2,2,3,2,2,4,5,1,4,1,4,3,,,,,,,1,6,,,2,1,4,1,1,1,4,4,4,2,,,,1,1,1,1,2,1,1,1,2,2,3,1,1,1,1,1,1,1,1,1,2,1,3,12,,3,0,0,0,1,0,1,2,3,2,1,1,1,0,0,0,0,0,0,2,3,3,3,2,3,1,0,3,709.74,12,,11,,1,1,10/20/2022 00:15:00,11,1,1,6,6,6,2,1,1,1,3,,4,1,3,1,2,5,,1,3,1,1,2,,"85714",0.483492195606232,1,1
392,"2c9wvf70qj1y9hzk",10/20/2022 00:34:00,2,2,3,2,,0,0,0,1,0,0,0,1,2,1966,0,0,1,0,0,1,5,4,1,1,0,0,0,0,0,0,1,0,0,0,0,1,0,0,0,0,0,0,0,3,2,1,3,3,2,2,3,4,3,3,3,,,,,,,3,3,,,6,4,2,3,3,4,4,4,4,1,1,1,0,4,2,2,2,2,2,2,3,3,3,3,1,3,2,2,3,1,2,1,1,1,2,2,,,1,1,0,0,0,0,,,,,,2,0,0,0,1,0,0,0,1,1,1,1,4,6,0,1,2,1044.33,13,,11,,5,6,10/20/2022 00:16:00,8,3,2,2,2,2,2,2,3,2,3,2,,2,3,2,3,7,5,,1,2,2,,2,"85305",1.91946601867676,2,3
393,"vbbff3sy343k9vwp",10/20/2022 00:27:00,2,2,3,2,,0,0,0,1,0,0,0,1,2,1992,0,1,0,0,0,1,1,6,1,0,0,0,0,0,1,0,0,0,0,0,0,0,0,1,0,0,1,0,0,2,4,,4,2,2,0,2,3,5,5,5,,,,,,,5,5,,,6,4,4,4,4,1,4,4,4,2,,,,3,2,2,2,1,3,2,4,3,3,3,2,2,4,4,4,4,4,4,4,1,5,5,,,1,1,0,0,0,0,,,,,,4,0,0,0,0,0,0,1,4,4,4,4,6,1,1,0,2,582.31,12,,13,,1,1,10/20/2022 00:16:00,11,2,6,6,6,6,4,4,4,4,5,,3,3,3,3,3,6,,1,4,4,4,2,,"85022",1.835453748703,2,2
394,"q1afjt2hvs5vuf3a",10/20/2022 00:28:00,2,2,3,2,,0,0,0,1,0,0,0,1,1,1961,0,0,0,1,0,1,4,1,1,1,0,0,0,1,1,0,0,0,0,0,0,0,0,0,0,0,0,0,0,1,1,1,2,2,2,10,1,2,1,3,2,,,,,,,1,1,,,1,4,3,4,2,4,1,2,4,2,,,,1,2,1,1,1,2,3,3,3,2,2,2,3,3,3,1,1,1,1,1,3,1,5,,,1,1,0,0,0,0,,,,,,2,1,0,0,0,0,0,0,1,1,1,4,2,1,0,1,2,563.5,13,,11,,5,6,10/20/2022 00:17:00,2,1,1,1,1,4,2,2,1,2,2,4,,2,1,2,1,10,1,,3,2,1,,2,"85635",1.72751927375793,2,1
396,"a11qwy72b7r611kv",10/20/2022 00:23:00,2,2,3,1,,0,0,0,0,1,0,0,1,2,1981,0,0,1,0,0,1,4,1,1,0,0,0,0,0,0,0,0,0,0,0,0,0,0,0,0,0,0,0,1,1,1,3,1,2,2,9,1,4,1,4,1,,,,,,,1,4,,,1,4,4,1,1,4,1,1,4,2,,,,2,3,1,2,3,4,3,4,1,2,3,1,3,1,1,1,1,1,1,1,2,1,1,12,,1,1,0,0,0,0,5,3,3,2,1,1,0,0,1,0,0,0,0,3,1,1,1,2,5,1,0,2,290.9,14,,10,,1,2,10/20/2022 00:18:00,11,1,1,1,1,1,1,2,2,1,3,,3,1,1,4,3,9,,1,1,2,3,2,,"85706",0.497996956110001,1,1
400,"6ugemc8z7hj2d1r4",10/20/2022 00:39:00,2,2,3,1,,0,0,0,0,1,0,0,1,2,1990,0,1,0,0,0,1,2,3,1,1,0,0,0,0,0,0,0,0,0,0,0,0,0,0,1,1,0,0,0,4,1,1,2,4,2,10,4,2,4,2,4,,,,,,,4,4,,,4,4,4,1,1,4,4,4,4,1,1,1,0,4,2,2,3,3,3,1,2,2,1,3,2,1,2,2,2,2,2,2,2,1,2,2,12,,3,0,1,0,1,0,2,4,2,3,1,1,0,0,0,0,0,1,0,1,2,1,3,5,2,0,1,2,910.42,14,,10,,1,2,10/20/2022 00:23:00,8,2,4,4,3,6,2,2,3,2,3,1,,3,3,1,2,0,5,,4,4,3,,2,"85021",0.518354594707489,1,2
401,"znzxb7t9umacmj1w",10/20/2022 00:49:00,3,2,3,1,,0,0,0,0,1,0,0,1,2,1992,0,1,0,0,0,1,2,6,1,1,0,0,0,0,1,0,0,0,0,0,1,0,0,0,0,0,0,0,0,3,2,3,2,3,3,5,3,3,3,3,3,,,,,,,3,3,,,6,4,1,2,2,2,2,2,2,2,,,,2,2,2,3,1,2,1,2,3,1,3,1,2,4,4,4,4,4,4,4,3,5,5,12,,2,0,0,0,1,0,1,2,1,2,3,1,0,1,0,0,0,0,0,1,2,2,2,3,2,0,1,3,1270.45,12,,13,,1,1,10/20/2022 00:28:00,8,2,6,6,6,6,1,2,2,2,3,3,,1,3,2,2,2,3,,1,2,1,,2,"85345",0.411264002323151,1,2
402,"1hupzxtn5uzhd13h",10/20/2022 00:42:00,2,2,3,2,,0,0,0,1,0,0,0,1,2,1975,0,0,1,0,0,1,5,1,1,0,1,0,0,1,0,0,0,0,0,0,0,1,0,0,0,0,0,0,0,2,3,3,2,2,2,7,1,1,2,1,2,,,,,,,2,2,,,2,2,1,2,1,2,1,2,1,2,,,,2,1,2,2,1,1,2,1,2,1,2,2,2,1,1,1,1,1,1,1,2,1,1,,,1,1,0,0,0,0,,,,,,2,1,0,0,0,0,0,0,1,2,1,2,1,6,1,0,2,802.24,13,,10,,5,6,10/20/2022 00:28:00,1,1,1,2,2,3,1,2,2,1,3,,2,2,1,2,2,6,,2,4,2,1,1,,"85001",1.91946601867676,2,1
405,"m3b14a88014cphjh",10/20/2022 00:43:00,2,2,3,2,,0,0,0,1,0,0,0,1,1,1966,0,0,1,0,0,1,5,2,1,1,0,0,1,0,0,1,0,0,0,0,0,0,0,0,0,0,0,0,0,2,1,3,1,2,3,10,2,4,2,4,2,,,,,,,1,4,,,1,4,4,1,1,1,1,4,4,2,,,,2,1,1,1,1,1,2,1,3,2,3,1,3,1,1,1,1,3,1,1,3,1,1,,,1,1,0,0,0,0,,,,,,4,1,0,0,0,0,0,0,1,1,1,1,2,4,0,1,2,433.69,12,,13,,1,1,10/20/2022 00:35:00,8,1,1,1,1,1,2,2,2,1,3,2,,2,3,2,3,10,5,,1,1,2,,2,"85281",1.72751939296722,2,1
406,"f1wqcc8bzpmq402x",10/20/2022 00:58:00,2,2,3,2,,0,0,0,1,0,0,0,1,2,1953,0,0,0,1,0,1,2,1,1,1,0,0,1,1,0,0,0,0,0,0,0,0,0,0,0,0,0,0,0,1,1,1,2,1,4,10,1,4,1,4,1,,,,,,,1,1,,,1,4,4,3,3,4,3,3,4,1,1,0,0,1,1,1,1,1,1,1,4,4,2,3,1,1,1,1,1,1,1,1,1,4,1,1,,,1,1,0,0,0,0,,,,,,1,1,0,0,0,0,0,0,1,1,1,1,1,1,0,1,2,1374.57,14,,10,,1,2,10/20/2022 00:35:00,11,1,1,1,1,4,1,1,1,1,1,1,,1,1,1,1,10,1,,1,1,1,,2,"85715",1.91946589946747,2,1
408,"xacxn0q2jug4bfn6",10/20/2022 00:53:00,2,2,3,2,,0,0,0,1,0,0,0,1,1,1975,0,0,1,0,0,1,6,1,1,0,0,0,0,0,0,0,0,1,0,0,1,0,1,0,0,0,0,0,0,1,1,3,1,1,4,10,1,2,1,1,1,,,,,,,2,1,,,2,1,2,1,1,1,1,2,1,2,,,,1,2,1,1,2,1,1,2,1,2,1,2,3,1,1,1,1,1,1,1,1,1,1,,,1,1,0,0,0,0,,,,,,1,1,0,0,0,0,0,0,1,1,1,1,1,6,0,1,2,908.19,13,,10,,5,6,10/20/2022 00:37:00,5,1,1,1,1,4,1,1,1,2,2,2,,3,1,1,2,10,1,,4,1,1,,1,"85001",1.72751927375793,2,1
409,"rpsnwrzpxhw2pcpx",10/20/2022 00:49:00,2,2,3,2,,0,0,0,1,0,0,0,1,1,1946,0,0,0,1,0,1,2,5,1,1,0,0,0,0,0,0,1,0,0,0,0,0,0,0,0,1,0,0,0,3,1,1,3,2,2,6,3,2,3,2,3,,,,,,,3,2,,,3,4,4,3,3,4,4,4,4,2,,,,4,3,2,3,2,2,1,2,2,1,2,2,2,2,3,4,2,2,4,4,2,2,2,,,1,1,0,0,0,0,,,,,,2,0,0,0,0,0,0,1,1,1,1,1,4,5,1,0,2,671.71,14,,10,,1,2,10/20/2022 00:37:00,8,3,5,6,6,1,2,2,2,2,3,,1,2,3,2,4,8,,5,3,3,2,2,,"85204",2.01899909973145,2,3
411,"7w40e0uy73hx8bb3",10/20/2022 00:55:00,2,2,3,2,,0,0,0,1,0,0,0,1,1,1982,0,0,1,0,0,1,5,1,1,1,0,0,0,0,0,0,0,0,1,1,0,0,0,0,0,0,0,0,0,3,1,3,1,2,2,9,2,2,1,3,1,,,,,,,1,2,,,1,1,2,1,1,2,1,1,4,2,,,,1,3,2,3,3,1,1,1,1,2,2,2,1,2,2,1,1,1,2,2,2,1,1,,,1,1,0,0,0,0,,,,,,1,1,0,0,0,0,0,0,1,1,1,1,2,6,1,0,2,640.36,14,,10,,1,2,10/20/2022 00:43:00,6,1,1,1,1,4,1,2,1,2,1,,1,1,3,2,1,8,,2,1,2,2,1,,"85926",1.72751939296722,2,1
413,"s92tm3vwr140z5tg",10/20/2022 00:57:00,2,2,3,2,,0,0,0,1,0,0,0,1,1,1955,0,0,0,1,0,1,4,2,1,1,0,0,1,0,0,0,0,1,0,0,0,0,0,0,0,0,0,0,0,2,1,1,1,1,1,10,2,4,2,4,2,,,,,,,1,3,,,1,4,4,4,4,4,2,3,4,2,,,,3,2,1,1,1,1,4,4,4,2,3,1,3,1,1,1,1,1,1,1,4,1,1,,,1,1,0,0,0,0,,,,,,4,0,0,0,1,0,0,0,1,1,1,1,2,1,1,0,2,512.79,13,,11,,5,6,10/20/2022 00:48:00,8,1,1,1,1,4,2,2,2,2,3,,5,2,3,2,4,10,,1,1,1,1,1,,"85015",1.72751927375793,2,1
414,"3d7qf5dd725bww05",10/20/2022 01:00:00,2,2,3,2,,0,0,0,1,0,0,0,1,2,1987,0,1,0,0,0,1,6,3,1,0,0,0,0,1,0,0,1,0,0,1,0,0,0,0,0,0,0,0,0,2,4,,2,1,1,8,2,2,2,1,2,,,,,,,1,1,,,2,1,2,1,1,2,2,2,2,1,1,1,0,2,1,1,2,1,2,2,1,2,2,2,1,1,2,2,1,2,2,1,1,2,2,2,,,2,1,0,0,0,0,,,,,,2,1,0,0,0,0,0,0,1,1,2,1,2,6,0,1,2,630.54,3,,10,,5,6,10/20/2022 00:48:00,1,2,2,4,1,3,2,2,2,2,2,2,,1,1,2,2,7,2,,2,2,1,,1,"85001",1.70009708404541,2,2
415,"b0k74usa6sjmdc9m",10/20/2022 01:01:00,2,2,3,1,,0,0,0,0,1,0,0,1,1,1989,0,1,0,0,0,1,2,5,1,1,0,0,1,1,0,0,0,0,0,0,0,0,0,0,0,0,0,0,0,4,1,1,1,1,4,9,1,4,1,4,1,,,,,,,1,2,,,4,4,2,1,1,2,4,3,4,1,1,0,0,1,1,1,1,1,1,4,4,4,2,3,2,3,1,1,1,1,1,1,1,3,1,1,12,,1,0,0,0,1,0,1,1,3,2,1,4,0,1,1,0,0,0,0,1,1,1,1,1,1,1,0,2,565.06,14,,10,,1,2,10/20/2022 00:51:00,8,3,1,1,1,4,2,1,1,1,3,,5,1,1,1,1,9,,1,1,4,1,1,,"85033",0.431166261434555,1,3
416,"0qcmrzpd0q82hasf",10/20/2022 01:09:00,2,2,3,2,,0,0,0,1,0,0,0,1,2,1953,0,0,0,1,0,1,4,3,1,0,0,0,0,1,0,0,1,0,0,0,0,0,0,0,1,0,0,0,0,4,1,1,1,3,2,10,4,2,4,2,4,,,,,,,3,3,,,3,4,4,4,4,4,2,3,4,1,0,0,1,3,3,3,1,2,2,1,3,3,1,1,2,3,2,2,2,1,2,3,4,1,2,2,,,1,1,0,0,0,0,,,,,,1,1,0,0,0,0,0,0,1,1,1,1,4,6,0,1,2,1045.04,4,,10,,5,6,10/20/2022 00:51:00,8,2,3,3,1,1,1,2,1,2,4,2,,2,3,3,3,4,3,,1,3,3,,1,"85051",2.41749739646912,2,2
418,"hqt02938w0f5rv0k",10/20/2022 01:17:00,2,2,3,2,,0,0,0,1,0,0,0,1,2,1981,0,0,1,0,0,1,6,5,1,1,0,0,1,0,0,0,0,1,0,0,0,0,0,0,0,0,0,0,0,2,2,3,2,2,2,8,2,1,2,1,2,,,,,,,2,2,,,3,2,2,1,2,1,2,2,3,2,,,,2,2,3,2,2,2,2,2,2,2,2,1,1,2,2,2,2,2,2,2,2,2,2,,,1,1,0,0,0,0,,,,,,2,1,0,0,0,0,0,0,1,1,1,1,5,6,0,1,2,1010.72,14,,10,,1,2,10/20/2022 00:58:00,8,3,3,3,3,2,2,2,2,2,3,3,,2,3,2,2,6,2,,2,3,2,,1,"85142",2.41749739646912,2,3
420,"z895hrfkkcttuw50",10/20/2022 01:10:00,2,2,3,2,,0,0,0,1,0,0,0,1,2,1975,0,0,1,0,0,1,5,1,1,0,0,1,0,0,0,0,0,0,0,0,1,0,1,0,0,0,0,0,0,2,3,1,2,2,2,8,1,2,2,1,2,,,,,,,2,1,,,1,2,1,2,1,2,1,2,1,2,,,,1,2,1,2,1,2,2,1,2,2,1,2,2,1,1,1,1,1,1,1,1,1,1,,,1,1,0,0,0,0,,,,,,1,1,0,0,0,0,0,0,1,2,1,2,1,6,1,0,2,487.59,3,,10,,5,6,10/20/2022 00:59:00,1,1,2,2,2,3,2,1,1,2,1,,2,2,1,2,1,7,,1,4,2,1,1,,"85001",1.91946601867676,2,1
421,"jrjk5bn6sz46zw2e",10/20/2022 01:22:00,2,2,3,2,,0,0,0,1,0,0,0,1,2,1981,0,0,1,0,0,1,6,5,1,1,1,0,0,0,0,1,0,0,0,0,0,0,0,0,0,0,0,0,0,2,2,3,1,1,2,8,2,2,2,2,2,,,,,,,2,2,,,4,1,1,1,1,1,1,1,4,2,,,,2,2,2,2,2,2,2,2,2,2,1,2,3,2,2,2,2,2,2,2,2,2,1,,,1,1,0,0,0,0,,,,,,2,1,0,0,0,0,0,0,1,1,1,1,5,6,1,0,2,1230.73,14,,10,,1,2,10/20/2022 01:00:00,8,3,4,4,4,1,2,2,2,2,3,,2,1,2,2,2,7,,2,2,2,2,1,,"85142",2.41749739646912,2,3
422,"7bg8p8y3z7wqawb2",10/20/2022 01:16:00,2,2,3,1,,0,0,0,0,1,0,0,1,2,1985,0,1,0,0,0,1,1,6,1,0,0,0,0,0,1,0,0,0,0,0,0,0,0,0,0,0,0,0,0,1,3,3,3,4,2,3,3,3,4,1,3,,,,,,,3,2,,,3,1,3,2,3,2,3,2,1,2,,,,1,2,1,2,3,2,3,2,2,2,1,2,2,3,2,3,2,3,3,2,4,5,4,12,,3,0,0,1,0,0,3,2,3,1,2,3,0,0,0,0,0,0,1,1,3,2,2,6,1,1,0,2,705.72,14,,10,,1,2,10/20/2022 01:04:00,8,2,6,3,5,4,4,2,3,2,3,,3,3,3,2,3,6,,5,3,2,4,2,,"85335",0.394936829805374,1,2
423,"m2b7121h7tcx7u3h",10/20/2022 01:19:00,2,2,3,4,1,0,0,1,0,0,0,0,1,1,2003,1,0,0,0,0,1,2,2,1,0,0,0,0,1,1,1,0,0,0,0,0,0,0,0,0,0,0,0,0,3,2,1,3,2,3,3,3,2,1,3,2,,,,,,,2,3,,,2,4,3,4,3,1,3,3,3,2,,,,1,2,2,2,1,2,4,4,4,2,2,1,3,4,4,1,4,1,1,1,2,3,4,,,1,1,0,0,0,0,,,,,,3,0,0,0,1,0,0,0,4,4,4,4,3,3,0,1,2,608.41,4,,10,,5,6,10/20/2022 01:08:00,11,1,2,2,2,3,2,2,2,1,2,1,,1,3,2,1,7,5,,1,2,2,,2,"85730",0.880649983882904,2,1
425,"tsdmb8rn6fb2txmv",10/20/2022 03:20:00,2,2,3,1,,0,0,0,0,1,0,0,1,2,1991,0,1,0,0,0,1,2,3,1,0,0,0,0,0,0,0,0,1,0,0,0,0,0,0,1,0,0,0,1,1,3,1,1,1,1,10,1,1,1,1,1,,,,,,,1,1,,,4,1,1,1,1,1,1,1,1,1,1,0,0,1,1,1,1,1,1,1,1,1,1,1,2,1,1,1,1,1,1,1,1,1,1,1,12,,1,0,1,0,0,0,1,1,1,2,3,1,0,1,0,1,1,0,0,1,1,1,1,4,4,0,1,2,7673.95,14,,10,,1,2,10/20/2022 01:11:00,8,2,3,3,3,4,1,1,1,2,1,1,,1,1,1,5,10,1,,1,1,1,,1,"85009",0.518354594707489,1,2
427,"p3dk46cb04hy4msw",10/20/2022 01:36:00,2,2,3,1,,0,0,0,0,1,0,0,1,2,1990,0,1,0,0,0,1,5,5,1,0,0,1,0,0,1,0,0,0,1,0,0,0,0,0,0,0,0,0,0,4,2,3,1,1,1,10,5,2,2,4,1,,,,,,,2,1,,,4,1,1,1,1,1,2,1,2,1,0,1,0,2,3,1,1,1,1,2,2,2,2,2,2,2,2,2,2,2,2,2,2,4,2,4,12,,1,1,0,0,0,0,2,2,3,1,2,1,1,0,0,0,0,0,0,1,1,1,3,5,6,1,0,2,1094.83,13,,10,,5,6,10/20/2022 01:16:00,3,3,5,4,3,2,1,2,1,2,1,,2,1,3,1,3,8,,2,1,2,1,1,,"85001",0.394936829805374,1,3
428,"jhyvv3qckvqvtgrz",10/20/2022 01:23:00,2,2,3,2,,0,0,0,1,0,0,0,1,2,1987,0,1,0,0,0,2,6,3,1,0,0,0,0,0,0,0,1,0,0,0,0,0,0,1,0,1,0,0,0,2,2,2,2,2,2,9,2,2,1,2,1,,,,,,,2,2,,,2,2,2,2,2,1,1,1,1,1,0,1,0,1,1,2,2,1,2,2,1,2,2,2,1,2,1,1,2,2,1,2,2,2,2,2,,,,1,0,0,0,0,,,,,,2,1,0,0,0,0,0,0,2,1,1,1,2,6,0,1,2,277.29,5,,10,,5,6,10/20/2022 01:17:00,2,2,2,3,2,2,2,2,2,2,2,2,,2,2,2,2,9,2,,2,2,2,,2,"85001",0.212512135505676,2,2
429,"f7qnkva3hqcwr8ju",10/20/2022 01:22:00,2,2,3,1,,0,0,0,0,1,0,0,1,1,1999,1,0,0,0,0,1,2,5,1,0,0,0,0,1,0,0,0,0,0,0,0,0,0,0,0,0,0,0,0,4,2,3,2,1,3,6,2,1,4,2,3,,,,,,,2,4,,,4,4,3,4,1,1,2,2,2,1,0,1,0,3,3,1,3,3,2,3,3,3,2,3,1,1,4,4,4,2,2,2,2,3,2,2,21,1,3,0,0,1,0,0,1,2,1,2,3,1,1,0,0,0,0,0,0,1,1,1,2,4,3,1,0,2,254.44,12,,13,,1,1,10/20/2022 01:17:00,8,3,3,4,3,6,2,2,2,3,1,,2,2,1,1,2,7,,2,2,2,3,2,,"85029",0.342827081680298,1,3
430,"11zp6tgem3pvz9s9",10/20/2022 01:28:00,2,2,3,2,,0,0,0,1,0,0,0,1,2,1975,0,0,1,0,0,1,5,1,1,0,1,1,0,0,0,0,0,0,0,0,0,0,0,0,0,0,0,0,1,2,3,3,2,2,1,7,1,2,1,2,1,,,,,,,2,1,,,1,1,2,2,1,2,1,2,1,2,,,,2,2,2,1,1,2,2,1,1,2,1,2,2,1,1,1,1,1,1,1,1,1,1,,,1,1,0,0,0,0,,,,,,2,1,0,0,0,0,0,0,1,2,2,1,1,6,0,1,2,467.45,13,,10,,5,6,10/20/2022 01:19:00,1,1,1,2,2,3,1,2,1,2,2,1,,2,1,1,2,6,1,,4,2,1,,1,"85001",1.91946601867676,2,1
431,"b53dtezz53m09nru",10/20/2022 01:32:00,2,2,3,1,,0,0,0,0,1,0,0,1,1,1994,1,0,0,0,0,1,1,3,1,0,0,0,1,0,0,0,0,0,0,0,0,0,0,0,0,1,0,0,1,2,1,2,2,2,2,5,2,2,2,2,2,,,,,,,2,2,,,2,4,1,1,1,3,3,2,2,2,,,,2,2,2,3,2,2,2,2,2,2,2,1,3,1,1,2,3,2,1,2,2,1,4,12,,1,1,0,0,0,0,4,2,3,1,2,2,0,0,1,0,0,0,0,1,2,3,3,3,1,1,0,2,540.2,14,,10,,3,2,10/20/2022 01:23:00,8,2,3,4,2,3,2,1,1,2,2,,2,2,2,2,4,5,,3,2,2,3,1,,"85033",0.592405259609222,1,2
433,"xy5y0p3uc8ef7qsa",10/20/2022 01:42:00,2,2,3,1,,0,0,0,0,1,0,0,1,2,1983,0,1,0,0,0,1,3,3,1,0,0,1,0,0,0,0,0,0,0,1,0,1,0,0,0,0,0,0,0,2,2,1,3,2,3,5,2,4,2,3,2,,,,,,,2,2,,,3,4,3,3,3,3,2,2,4,2,,,,2,2,2,2,1,2,4,4,3,3,2,1,2,1,1,1,1,4,4,2,2,1,1,12,,1,0,0,0,1,0,4,3,2,3,1,4,1,0,0,0,0,0,0,1,2,1,3,2,6,1,0,2,690.57,4,,10,,5,6,10/20/2022 01:31:00,8,2,1,3,6,6,2,2,2,2,3,,4,2,3,3,2,10,,1,1,1,2,2,,"85035",0.422088712453842,1,2
434,"7qx0p2euwa73rgnx",10/20/2022 01:46:00,2,2,3,1,,0,0,0,0,1,0,0,1,2,1989,0,1,0,0,0,1,4,3,1,0,0,0,0,1,0,0,1,0,0,0,0,0,0,0,0,0,1,0,0,2,1,1,4,2,2,10,2,1,4,2,6,,,,,,,1,6,,,4,4,3,1,1,4,4,4,4,1,0,1,0,1,4,1,2,1,2,1,2,1,1,2,2,1,2,3,2,4,1,2,3,2,2,2,21,2,1,0,0,0,0,1,5,4,1,2,3,1,0,1,0,0,0,0,0,1,3,1,1,4,3,1,0,2,782.42,14,,10,,1,2,10/20/2022 01:33:00,8,2,1,1,5,5,1,1,1,1,4,,2,2,2,2,3,9,,5,1,3,1,2,,"85022",0.31439208984375,1,2
437,"3vbsqnhh0444mft5",10/20/2022 01:48:00,2,2,3,1,,0,0,0,0,1,0,0,1,2,1997,1,0,0,0,0,1,2,1,1,1,0,0,1,0,1,0,0,0,0,0,0,0,0,0,0,0,0,0,0,3,1,1,1,2,4,8,4,4,3,4,1,,,,,,,1,3,,,1,3,3,2,1,1,2,1,2,1,1,0,0,1,2,2,1,1,3,1,4,4,1,3,1,3,3,1,1,1,2,1,1,1,1,5,12,,1,1,0,0,0,0,1,2,1,2,3,4,1,0,0,0,0,0,0,1,4,4,4,1,2,0,1,2,439.74,14,,10,,1,2,10/20/2022 01:40:00,11,1,1,1,1,5,1,1,2,2,2,1,,1,3,2,1,7,1,,1,1,1,,2,"85756",0.497996956110001,1,1
438,"n0mrgp7hnr9xknnj",10/20/2022 01:56:00,2,2,3,1,,0,0,0,0,1,0,0,1,1,1989,0,1,0,0,0,1,6,2,1,1,0,0,0,0,1,0,0,0,0,0,0,0,1,0,0,0,0,0,0,2,2,3,2,2,2,8,2,3,3,3,2,,,,,,,2,3,,,2,1,1,1,1,1,1,1,1,1,1,1,0,2,2,3,2,2,2,2,2,3,2,2,1,2,2,2,2,2,2,3,2,2,1,1,1,,1,1,0,0,0,0,1,2,2,3,1,2,0,1,0,0,0,0,0,1,1,1,1,2,6,0,1,2,557.1,13,,10,,5,6,10/20/2022 01:45:00,8,1,2,2,1,4,2,2,2,2,2,2,,1,3,3,2,7,2,,2,2,2,,1,"85046",0.299421012401581,1,1
440,"vb1836rz3rr5zbch",10/20/2022 01:57:00,2,2,3,2,,0,0,0,1,0,0,0,1,1,1975,0,0,1,0,0,1,6,1,1,0,0,0,1,0,0,1,0,1,0,0,0,0,0,0,0,0,0,0,0,1,1,3,1,1,4,10,1,4,2,4,1,,,,,,,1,2,,,1,2,1,1,2,1,1,1,1,2,,,,1,1,2,1,2,1,1,2,1,2,1,2,3,1,1,1,1,1,1,1,1,1,1,,,1,1,0,0,0,0,,,,,,1,1,0,0,0,0,0,0,1,1,1,1,1,6,1,0,2,619,3,,10,,5,6,10/20/2022 01:45:00,2,1,1,1,1,4,1,1,1,1,1,,2,3,1,1,2,10,,1,4,1,1,1,,"85001",1.72751927375793,2,1
441,"wtam0ccfr4bwfgm0",10/20/2022 01:58:00,2,2,3,1,,0,0,0,0,1,0,0,1,1,1984,0,1,0,0,0,1,6,2,1,0,0,0,0,0,0,1,0,0,0,1,0,0,0,1,0,0,0,0,0,2,2,3,2,2,2,6,3,3,5,2,5,,,,,,,2,3,,,2,1,1,1,1,1,1,1,1,1,1,0,0,3,2,1,3,2,3,2,2,2,2,2,1,2,2,3,2,3,2,2,2,2,1,3,1,,1,1,0,0,0,0,1,2,3,2,1,2,0,1,0,0,0,0,0,1,2,2,1,2,6,1,0,2,586.23,13,,10,,5,6,10/20/2022 01:46:00,8,1,2,1,2,3,2,2,2,2,2,,2,2,1,2,4,7,,2,2,2,2,1,,"85046",0.299421012401581,1,1
442,"jsf4ktx9fg6p7hd6",10/20/2022 02:06:00,2,2,3,1,,0,0,0,0,1,0,0,1,1,2000,1,0,0,0,0,1,2,1,1,0,0,0,0,0,0,0,0,1,0,0,0,0,0,0,1,0,0,0,0,2,1,3,1,2,1,10,1,3,2,3,1,,,,,,,1,2,,,2,4,3,1,1,3,1,1,2,2,,,,1,2,1,1,1,1,1,1,1,2,2,2,2,1,1,2,1,2,1,2,3,1,3,6,,1,1,0,0,0,0,5,3,3,2,1,1,0,0,0,0,0,1,0,1,1,2,2,1,6,0,1,2,889.22,4,,10,,5,6,10/20/2022 01:51:00,1,1,2,5,5,2,1,1,1,2,3,1,,1,1,1,2,7,2,,2,1,2,,1,"85046",0.174420014023781,1,1
443,"y3t3v4m581zcsqpf",10/20/2022 02:08:00,2,2,3,1,,0,0,0,0,1,0,0,1,1,1995,1,0,0,0,0,1,2,1,1,1,0,0,0,1,0,0,0,0,0,0,0,0,0,0,0,0,0,0,1,1,1,2,1,1,1,10,1,4,1,5,1,,,,,,,1,3,,,1,1,1,1,1,1,1,1,2,1,1,0,0,1,1,1,1,2,2,1,2,1,2,2,1,2,1,1,1,1,2,1,1,1,1,1,12,,1,1,0,0,0,0,2,2,1,3,2,1,0,1,0,0,0,0,0,1,1,1,1,1,2,0,1,2,803.5,14,,10,,1,2,10/20/2022 01:55:00,8,1,1,1,1,1,1,2,2,2,1,1,,1,3,1,2,10,1,,1,3,1,,1,"85283",0.431166261434555,1,1
444,"99y7sm966a66qv3s",10/20/2022 02:14:00,113,2,3,2,,0,0,0,1,0,0,0,1,1,2002,1,0,0,0,0,1,5,1,1,1,1,0,0,1,0,0,0,0,0,0,0,0,0,0,0,0,0,0,0,3,2,3,2,2,2,7,2,3,5,1,4,,,,,,,2,3,,,3,2,2,2,2,2,2,2,2,1,0,1,0,2,2,2,2,2,4,1,2,3,2,2,1,2,2,1,2,2,2,2,2,2,2,2,,,1,0,1,0,0,0,,,,,,2,0,0,1,0,0,0,0,2,2,2,2,2,3,0,1,6,315.35,12,,13,,1,1,10/20/2022 02:08:00,8,1,2,6,3,2,2,2,2,2,2,2,,2,2,3,2,8,2,,2,2,2,,1,"85043",1.67720329761505,2,1
445,"e4vq5c0egspcrg7s",10/20/2022 02:23:00,2,2,3,1,,0,0,0,0,1,0,0,1,2,1975,0,0,1,0,0,1,5,1,1,1,0,0,0,1,1,0,0,0,0,0,0,0,0,0,0,0,0,0,0,2,1,3,1,2,4,9,2,4,2,4,2,,,,,,,1,3,,,1,2,2,1,2,2,1,2,2,1,1,0,0,1,1,1,1,1,1,2,4,4,2,2,1,3,1,1,1,1,1,1,1,3,1,1,12,,3,0,0,0,1,0,2,2,1,3,2,1,0,0,1,0,0,0,0,1,1,1,1,2,4,1,0,2,827.36,14,,10,,1,2,10/20/2022 02:09:00,8,1,1,1,1,4,2,2,1,1,1,,3,1,1,2,1,10,,5,1,1,1,2,,"85015",0.497996956110001,1,1
448,"19t65u3847ffztyf",10/20/2022 02:25:00,113,2,3,1,,0,0,0,0,1,0,0,1,1,1995,1,0,0,0,0,1,2,3,1,0,0,0,1,0,0,0,0,0,0,0,0,1,0,0,0,0,1,0,0,4,3,1,3,3,3,5,4,1,4,2,3,,,,,,,5,4,,,6,4,2,2,2,1,4,4,4,1,1,1,0,1,1,1,1,1,1,2,1,3,1,2,1,3,3,4,4,4,4,4,3,3,2,2,17,,3,1,0,0,0,0,6,4,2,3,1,3,0,1,0,0,0,0,0,1,2,3,4,3,2,1,0,6,550.19,12,,13,,1,1,10/20/2022 02:16:00,11,2,5,6,5,6,1,3,2,2,2,,2,1,2,2,3,6,,3,2,2,3,2,,"85710",0.163200005888939,1,2
451,"krgsrxwz59j82dq2",10/20/2022 02:38:00,113,2,3,1,,0,0,0,0,1,0,0,1,1,1999,1,0,0,0,0,1,2,5,1,0,0,0,0,0,0,0,0,0,0,1,0,0,1,0,0,0,0,1,0,4,2,3,1,2,4,7,4,1,4,5,4,,,,,,,2,4,,,4,4,4,3,3,1,2,2,1,1,0,1,0,3,3,3,3,1,3,2,2,3,1,2,1,3,3,3,2,2,2,2,3,3,2,2,21,1,3,0,0,1,0,0,1,2,1,2,3,1,0,1,1,0,0,0,0,1,1,2,2,5,3,0,1,6,273.38,12,,13,,1,1,10/20/2022 02:33:00,8,3,1,1,1,6,2,2,2,2,2,2,,2,1,1,4,1,3,,2,3,3,,2,"85029",0.299421012401581,1,3
452,"s1k1wayje60kaswc",10/20/2022 03:12:00,2,2,3,1,,0,0,0,0,1,0,0,1,1,1980,0,0,1,0,0,1,4,1,1,0,0,0,0,0,0,0,1,0,0,1,0,0,0,0,0,0,0,1,0,1,1,1,1,1,1,10,1,4,1,4,1,,,,,,,2,3,,,1,2,1,4,1,1,2,3,3,1,1,0,0,2,2,2,2,1,1,4,4,4,2,1,1,1,1,1,1,1,1,1,1,1,1,1,21,1,1,1,0,0,0,0,3,3,2,3,1,1,1,0,0,0,0,0,0,1,1,1,1,1,3,1,0,2,1710.18,14,,10,,1,2,10/20/2022 02:43:00,8,1,1,1,1,1,1,1,1,1,5,,4,1,1,2,1,10,,1,1,1,1,2,,"85031",0.299421012401581,1,1
453,"ccj9uya05bggfxcr",10/20/2022 03:29:00,2,2,3,1,,0,0,0,0,1,0,0,1,2,1971,0,0,1,0,0,1,2,1,1,0,0,0,1,0,1,0,0,0,0,0,0,0,0,0,0,0,1,0,0,2,1,3,1,1,4,10,2,2,1,4,1,,,,,,,1,3,,,1,4,4,4,4,4,1,1,1,1,1,1,0,3,4,1,3,2,3,3,3,1,2,2,1,1,1,1,1,1,2,1,1,2,1,1,12,,1,1,0,0,0,0,1,4,2,3,1,1,1,0,0,0,0,0,0,1,1,1,1,2,3,0,1,2,2403.91,12,,13,,1,1,10/20/2022 02:49:00,8,1,1,4,1,4,3,2,2,1,1,1,,1,3,1,1,10,1,,1,1,1,,2,"85035",0.464297562837601,1,1
454,"6njabg9748qx0w86",10/20/2022 03:42:00,2,2,3,1,,0,0,0,0,1,0,0,1,2,1981,0,0,1,0,0,1,2,1,1,0,0,0,0,0,0,0,0,0,0,0,0,0,0,0,1,0,0,0,0,1,3,2,2,2,4,6,1,4,2,4,1,,,,,,,1,2,,,2,4,2,3,3,4,3,3,4,1,1,0,0,2,4,1,4,4,4,1,4,3,1,3,1,3,1,1,1,4,4,1,1,2,3,3,12,,3,1,0,0,0,0,3,4,2,3,1,1,0,1,0,0,0,0,0,3,3,3,3,1,3,0,1,2,2330.44,14,,10,,1,2,10/20/2022 02:52:00,8,1,2,3,2,3,1,1,2,1,5,2,,1,2,2,1,10,1,,1,1,1,,1,"85017",0.464297562837601,1,1
455,"ags54fvdrq41ss0a",10/20/2022 03:02:00,2,2,3,1,,0,0,0,0,1,0,0,1,1,1975,0,0,1,0,0,1,6,2,1,0,0,0,0,0,0,0,0,1,0,0,0,0,0,0,0,0,1,0,1,1,2,2,1,1,1,8,1,2,1,1,1,,,,,,,2,2,,,2,1,2,1,2,1,1,2,1,2,,,,1,2,2,2,2,2,1,1,1,2,1,2,3,1,1,1,1,1,1,1,1,1,2,12,,1,1,0,0,0,0,6,4,2,3,1,1,0,1,0,0,0,0,0,1,1,1,1,1,6,1,0,2,437.26,13,,10,,5,6,10/20/2022 02:54:00,6,1,1,4,4,4,2,2,2,2,2,,2,3,1,1,2,8,,1,1,1,1,1,,"85001",0.401989251375198,1,1
456,"wg23qda8gvg7fkve",10/20/2022 03:17:00,2,2,3,1,,0,0,0,0,1,0,0,1,2,1969,0,0,1,0,0,3,2,4,1,0,0,0,0,0,0,0,0,0,0,0,0,0,0,0,0,0,1,0,0,3,2,3,3,1,1,5,4,1,2,3,3,,,,,,,5,2,,,3,4,4,1,1,2,4,4,4,2,,,,2,2,2,1,4,2,2,2,2,2,2,2,3,2,3,2,2,1,3,2,3,2,2,12,,,1,0,0,0,0,1,1,2,1,3,3,1,0,0,0,0,0,0,2,4,3,3,4,3,1,0,2,903.73,12,,11,,1,1,10/20/2022 03:02:00,15,3,5,6,6,6,2,2,2,2,2,,3,2,3,2,2,5,,2,3,2,1,2,,"85364",0.534643173217773,1,3
463,"tqtggd6a9xt5na93",10/20/2022 03:53:00,113,2,3,1,,0,0,0,0,1,0,0,1,1,1966,0,0,1,0,0,1,2,3,1,0,0,0,0,0,0,0,1,0,0,0,0,0,0,0,0,0,0,0,0,2,2,2,3,2,2,9,2,2,2,2,2,,,,,,,2,2,,,4,4,1,1,1,1,1,1,1,2,,,,3,2,2,3,3,3,3,2,3,2,2,1,2,1,2,1,1,2,2,2,2,4,4,12,,3,0,0,0,1,0,1,2,1,2,3,2,0,0,0,0,0,0,1,4,4,4,4,3,2,0,1,6,926.42,12,,13,,1,1,10/20/2022 03:37:00,8,2,4,4,6,6,2,2,2,2,4,4,,1,1,3,3,9,1,,1,4,2,,2,"85051",0.592405259609222,1,2
467,"0s9dgx6uqjubruvp",10/20/2022 04:09:00,2,2,3,1,,0,0,0,0,1,0,0,1,1,1975,0,0,1,0,0,1,6,2,1,0,0,0,0,0,0,1,0,1,0,0,0,0,0,0,0,0,0,0,1,1,2,2,2,1,1,9,1,1,2,2,1,,,,,,,1,1,,,1,2,1,2,2,2,2,1,2,2,,,,2,2,2,2,1,2,2,1,2,2,1,2,2,3,1,1,1,1,1,3,1,1,1,12,,1,1,0,0,0,0,6,4,2,3,1,1,1,0,0,0,0,0,0,1,1,1,1,1,6,1,0,2,396.89,13,,10,,5,6,10/20/2022 04:01:00,6,1,1,1,4,4,2,2,2,2,2,,2,3,1,1,2,9,,1,3,2,1,1,,"85001",0.431166261434555,1,1
468,"1kxpx22uyus423qh",10/20/2022 04:15:00,3,2,3,1,,0,0,0,0,1,0,0,1,1,1991,0,1,0,0,0,1,3,1,1,0,0,1,0,0,0,0,0,0,0,0,1,0,0,0,1,0,0,0,0,1,1,1,1,1,1,5,3,3,3,3,3,,,,,,,3,3,,,3,4,1,4,2,4,3,3,2,2,,,,2,2,2,2,2,2,3,2,2,2,2,1,2,3,4,1,1,3,1,1,2,1,3,12,,3,0,0,1,0,0,3,2,1,2,3,1,0,0,0,1,0,0,0,1,1,4,3,2,3,0,1,3,552.88,14,,10,,1,2,10/20/2022 04:05:00,8,1,2,2,3,2,2,2,2,2,3,3,,2,1,3,3,5,1,,1,1,2,,1,"85233",0.431166261434555,1,1
469,"7xep0sup9jjr1vme",10/20/2022 04:35:00,2,2,3,1,,0,0,0,0,1,0,0,1,2,1971,0,0,1,0,0,1,2,1,1,0,0,0,1,0,1,0,1,0,0,0,0,0,0,0,0,0,0,0,0,2,1,2,1,1,3,9,2,2,1,4,1,,,,,,,1,2,,,1,4,4,4,2,4,4,1,4,1,1,1,0,1,1,1,1,1,1,2,4,1,1,1,2,1,1,1,1,1,2,1,1,2,1,1,12,,1,1,0,0,0,0,1,3,1,3,2,1,1,0,0,0,0,0,0,1,1,1,1,2,3,1,0,2,1364.97,12,,13,,1,1,10/20/2022 04:12:00,8,1,1,4,1,4,1,1,2,1,1,,1,3,1,1,2,10,,1,1,1,1,1,,"85035",0.464297562837601,1,1
470,"nmvxdq6bw2ukwu5t",10/20/2022 04:30:00,3,2,3,1,,0,0,0,0,1,0,0,1,2,1976,0,0,1,0,0,1,3,3,1,1,0,0,0,0,0,0,0,0,1,0,0,0,0,0,0,0,0,1,0,4,1,1,2,1,4,10,4,1,3,4,1,,,,,,,6,6,,,1,4,4,4,1,1,1,1,4,2,,,,1,1,1,4,1,1,1,4,4,3,3,2,3,1,1,1,1,1,1,2,2,2,5,21,1,1,1,0,0,0,0,5,4,3,2,1,1,0,1,1,1,0,1,1,1,4,1,4,3,2,0,1,3,753.54,14,,10,,1,2,10/20/2022 04:16:00,8,2,1,1,1,4,2,2,2,2,2,1,,1,1,5,1,10,1,,3,4,2,,2,"85304",0.31439208984375,1,2
471,"hazhv2jf7kry8t6v",10/20/2022 04:56:00,3,2,3,1,,0,0,0,0,1,0,0,1,1,1997,1,0,0,0,0,1,2,1,1,1,0,0,1,0,1,0,0,0,0,0,0,0,0,0,0,0,0,0,0,1,1,1,1,1,4,10,1,4,1,4,1,,,,,,,1,5,,,1,4,1,1,1,1,4,4,4,2,,,,1,1,1,1,1,1,4,4,4,3,2,1,2,1,1,1,1,1,1,1,1,1,3,12,,1,1,0,0,0,0,5,4,2,3,1,4,0,0,0,1,0,0,0,1,4,4,4,1,6,1,0,3,1554.51,14,,10,,1,2,10/20/2022 04:29:00,8,1,1,1,1,4,2,2,2,2,2,,2,1,3,2,1,10,,1,1,4,1,2,,"85043",0.431166261434555,1,1
472,"rtnk9ph3s595x0f1",10/20/2022 04:41:00,2,2,3,1,,0,0,0,0,1,0,0,1,2,1971,0,0,1,0,0,1,4,6,1,0,1,0,0,0,0,0,0,0,0,1,0,0,0,0,0,1,0,0,0,4,3,3,4,1,3,3,4,5,5,6,5,,,,,,,2,6,,,6,1,1,1,2,1,4,4,4,2,,,,3,2,3,3,4,2,3,3,3,3,2,1,2,4,4,4,4,4,4,4,4,5,5,12,,1,1,0,0,0,0,1,2,1,3,2,2,1,0,0,0,0,0,0,4,4,4,4,6,3,1,0,2,320.39,12,,13,,1,1,10/20/2022 04:35:00,8,2,1,1,6,6,4,2,2,2,3,,3,2,2,3,3,3,,5,3,3,3,1,,"85006",0.452724546194077,1,2
473,"c81sxf8cavneuht8",10/20/2022 04:45:00,4,2,3,6,1,0,0,0,0,0,1,0,1,1,2000,1,0,0,0,0,1,2,3,1,1,0,0,0,0,0,0,0,0,0,0,0,0,0,0,0,0,0,0,0,2,2,1,4,4,4,5,5,5,5,5,5,,,,,,,5,5,,,6,3,3,2,1,1,4,4,4,2,,,,2,2,2,2,2,2,2,2,2,3,2,2,2,3,3,3,3,3,3,3,2,5,5,,,1,1,0,0,0,0,,,,,,4,1,0,0,0,0,0,0,4,4,4,4,6,2,0,1,4,249.43,12,,13,,1,1,10/20/2022 04:40:00,12,2,6,6,6,6,4,4,4,4,3,3,,3,3,3,3,5,5,,4,4,4,,2,"85132",0.800000011920929,2,2
474,"v235kdy2sestqpn3",10/20/2022 05:21:00,2,2,3,1,,0,0,0,0,1,0,0,1,1,1997,1,0,0,0,0,1,2,1,1,1,0,0,1,0,1,0,0,0,0,0,0,0,0,0,0,0,0,0,0,1,1,1,1,1,1,10,1,4,1,4,1,,,,,,,1,5,,,1,4,1,1,1,1,3,3,4,2,,,,1,1,1,1,1,1,4,4,4,3,2,1,2,1,1,1,1,1,1,1,1,1,3,12,,1,1,0,0,0,0,5,3,2,3,1,4,0,0,0,1,0,0,0,1,4,4,4,1,6,1,0,2,2339.08,4,,10,,5,6,10/20/2022 04:42:00,8,1,1,1,1,4,1,2,2,2,1,,1,1,3,1,1,10,,1,1,4,1,2,,"85043",0.431166261434555,1,1
476,"0e00um5k4sqh1z4r",10/20/2022 05:04:00,2,2,3,1,,0,0,0,0,1,0,0,1,2,1995,1,0,0,0,0,1,5,1,1,0,0,0,1,0,0,1,1,0,0,0,0,0,0,0,0,0,0,0,0,2,1,2,1,2,1,6,2,4,1,4,2,,,,,,,2,2,,,1,2,1,2,2,2,2,1,1,1,1,0,0,2,2,1,2,2,1,2,2,1,1,2,1,1,3,1,3,3,3,3,3,2,1,1,12,,1,0,1,0,0,0,2,2,3,1,2,2,0,0,1,0,0,0,0,4,3,3,2,2,6,1,0,2,684.45,14,,10,,1,2,10/20/2022 04:53:00,8,1,1,1,1,1,1,1,2,1,3,,1,1,1,1,2,7,,1,1,2,2,1,,"85301",0.497996956110001,1,1
477,"tjhymcqyrrqfbwdt",10/20/2022 05:19:00,2,2,3,4,2,0,0,1,0,0,0,0,1,2,1975,0,0,1,0,0,1,5,3,1,0,0,0,0,0,1,0,0,0,0,0,0,0,0,0,1,0,0,1,0,2,3,1,3,2,3,2,5,5,5,5,5,,,,,,,5,5,,,6,4,4,2,2,2,4,4,4,1,1,1,1,2,2,2,2,2,2,2,3,2,2,2,1,1,3,1,3,1,2,1,3,2,1,3,,,3,1,0,0,0,0,,,,,,3,0,1,1,1,0,0,0,1,4,4,4,2,2,0,1,2,1133.85,14,,10,,1,2,10/20/2022 04:59:00,11,2,6,6,6,6,2,2,2,2,3,2,,2,3,3,2,5,2,,2,2,2,,2,"85718",0.800000011920929,2,2
478,"5f4x6vbk5fd51rnp",10/20/2022 05:18:00,4,2,3,1,,0,0,0,0,1,0,0,1,1,2002,1,0,0,0,0,1,2,3,1,1,0,0,0,0,0,0,0,0,0,0,0,0,0,1,0,0,0,0,0,4,3,1,2,2,1,5,4,1,3,1,3,,,,,,,4,3,,,3,4,1,1,1,1,4,4,4,2,,,,2,3,2,2,2,2,2,3,3,2,2,1,1,2,2,2,2,2,2,2,3,2,2,12,,1,1,0,0,0,0,2,3,1,3,2,1,0,1,0,1,0,0,0,2,3,1,3,4,2,0,1,4,861.75,14,,10,,1,2,10/20/2022 05:03:00,8,2,3,3,3,2,2,2,2,2,3,2,,2,3,2,2,1,3,,2,3,1,,1,"85335",0.592405259609222,1,2
479,"t6yptuc54un6mew1",10/20/2022 05:27:00,2,2,3,1,,0,0,0,0,1,0,0,1,1,2000,1,0,0,0,0,1,2,1,1,0,0,0,0,0,0,0,1,1,0,0,0,0,0,0,0,0,0,0,0,2,1,3,1,1,1,10,3,1,3,2,2,,,,,,,2,1,,,2,2,1,2,3,2,3,1,2,1,1,0,0,1,2,2,1,2,3,3,2,2,2,1,1,2,3,2,3,2,2,2,1,2,1,2,1,,2,0,1,0,0,0,3,1,3,2,1,2,0,1,0,0,0,0,0,2,1,2,1,4,6,1,0,2,1129.63,3,,10,,5,6,10/20/2022 05:07:00,1,1,2,2,4,1,2,1,2,2,1,,3,2,1,1,3,8,,2,2,1,2,1,,"85051",0.299421012401581,1,1
481,"rw8091ga546vfpr4",10/20/2022 05:14:00,2,2,3,1,,0,0,0,0,1,0,0,1,2,1996,1,0,0,0,0,1,2,2,1,0,1,0,0,0,1,0,0,0,0,0,0,0,0,1,0,0,0,0,0,2,3,2,2,2,4,6,2,4,2,4,1,,,,,,,1,2,,,2,4,1,1,1,1,4,4,3,1,1,0,0,1,1,1,1,1,3,4,4,4,2,2,1,2,1,1,1,3,1,1,1,2,3,3,12,,3,0,1,0,0,0,1,3,2,1,3,4,1,0,0,0,0,0,0,4,4,4,4,1,2,1,0,2,349.47,12,,13,,1,1,10/20/2022 05:08:00,8,1,1,2,2,3,2,2,2,2,1,,3,2,1,3,3,5,,1,1,1,1,1,,"85041",0.497996956110001,1,1
482,"3nhkrxbj5fkdf7f2",10/20/2022 05:29:00,113,2,3,2,,0,0,0,1,0,0,0,1,2,1987,0,1,0,0,0,1,6,3,1,0,0,0,0,0,0,1,0,1,0,0,0,0,0,0,0,0,1,0,0,1,1,3,1,2,2,7,1,1,2,2,2,,,,,,,2,2,,,2,1,1,1,1,1,2,1,2,2,,,,2,3,2,2,2,2,2,2,2,2,2,2,2,1,1,1,1,1,1,1,1,1,2,,,1,1,0,0,0,0,,,,,,2,1,0,0,0,0,0,0,1,1,2,1,2,6,0,1,6,1040.4,13,,10,,5,6,10/20/2022 05:09:00,5,2,2,2,2,2,2,1,2,1,2,2,,2,1,2,2,7,2,,2,2,2,,2,"85002",1.91946589946747,2,2
483,"yty8qpshf4ys60k7",10/20/2022 05:52:00,2,2,3,1,,0,0,0,0,1,0,0,1,1,1997,1,0,0,0,0,1,2,1,1,1,0,0,1,0,1,0,0,0,0,0,0,0,0,0,0,0,0,0,0,1,1,1,1,1,4,10,1,4,1,4,1,,,,,,,1,5,,,1,4,1,1,1,1,3,3,3,2,,,,1,1,1,1,1,1,4,4,4,3,2,1,2,1,1,1,1,1,1,1,1,1,3,12,,1,1,0,0,0,0,5,3,2,3,1,4,0,0,0,1,0,0,0,1,4,4,4,1,6,1,0,2,2443.97,14,,10,,1,2,10/20/2022 05:11:00,8,1,1,1,1,4,1,2,2,2,1,,1,1,3,1,1,10,,1,1,4,1,2,,"85043",0.431166261434555,1,1
484,"sscprz54ufe9u7w4",10/20/2022 05:41:00,3,2,3,1,,0,0,0,0,1,0,0,1,1,1965,0,0,1,0,0,3,6,4,1,0,1,0,0,0,0,0,0,0,1,0,0,0,0,0,0,1,0,0,0,2,2,3,2,2,1,8,2,1,2,1,2,,,,,,,2,2,,,4,1,2,2,1,1,2,2,2,2,,,,3,2,2,2,2,3,3,3,3,2,3,2,1,2,2,2,2,2,2,2,1,4,4,6,,,1,0,0,0,0,1,1,2,1,3,4,0,0,0,0,0,0,1,4,4,4,4,5,3,0,1,3,1780.7,4,,10,,5,6,10/20/2022 05:11:00,8,3,4,4,4,1,1,1,1,1,1,1,,1,1,1,1,0,4,,1,3,2,,2,"85234",0.445675224065781,1,3
485,"4xjmf4adurfxm84m",10/20/2022 06:02:00,3,2,3,6,2,0,0,0,0,0,1,0,1,1,1994,1,0,0,0,0,1,6,3,1,0,0,0,0,1,0,0,0,0,0,0,0,0,1,0,0,0,1,0,0,2,1,1,1,1,1,10,2,4,2,2,2,,,,,,,2,2,,,1,1,1,1,1,1,1,1,1,1,1,1,0,1,1,1,1,1,1,1,1,1,2,1,2,3,3,3,3,3,3,3,3,1,1,1,,,1,0,0,0,1,0,,,,,,1,0,1,1,1,0,1,1,1,1,1,1,3,6,0,1,3,882.09,14,,10,,1,2,10/20/2022 05:47:00,11,2,1,1,1,1,1,1,1,1,3,3,,1,3,3,3,10,1,,4,1,2,,1,"85705",0.880649983882904,2,2
486,"3rhxb9qn2p0850kh",10/20/2022 06:56:00,3,2,3,1,,0,0,0,0,1,0,0,1,2,1970,0,0,1,0,0,1,3,3,1,0,0,0,0,0,1,0,0,0,0,0,0,0,0,0,0,0,0,0,0,1,1,1,2,2,4,5,1,4,1,1,5,,,,,,,1,4,,,2,2,4,1,1,4,3,4,3,1,1,0,0,2,3,2,1,2,3,3,2,3,2,3,2,2,1,1,1,1,1,1,1,1,1,1,12,,3,1,0,0,0,0,2,2,2,1,3,2,0,0,1,0,0,0,0,1,1,1,1,3,3,1,0,3,3632.5,12,,13,,1,1,10/20/2022 05:55:00,8,2,1,1,1,1,2,1,2,2,3,,3,1,1,1,2,7,,1,1,1,1,2,,"85335",0.452724546194077,1,2
488,"pbx9javerb0z6n0m",10/20/2022 06:29:00,4,2,3,1,,0,0,0,0,1,0,0,1,1,2000,1,0,0,0,0,1,2,5,1,1,0,0,0,0,0,0,0,0,0,1,0,0,0,0,0,0,1,0,0,4,3,3,3,4,1,4,4,1,4,1,3,,,,,,,5,6,,,4,4,2,1,1,1,4,4,4,2,,,,3,1,1,4,1,1,2,3,4,2,3,1,1,2,2,2,4,2,4,2,3,2,4,12,,1,1,0,0,0,0,6,4,3,1,2,3,0,0,1,0,0,0,0,1,4,4,4,4,1,0,1,4,1009.55,12,,13,,1,1,10/20/2022 06:12:00,11,3,3,3,6,6,1,1,2,3,1,4,,2,3,2,2,0,4,,3,4,1,,2,"85701",0.493671059608459,1,3
490,"cwk130n6x85mtmda",10/20/2022 06:47:00,3,2,3,1,,0,0,0,0,1,0,0,1,2,2001,1,0,0,0,0,1,2,3,1,1,1,0,1,0,0,0,0,0,0,0,0,0,0,0,0,0,0,0,0,4,1,1,2,3,3,8,4,3,4,5,5,,,,,,,6,5,,,6,4,4,4,2,2,4,4,4,1,1,0,0,1,3,2,4,1,2,1,3,4,2,2,2,1,2,2,2,4,4,4,4,4,2,5,12,,1,1,0,0,0,0,6,4,2,3,1,4,0,1,0,1,0,0,0,1,4,4,4,3,2,0,1,3,1599.89,14,,10,,1,2,10/20/2022 06:18:00,12,2,6,4,6,6,2,2,3,1,3,1,,2,1,2,1,2,5,,2,2,3,,2,"85143",0.394936829805374,1,2
491,"c34pp6p4smtc3mkx",10/20/2022 06:33:00,113,2,3,1,,0,0,0,0,1,0,0,1,1,2000,1,0,0,0,0,1,4,3,1,0,0,0,1,0,0,0,0,0,1,0,0,0,0,0,0,0,0,1,0,2,4,,2,3,2,8,5,1,6,1,5,,,,,,,1,2,,,3,1,2,4,3,2,2,1,2,1,0,0,1,4,3,3,2,4,3,1,2,3,1,2,1,2,4,2,2,2,3,1,3,2,3,2,12,,2,0,1,0,1,0,3,2,1,2,3,3,0,1,0,0,1,0,0,1,4,2,2,4,5,1,0,6,321.14,12,,13,,1,1,10/20/2022 06:27:00,15,2,1,1,2,5,2,3,4,1,2,,2,2,1,2,2,4,,3,4,2,2,2,,"85365",0.517399489879608,1,2
492,"m1dasm0pyqjruhht",10/20/2022 07:03:00,3,2,3,1,,0,0,0,0,1,0,0,1,2,1954,0,0,0,1,0,1,3,5,1,1,0,0,0,0,0,0,1,0,0,0,0,0,0,0,0,0,1,0,0,4,1,1,2,4,1,10,4,1,4,1,4,,,,,,,4,2,,,4,4,4,3,4,4,3,2,4,2,,,,4,3,1,4,2,3,1,2,3,1,3,2,1,2,2,2,2,2,2,2,1,2,2,12,,1,1,0,0,0,0,6,4,2,3,1,1,1,0,0,0,0,0,0,1,1,1,1,4,4,0,1,3,649.81,14,,10,,1,2,10/20/2022 06:52:00,15,3,4,4,4,1,2,2,4,4,4,3,,3,3,1,5,0,5,,3,4,2,,1,"85365",0.518354594707489,1,3
493,"wjx22780e2w2q46j",10/20/2022 07:20:00,3,2,3,1,,0,0,0,0,1,0,0,1,1,1992,0,1,0,0,0,1,3,3,1,1,1,0,0,0,0,0,0,0,0,0,1,0,0,0,0,0,0,0,0,4,3,3,2,2,2,5,4,2,4,3,3,,,,,,,5,5,,,5,4,4,2,3,1,3,3,3,1,1,1,0,2,2,2,2,2,2,2,3,3,2,3,1,1,4,4,4,4,4,4,4,4,2,2,12,,1,0,0,0,1,1,2,3,2,1,3,3,0,1,1,1,0,0,0,1,2,1,3,3,4,1,0,3,892.66,12,,13,,1,1,10/20/2022 07:04:00,11,2,5,5,5,5,2,2,2,2,2,,3,1,1,2,5,0,,4,4,4,2,2,,"85730",0.28200963139534,1,2
494,"k9qm7x1jvqc03jft",10/20/2022 07:23:00,3,2,3,1,,0,0,0,0,1,0,0,1,1,1989,0,1,0,0,0,1,4,1,1,1,0,0,0,1,1,0,0,0,0,0,0,0,0,0,0,0,0,0,0,2,1,1,1,2,4,9,2,4,2,4,2,,,,,,,2,4,,,1,4,2,4,2,2,2,4,4,1,1,0,0,1,1,2,1,1,1,4,4,4,2,3,1,3,1,1,1,1,1,1,1,4,1,1,12,,1,1,0,0,0,0,6,4,2,3,1,4,1,0,0,0,0,0,0,1,1,1,3,1,2,1,0,3,456.2,12,,13,,3,6,10/20/2022 07:15:00,8,1,1,1,1,4,2,2,1,1,2,,4,1,1,4,1,10,,5,1,1,2,2,,"85006",0.431166261434555,1,1
495,"p5uxf6qkdqxgx7es",10/20/2022 07:35:00,3,2,3,1,,0,0,0,0,1,0,0,1,2,1955,0,0,0,1,0,1,6,3,1,1,0,0,0,0,1,0,0,0,0,0,0,0,0,0,0,1,0,0,0,2,1,1,2,2,3,9,2,4,3,3,3,,,,,,,2,3,,,2,4,2,1,3,4,2,2,4,1,1,1,1,4,2,1,1,2,1,2,2,4,1,3,1,3,4,4,4,1,4,1,1,4,1,5,21,1,3,0,0,0,1,0,5,4,3,2,1,2,0,1,0,0,0,0,0,1,1,1,1,3,6,0,1,3,692.32,12,,13,,1,1,10/20/2022 07:23:00,8,2,1,1,1,6,1,2,2,2,2,4,,2,3,3,5,10,2,,1,1,1,,2,"85251",0.31439208984375,1,2
497,"85uz1wzkk80111ef",10/20/2022 07:50:00,113,2,3,1,,0,0,0,0,1,0,0,1,1,1994,1,0,0,0,0,1,5,5,1,0,0,0,0,0,0,1,0,0,0,0,0,0,0,0,0,0,0,0,0,4,3,1,1,1,1,10,5,2,5,1,4,,,,,,,3,2,,,4,4,1,3,2,2,2,2,4,1,0,1,0,2,2,2,4,4,3,2,1,1,2,1,2,3,4,2,2,2,2,1,2,4,2,2,17,,1,1,0,0,0,0,2,4,3,1,2,2,1,0,0,0,0,0,0,1,1,1,1,5,2,0,1,6,485.5,12,,13,,1,1,10/20/2022 07:41:00,15,3,3,3,3,3,2,3,2,2,1,1,,2,1,1,5,4,3,,1,2,3,,2,"85365",0.171413540840149,1,3
498,"143xkkh1h34jjazd",10/20/2022 07:57:00,113,2,3,1,,0,0,0,0,1,0,0,1,1,1990,0,1,0,0,0,1,4,3,1,1,0,1,0,0,0,0,0,0,0,0,0,1,0,0,0,0,0,0,0,4,1,3,1,4,3,10,4,1,4,3,4,,,,,,,4,5,,,4,4,4,4,1,2,4,4,4,2,,,,3,4,2,3,3,2,1,1,1,1,2,2,1,2,2,2,2,2,2,2,1,2,1,12,,1,1,0,0,0,0,4,2,3,2,1,4,1,0,0,0,0,0,0,1,1,1,1,2,6,1,0,6,727.43,4,,10,,5,6,10/20/2022 07:44:00,8,2,4,4,4,1,1,2,4,4,5,,1,1,3,1,5,0,,4,4,4,2,1,,"85233",0.592405259609222,1,2
500,"rw4su5dtb8bd3g8c",10/20/2022 08:55:00,4,2,3,1,,0,0,0,0,1,0,0,1,1,1999,1,0,0,0,0,1,4,3,1,1,0,0,0,0,0,0,0,0,0,0,0,0,1,0,0,0,0,1,0,3,3,2,3,4,3,2,4,2,4,4,4,,,,,,,4,4,,,4,4,4,4,1,4,3,4,2,1,1,0,0,1,2,2,4,1,1,1,3,3,3,3,1,2,4,4,2,4,2,4,4,2,1,5,12,,3,0,0,0,0,1,1,2,2,3,1,1,0,1,0,0,0,0,0,1,2,4,4,3,2,0,1,4,1952.29,14,,10,,1,2,10/20/2022 08:22:00,8,2,5,2,6,1,1,2,3,2,5,1,,1,1,3,2,2,1,,3,1,2,,2,"85302",0.484116524457932,1,2
501,"ubcy7a9km2zaam0e",10/20/2022 08:32:00,113,2,3,1,,0,0,0,0,1,0,0,1,1,1984,0,1,0,0,0,1,5,3,1,1,0,0,1,0,0,0,0,0,0,0,0,0,0,0,0,0,0,0,1,3,1,3,1,1,2,10,2,4,3,4,1,,,,,,,2,3,,,4,4,4,1,4,4,4,1,4,2,,,,2,2,3,4,1,3,2,3,1,2,1,2,1,3,3,2,2,3,2,3,2,2,2,12,,1,1,0,0,0,0,2,2,1,3,2,1,1,0,0,0,0,0,0,1,1,1,1,3,4,1,0,6,427.8,4,,10,,5,6,10/20/2022 08:24:00,9,2,4,4,1,2,1,2,2,3,3,,1,2,1,2,3,10,,5,4,4,1,2,,"86409",0.592405259609222,1,2
502,"pcqujbv4wsqb6r9d",10/20/2022 08:41:00,113,2,3,3,1,1,0,0,0,0,0,0,1,1,1974,0,0,1,0,0,1,4,6,1,0,0,0,1,0,1,0,0,0,0,0,0,1,0,0,0,0,0,0,0,3,3,2,2,2,1,7,5,3,6,2,3,,,,,,,3,2,,,3,1,2,3,4,1,1,2,3,1,0,1,0,3,4,1,4,1,2,1,2,3,1,2,1,2,3,1,3,4,1,2,2,2,2,3,,,1,0,1,0,0,0,,,,,,2,0,0,1,0,0,0,0,1,2,3,4,3,2,0,1,6,640.68,4,,10,,5,6,10/20/2022 08:30:00,2,2,3,5,2,4,2,2,2,3,1,3,,2,2,3,3,7,2,,3,1,3,,1,"85607",0.314999997615814,2,2
503,"1zf3dmex59byqku4",10/20/2022 08:45:00,3,2,3,1,,0,0,0,0,1,0,0,1,2,1979,0,0,1,0,0,1,3,2,1,1,1,0,0,0,0,0,0,1,0,0,0,0,0,0,0,0,0,0,0,2,1,1,2,1,1,7,1,4,4,3,1,,,,,,,1,6,,,1,3,1,2,1,2,1,1,1,1,1,0,0,1,1,1,1,1,1,1,4,1,2,2,2,1,3,3,3,3,3,3,3,2,1,5,4,,1,1,0,0,0,0,1,2,3,2,1,1,1,0,0,0,0,0,0,1,1,1,1,3,6,1,0,3,830.18,14,,10,,1,2,10/20/2022 08:30:00,8,1,1,2,6,6,1,1,1,1,3,,5,1,1,1,1,7,,2,1,1,1,1,,"85335",0.345831274986267,1,1
504,"bsy902dctfe4yh7z",10/20/2022 08:52:00,4,2,3,1,,0,0,0,0,1,0,0,1,1,1964,0,0,1,0,0,1,4,4,1,0,0,0,0,0,0,0,0,0,1,0,0,0,0,0,0,1,1,0,0,4,2,1,3,3,2,6,4,1,3,2,4,,,,,,,3,2,,,4,4,4,3,3,3,3,3,4,2,,,,1,2,1,4,1,2,3,1,2,2,3,2,1,2,2,2,4,2,4,4,1,4,4,21,1,1,1,0,0,0,0,6,4,3,2,1,2,0,1,1,0,0,0,0,3,2,3,3,4,2,1,0,4,901.78,14,,10,,1,2,10/20/2022 08:37:00,8,3,5,3,3,2,2,2,2,2,1,,2,1,1,5,2,0,,4,3,4,2,2,,"85374",0.261201590299606,1,3
506,"cw61apuqdzvj46n9",10/20/2022 08:59:00,3,2,3,1,,0,0,0,0,1,0,0,1,1,1978,0,0,1,0,0,1,5,5,1,0,1,0,0,0,0,0,0,1,0,0,0,0,0,0,0,0,1,0,0,4,1,1,1,4,2,10,4,1,4,2,4,,,,,,,4,3,,,4,3,2,2,2,2,1,1,2,1,0,1,0,2,4,2,4,4,2,4,1,1,1,3,2,1,2,2,2,1,2,2,2,1,2,2,12,,1,1,0,0,0,0,1,1,3,2,1,1,0,1,0,0,0,0,0,1,1,1,1,5,2,0,1,3,842.09,4,,10,,5,6,10/20/2022 08:45:00,11,3,4,4,4,1,2,2,4,1,2,1,,3,2,1,4,5,2,,3,4,2,,1,"85748",0.493671059608459,1,3
507,"axp9y7899rdqmbz2",10/20/2022 09:05:00,113,2,3,1,,0,0,0,0,1,0,0,1,2,1963,0,0,1,0,0,3,4,5,1,1,1,0,0,0,0,0,0,0,0,0,0,0,0,0,1,0,0,0,0,4,1,1,2,3,3,6,4,1,4,2,4,,,,,,,2,3,,,3,2,4,4,1,1,1,1,3,2,,,,2,3,1,4,1,2,1,2,1,2,2,2,1,2,2,2,2,2,3,2,1,2,2,16,,,1,0,0,0,0,2,3,3,2,1,4,1,0,0,0,0,0,0,1,1,1,1,4,3,1,0,6,886.99,14,,10,,1,2,10/20/2022 08:50:00,8,3,2,4,5,2,1,1,3,1,2,,4,2,3,1,3,0,,3,2,3,1,2,,"85249",0.38105234503746,1,3
508,"hk3nmezvstxjjt0e",10/20/2022 08:58:00,113,2,3,1,,0,0,0,0,1,0,0,1,2,2000,1,0,0,0,0,1,2,1,1,1,0,0,0,1,1,0,0,0,0,0,0,0,0,0,0,0,0,0,0,1,1,1,1,1,1,10,1,4,1,1,1,,,,,,,1,1,,,1,2,1,1,1,1,1,2,4,1,1,0,0,1,1,1,1,1,4,1,4,4,2,2,2,2,1,1,2,1,2,1,1,1,1,1,21,1,1,0,0,0,1,1,4,2,1,3,2,2,0,0,1,1,0,0,0,1,1,3,3,1,1,0,1,6,341.99,12,,13,,1,1,10/20/2022 08:52:00,8,1,1,1,1,1,1,1,1,1,4,4,,1,1,1,1,7,1,,2,3,1,,1,"85301",0.345831274986267,1,1
509,"nvxca24bpm34jxmn",10/20/2022 08:58:00,113,2,3,1,,0,0,0,0,1,0,0,1,2,1997,1,0,0,0,0,1,6,3,1,1,0,1,0,0,0,0,0,0,0,0,0,0,0,0,1,0,0,0,0,4,4,,3,4,4,0,4,4,4,4,4,,,,,,,3,3,,,5,2,2,2,3,1,4,4,4,1,1,1,0,2,2,2,2,3,2,2,2,3,3,2,2,2,2,4,4,4,4,4,1,2,5,5,12,,3,1,0,0,0,0,2,3,1,2,3,1,1,0,0,0,0,0,0,4,2,2,4,6,6,1,0,6,348.56,4,,10,,5,6,10/20/2022 08:52:00,8,2,6,5,6,6,1,2,3,3,2,,2,1,1,3,3,10,,5,2,3,2,2,,"85224",0.24675840139389,1,2
511,"ec9wcr38y75f4v7f",10/20/2022 09:43:00,4,2,3,6,1,0,0,0,0,0,1,0,1,2,1967,0,0,1,0,0,1,3,5,1,1,0,0,0,0,0,0,0,0,0,0,1,0,0,0,0,0,1,0,0,4,1,2,1,4,2,10,4,1,5,2,5,,,,,,,4,2,,,4,2,1,3,3,3,4,1,4,1,0,0,1,4,4,2,3,1,2,1,3,1,1,3,2,1,2,2,4,4,2,4,4,4,2,2,,,1,1,0,0,0,0,,,,,,1,0,1,0,1,1,1,0,1,1,2,3,4,1,0,1,4,2364.84,14,,10,,1,2,10/20/2022 08:55:00,8,3,4,4,4,2,2,1,3,2,4,1,,2,3,1,1,1,4,,4,4,2,,2,"85207",1.00831496715546,2,3
512,"y7ykdd978fryftyh",10/20/2022 09:13:00,2,2,3,1,,0,0,0,0,1,0,0,1,2,1979,0,0,1,0,0,1,1,2,1,1,0,0,0,1,1,0,0,0,0,0,0,0,0,0,0,0,0,0,0,4,1,1,2,3,4,4,3,3,1,3,2,,,,,,,4,4,,,2,4,4,2,4,2,4,4,1,1,1,0,0,2,3,1,1,4,1,1,1,1,1,3,2,2,2,2,3,1,2,2,4,1,1,1,12,,2,0,0,0,1,0,1,1,1,2,3,1,1,0,0,0,0,0,0,1,1,1,4,2,2,0,1,2,1014.39,13,,10,,5,6,10/20/2022 08:55:00,8,1,3,3,2,3,2,3,1,2,1,4,,1,3,1,4,7,5,,3,3,3,,2,"85031",0.570190072059631,1,1
513,"00ahgtbjj7cauquy",10/20/2022 09:19:00,113,2,3,1,,0,0,0,0,1,0,0,1,2,1971,0,0,1,0,0,1,3,4,1,1,0,0,0,0,0,0,1,0,0,0,0,0,0,0,0,1,0,0,0,4,1,1,3,2,2,5,4,2,3,2,3,,,,,,,2,2,,,3,4,4,2,3,2,4,4,4,1,1,1,0,1,4,1,3,1,1,4,3,3,1,2,1,2,4,4,3,4,2,4,4,1,2,2,10,,2,1,0,0,0,0,6,4,2,3,1,3,0,0,0,0,0,0,1,1,1,1,1,4,3,1,0,6,1305.79,12,,13,,1,1,10/20/2022 08:57:00,12,3,2,3,2,1,2,4,2,2,2,,1,2,3,1,2,8,,5,1,1,1,1,,"85143",0.293117195367813,1,3
514,"1wzrb8bcm33cn79t",10/20/2022 09:03:00,2,2,3,1,,0,0,0,0,1,0,0,1,1,1984,0,1,0,0,0,1,6,1,1,0,0,0,0,0,0,1,0,0,0,0,0,1,0,0,0,0,0,0,1,2,3,3,2,2,2,6,3,2,3,2,3,,,,,,,3,2,,,2,1,2,1,1,1,2,2,1,1,0,0,1,2,3,2,1,3,2,2,2,2,2,2,1,1,2,2,2,1,2,3,2,3,3,3,1,,1,0,1,0,0,0,1,1,3,2,1,2,1,0,0,0,0,0,0,2,1,1,2,2,6,0,1,2,282.44,15,,10,,5,6,10/20/2022 08:57:00,8,1,3,3,2,4,2,3,2,3,2,3,,2,2,3,3,6,2,,2,2,2,,1,"85046",0.342827081680298,1,1
515,"j931xha92rcyqmcz",10/20/2022 09:05:00,113,2,3,2,,0,0,0,1,0,0,0,1,2,1963,0,0,1,0,0,1,5,1,1,0,0,0,0,1,0,0,0,0,0,0,0,0,0,0,0,0,0,0,0,1,1,2,1,2,1,6,1,4,1,6,1,,,,,,,1,6,,,1,4,4,3,1,1,3,3,4,2,,,,1,3,1,4,1,1,4,4,1,1,2,1,2,1,1,1,1,1,1,1,1,1,1,,,1,1,0,0,0,0,,,,,,1,0,1,0,0,0,0,0,1,1,1,1,1,4,1,0,6,335.34,12,,13,,1,1,10/20/2022 08:59:00,11,1,1,4,6,6,2,1,2,2,1,,1,1,1,1,5,10,,2,2,1,1,1,,"85711",1.7000972032547,2,1
518,"g5z26knf50zmtahh",10/20/2022 09:14:00,4,2,3,6,1,0,0,0,0,0,1,0,1,2,1966,0,0,1,0,0,1,4,4,1,0,0,0,0,0,0,0,1,0,0,0,0,1,0,0,0,0,1,0,0,4,1,2,2,3,3,6,4,4,4,3,4,,,,,,,4,2,,,3,4,2,4,1,4,2,4,4,2,,,,3,3,1,3,3,3,1,1,1,1,3,2,2,1,2,2,3,2,3,2,3,2,2,,,1,0,0,0,1,0,,,,,,2,0,0,0,0,0,1,0,1,1,1,1,4,3,1,0,4,645.46,14,,10,,3,2,10/20/2022 09:02:00,8,3,3,4,3,2,2,3,2,2,4,,2,2,3,1,3,5,,5,2,3,3,1,,"85020",1.00831496715546,2,3
519,"v02xgwp8ca3jatx4",10/20/2022 09:12:00,113,2,3,1,,0,0,0,0,1,0,0,1,2,1999,1,0,0,0,0,1,2,3,1,0,0,0,0,0,0,1,0,0,0,0,0,1,1,0,0,0,0,0,0,2,1,2,2,2,3,2,2,2,5,5,4,,,,,,,5,4,,,2,1,1,1,2,1,2,1,2,1,0,1,0,1,2,3,3,2,2,3,3,3,2,2,1,2,2,2,2,1,1,2,2,2,1,4,12,,1,1,0,0,0,0,2,2,3,2,1,2,0,0,1,0,0,0,0,3,2,1,4,3,2,1,0,6,423.88,12,,13,,1,1,10/20/2022 09:05:00,8,2,3,4,6,6,2,3,2,2,3,,3,2,2,4,3,3,,3,3,2,2,1,,"85033",0.518354594707489,1,2
520,"61bx5w875n3rbncd",10/20/2022 09:18:00,3,2,3,1,,0,0,0,0,1,0,0,1,2,1999,1,0,0,0,0,1,5,3,1,1,0,0,0,0,0,0,0,0,0,0,0,0,0,0,0,1,1,0,0,4,1,2,2,3,2,8,4,2,4,1,4,,,,,,,4,4,,,3,4,2,1,3,1,4,4,4,1,1,0,0,3,2,2,3,3,3,2,1,2,1,2,2,1,2,2,3,3,2,2,2,1,2,4,12,,3,0,0,0,1,0,1,2,3,2,1,1,1,0,0,0,0,0,0,1,4,4,4,5,4,0,1,3,791.45,4,,10,,5,6,10/20/2022 09:05:00,8,2,4,4,6,1,2,1,4,1,2,1,,2,3,5,3,3,4,,3,3,2,,1,"85381",0.518354594707489,1,2
522,"n3yyje6163fkxe6t",10/20/2022 09:16:00,4,2,3,1,,0,0,0,0,1,0,0,1,2,1993,1,0,0,0,0,1,5,3,1,1,0,0,0,1,1,0,0,0,0,0,0,0,0,0,0,0,0,0,0,2,1,1,1,1,3,5,2,4,2,3,2,,,,,,,2,2,,,2,1,1,2,1,1,2,3,2,1,1,0,0,2,2,2,2,2,2,2,2,2,2,2,2,2,4,2,2,2,2,1,1,2,1,1,12,,1,1,0,0,0,0,2,2,3,1,2,3,1,0,0,0,0,0,0,1,1,1,1,2,3,0,1,4,507.77,4,,10,,5,6,10/20/2022 09:07:00,8,2,2,2,2,3,2,2,2,2,2,2,,1,1,2,2,5,2,,2,2,2,,2,"85251",0.452724546194077,1,2
523,"a8uct036cpwfygvx",10/20/2022 09:31:00,3,2,3,1,,0,0,0,0,1,0,0,1,2,1953,0,0,0,1,0,3,3,1,1,1,0,0,0,1,1,0,0,0,0,0,0,0,0,0,0,0,0,0,0,1,1,1,1,1,3,7,1,4,1,4,1,,,,,,,1,2,,,1,2,4,3,3,3,1,1,1,1,1,0,0,1,1,1,1,1,1,2,3,1,2,3,1,3,1,1,1,1,1,1,1,2,1,1,12,,,0,0,0,1,0,1,1,1,2,3,1,0,1,0,0,0,0,0,1,1,1,1,1,4,0,1,3,1076.55,12,,11,,1,1,10/20/2022 09:12:00,11,1,1,1,1,4,1,1,1,1,1,4,,1,3,2,1,9,1,,1,1,1,,2,"85706",0.647396087646484,1,1
524,"zedjfnzhrh23fb6y",10/20/2022 09:23:00,113,2,3,2,,0,0,0,1,0,0,0,1,1,1999,1,0,0,0,0,1,1,1,1,1,1,0,1,0,0,0,0,0,0,0,0,0,0,0,0,0,0,0,0,1,3,1,2,2,2,5,1,2,2,3,1,,,,,,,1,4,,,1,2,1,1,1,1,4,4,4,2,,,,2,2,1,1,1,3,3,4,3,3,1,1,3,1,1,1,1,1,1,1,2,1,5,,,1,1,0,0,0,0,,,,,,2,0,0,0,1,0,0,0,2,4,4,4,1,1,1,0,6,405.56,12,,13,,1,1,10/20/2022 09:15:00,11,1,1,6,6,5,1,1,1,1,3,,3,1,1,3,2,10,,5,4,4,4,2,,"85730",1.67720317840576,2,1
526,"dzw3xtrtv959ycqu",10/20/2022 09:38:00,4,2,3,1,,0,0,0,0,1,0,0,1,2,1980,0,0,1,0,0,1,3,4,1,1,0,0,0,0,0,0,0,1,0,0,0,1,0,0,0,0,0,0,0,4,3,1,2,4,2,5,4,2,4,2,4,,,,,,,4,4,,,3,4,4,2,2,2,2,1,4,1,1,0,0,1,2,1,4,3,2,1,1,1,1,3,2,1,2,2,2,2,2,2,2,1,2,2,12,,1,1,0,0,0,0,6,4,3,2,1,1,1,0,0,0,0,0,0,1,3,1,4,4,3,0,1,4,1278.55,14,,10,,1,2,10/20/2022 09:16:00,8,3,3,4,6,6,2,2,4,3,3,1,,3,3,1,3,0,4,,3,4,1,,2,"85323",0.518354594707489,1,3
527,"jua2dzjjw4mc7ry6",10/20/2022 09:36:00,113,2,3,1,,0,0,0,0,1,0,0,1,1,1982,0,0,1,0,0,1,2,5,1,1,0,0,0,0,0,0,0,0,0,0,0,1,0,0,0,0,1,0,0,4,1,3,3,3,2,10,4,1,4,2,4,,,,,,,3,3,,,4,4,3,2,2,1,1,1,4,1,0,0,1,2,3,2,3,2,2,2,3,3,2,3,1,1,2,2,3,2,2,3,2,1,2,2,12,,3,1,0,0,0,0,6,4,2,3,1,2,1,0,0,0,0,0,0,1,1,2,3,4,2,1,0,6,1041.99,14,,10,,1,2,10/20/2022 09:18:00,12,3,3,4,3,1,1,2,3,3,4,,4,1,2,1,3,1,,4,3,4,1,2,,"85132",0.493671059608459,1,3
528,"u91g0nsm9f3wnp95",10/20/2022 09:36:00,113,2,3,1,,0,0,0,0,1,0,0,1,2,2000,1,0,0,0,0,1,2,3,1,0,0,0,1,1,0,0,1,0,0,0,0,0,0,0,0,0,0,0,0,4,3,2,3,3,4,2,4,4,5,4,3,,,,,,,5,3,,,6,2,2,1,3,1,3,3,3,2,,,,2,1,3,2,1,2,3,4,4,2,2,1,2,1,4,1,1,4,1,4,3,5,5,12,,2,0,1,0,0,0,1,2,2,1,3,3,0,0,1,1,0,0,1,2,3,4,4,2,2,0,1,6,1074.82,12,,13,,1,1,10/20/2022 09:18:00,8,2,6,6,6,6,3,3,2,2,3,3,,1,2,3,2,1,3,,3,2,2,,2,"85323",0.411264002323151,1,2
531,"hb0jgnd865wk4cjp",10/20/2022 09:33:00,113,2,3,1,,0,0,0,0,1,0,0,1,2,1993,1,0,0,0,0,1,4,2,1,1,0,0,1,0,0,0,0,0,0,0,1,0,0,0,0,0,0,0,0,2,1,1,3,1,4,10,1,4,2,4,1,,,,,,,1,2,,,1,4,2,1,1,3,4,3,4,1,1,0,0,1,1,1,1,1,1,2,4,4,2,3,2,2,3,2,3,1,2,1,1,2,1,1,12,,1,1,0,0,0,0,6,4,2,3,1,3,0,1,1,0,0,0,0,1,1,1,1,2,2,0,1,6,677.03,14,,10,,1,2,10/20/2022 09:20:00,8,1,1,1,1,4,1,1,1,1,1,3,,1,3,4,1,10,1,,1,1,2,,2,"85339",0.497996956110001,1,1
532,"a8nt8uwyvpjhcn3k",10/20/2022 09:27:00,113,2,3,1,,0,0,0,0,1,0,0,1,2,1983,0,1,0,0,0,1,2,3,1,1,0,0,0,0,1,0,0,0,0,0,0,0,0,0,0,0,0,1,0,4,2,3,2,2,2,8,4,4,4,2,2,,,,,,,4,3,,,3,4,1,1,2,1,3,3,4,2,,,,1,1,1,1,3,2,4,4,4,3,2,1,2,2,2,2,3,4,4,4,4,2,2,17,,1,1,0,0,0,0,4,3,2,1,3,2,0,0,0,0,0,1,0,1,1,1,1,3,1,1,0,6,369.28,14,,10,,1,2,10/20/2022 09:21:00,8,2,5,3,5,5,2,2,2,3,1,,3,2,1,3,3,5,,5,3,3,3,1,,"85281",0.137130841612816,1,2
533,"ku80gtmuncenqxa7",10/20/2022 09:27:00,113,2,3,1,,0,0,0,0,1,0,0,1,2,1988,0,1,0,0,0,1,2,1,1,1,0,1,0,0,0,0,0,0,0,0,0,0,0,0,0,0,0,1,0,2,3,2,3,2,3,3,2,3,6,3,2,,,,,,,2,5,,,1,4,1,1,1,1,3,3,4,2,,,,2,2,2,3,2,2,3,3,3,3,3,1,2,1,1,1,1,1,1,1,4,1,1,12,,1,1,0,0,0,0,6,4,1,3,2,4,1,0,0,0,0,0,0,1,1,1,1,2,1,1,0,6,337.58,14,,10,,1,2,10/20/2022 09:21:00,8,1,2,1,6,6,2,2,3,2,2,,2,2,1,3,3,7,,1,3,3,2,2,,"85345",0.497996956110001,1,1
534,"vnk2fjc1mf1dk24j",10/20/2022 09:50:00,113,2,3,1,,0,0,0,0,1,0,0,1,1,2001,1,0,0,0,0,1,3,3,1,0,0,0,1,0,0,1,0,1,0,0,0,0,0,0,0,0,0,0,0,2,3,3,2,2,3,5,6,6,6,6,6,,,,,,,6,6,,,6,4,2,3,1,1,3,3,3,1,1,1,1,1,1,1,2,1,2,2,3,2,2,2,1,2,2,2,1,1,1,4,1,3,5,5,12,,1,1,0,0,0,0,2,3,3,1,2,1,1,0,0,0,0,0,0,4,4,4,4,6,5,1,0,6,1017,12,,13,,1,1,10/20/2022 09:22:00,8,2,6,6,6,6,1,1,2,2,2,,4,1,3,2,2,5,,5,2,2,2,2,,"85303",0.470016032457352,1,2
537,"pqevz3ypnudy34kg",10/20/2022 09:37:00,4,2,3,1,,0,0,0,0,1,0,0,1,2,1978,0,0,1,0,0,1,5,3,1,1,1,0,0,0,0,0,0,1,0,0,0,0,0,0,0,0,0,0,0,2,1,1,2,2,4,10,2,4,2,3,2,,,,,,,1,4,,,2,4,4,1,1,4,4,4,4,2,,,,2,2,2,2,2,1,2,2,2,2,2,1,3,3,1,1,1,3,1,1,3,1,1,12,,2,1,0,0,0,0,2,4,3,1,2,1,0,0,0,0,0,1,0,1,4,1,1,2,3,0,1,4,711.22,14,,10,,1,2,10/20/2022 09:25:00,11,2,1,1,2,3,1,2,2,2,2,2,,1,1,2,2,10,1,,1,1,1,,2,"85704",0.452724546194077,1,2
540,"jz82ne4nq17xfqk2",10/20/2022 09:36:00,3,2,3,1,,0,0,0,0,1,0,0,1,1,1981,0,0,1,0,0,1,3,1,1,0,0,1,0,0,0,0,1,0,0,0,0,0,0,0,0,0,0,1,0,2,1,3,2,1,1,10,2,4,6,4,1,,,,,,,1,6,,,1,4,1,1,1,4,1,1,4,2,,,,1,2,2,4,4,3,4,4,4,1,2,1,2,1,1,1,2,1,2,2,2,1,1,12,,1,1,0,0,0,0,6,4,2,3,1,2,0,0,1,0,0,0,0,1,1,4,4,2,4,1,0,3,421.26,12,,13,,1,1,10/20/2022 09:29:00,8,1,1,2,6,6,2,2,2,2,2,,2,2,1,2,2,8,,1,1,2,2,1,,"85326",0.431166261434555,1,1
542,"ymbczh0nh1ndv8kf",10/20/2022 09:44:00,3,2,3,1,,0,0,0,0,1,0,0,1,1,1995,1,0,0,0,0,1,2,2,1,1,0,0,0,0,0,0,0,0,0,0,0,1,0,0,0,0,1,0,0,1,1,1,1,1,3,10,1,5,4,4,1,,,,,,,1,5,,,1,1,1,1,1,1,1,1,1,1,1,0,0,1,1,1,4,1,1,2,3,1,2,1,1,3,1,1,3,3,1,1,1,2,1,2,12,,2,0,0,0,1,0,5,4,1,2,3,1,1,0,0,0,0,0,0,1,1,1,4,1,2,0,1,3,781.54,12,,13,,1,1,10/20/2022 09:30:00,8,1,1,5,4,3,1,2,2,2,3,1,,2,3,4,4,10,1,,1,2,1,,1,"85301",0.251164793968201,1,1
543,"1yz3r0h3u2wm04mk",10/20/2022 09:43:00,2,2,3,1,,0,0,0,0,1,0,0,1,2,1995,1,0,0,0,0,1,4,3,1,1,0,1,1,0,0,0,0,0,0,0,0,0,0,0,0,0,0,0,0,4,1,1,1,2,3,7,4,2,4,2,2,,,,,,,3,2,,,2,4,2,1,1,4,4,3,4,1,0,0,1,3,2,1,3,1,1,3,3,3,2,3,2,2,2,2,1,1,2,1,2,4,2,2,21,1,3,0,0,0,1,0,4,4,1,3,2,3,0,0,1,0,0,0,0,1,2,1,4,3,2,1,0,2,718.51,12,,11,,1,1,10/20/2022 09:31:00,8,2,2,2,3,2,2,2,2,1,2,,3,1,3,2,3,5,,2,2,2,2,2,,"85210",0.31439208984375,1,2
545,"903cftuqpewx1j8n",10/20/2022 09:47:00,4,2,3,1,,0,0,0,0,1,0,0,1,2,1976,0,0,1,0,0,1,3,5,1,1,1,0,0,0,0,0,0,0,0,0,0,0,0,0,0,0,1,0,0,3,1,1,2,1,2,10,4,1,4,1,4,,,,,,,4,3,,,3,4,2,1,3,4,3,3,4,2,,,,3,4,1,2,2,2,3,4,4,1,3,1,1,2,2,2,2,2,3,2,2,2,2,12,,1,1,0,0,0,0,6,4,2,3,1,2,0,0,0,1,0,0,0,1,1,1,1,4,3,0,1,4,768.22,14,,10,,1,2,10/20/2022 09:34:00,11,3,3,3,3,2,1,2,2,2,2,1,,1,3,1,4,0,5,,3,3,2,,1,"85712",0.518354594707489,1,3
546,"2hqdg87e1w6s32wf",10/20/2022 09:59:00,113,2,3,1,,0,0,0,0,1,0,0,1,1,1979,0,0,1,0,0,1,2,5,1,1,0,1,0,0,0,0,0,0,0,0,0,0,0,0,1,0,0,0,0,4,1,2,2,2,1,10,4,1,4,1,4,,,,,,,4,2,,,4,4,1,1,1,1,3,3,4,2,,,,1,4,1,4,3,3,4,1,3,2,2,2,1,2,2,2,2,2,2,2,2,2,2,12,,1,1,0,0,0,0,6,4,2,3,1,1,0,0,1,0,0,0,0,1,1,1,1,4,2,1,0,6,1061.51,12,,13,,1,1,10/20/2022 09:41:00,8,3,3,4,4,1,1,1,2,2,3,,3,1,1,3,3,5,,3,1,4,1,2,,"85205",0.493671059608459,1,3
547,"twf5hvhux4j194pd",10/20/2022 09:49:00,113,2,3,1,,0,0,0,0,1,0,0,1,2,1992,0,1,0,0,0,1,5,2,1,0,0,0,1,1,1,0,0,0,0,0,0,0,0,0,0,0,0,0,0,2,2,2,2,1,2,5,2,4,2,4,2,,,,,,,2,6,,,2,1,2,4,1,1,2,3,4,1,1,0,0,3,3,3,2,2,3,3,3,2,2,1,1,3,4,4,4,4,4,1,1,2,1,1,12,,1,1,0,0,0,0,1,4,2,1,3,1,1,0,0,0,0,0,0,1,1,1,1,1,3,0,1,6,417.95,14,,10,,1,2,10/20/2022 09:42:00,13,1,1,6,6,6,2,2,2,1,2,3,,1,1,2,4,5,1,,2,2,2,,1,"85648",0.483492195606232,1,1
548,"kzzp449ujmjrfjqw",10/20/2022 09:59:00,3,2,3,1,,0,0,0,0,1,0,0,1,2,1950,0,0,0,1,0,1,4,1,1,0,0,0,1,0,0,0,0,0,0,1,0,0,0,0,0,0,1,0,0,1,1,1,1,1,4,10,1,4,1,4,1,,,,,,,1,2,,,1,4,2,4,4,4,3,4,4,1,1,0,0,1,2,1,1,1,1,3,3,4,2,2,1,3,4,4,1,1,4,1,1,4,1,1,12,,1,1,0,0,0,0,1,3,3,2,1,2,0,1,1,1,0,0,0,1,1,1,1,2,3,1,0,3,844.04,12,,11,,1,1,10/20/2022 09:44:00,11,1,1,1,1,4,1,2,2,1,1,,5,1,1,2,2,10,,1,1,1,1,2,,"85748",0.497996956110001,1,1
549,"nkcg3agv49mkvcm8",10/20/2022 09:56:00,113,2,3,1,,0,0,0,0,1,0,0,1,2,1989,0,1,0,0,0,1,2,6,1,0,0,0,0,0,0,1,0,1,0,0,0,0,0,0,1,0,0,0,0,2,3,2,2,2,2,5,2,4,4,5,6,,,,,,,2,6,,,6,1,1,1,1,1,4,4,4,1,0,0,1,3,3,2,2,2,3,2,3,3,3,2,1,2,3,3,3,3,3,4,3,2,3,3,12,,1,0,0,0,1,0,1,2,3,1,2,2,0,0,1,0,0,0,0,4,4,4,4,3,2,0,1,6,518.78,12,,13,,1,1,10/20/2022 09:46:00,8,2,6,6,6,6,2,2,2,2,3,3,,2,3,3,3,5,2,,4,4,2,,1,"85204",0.411264002323151,1,2
550,"m58twk6w7e1ybrrw",10/20/2022 09:52:00,113,2,3,1,,0,0,0,0,1,0,0,1,2,1977,0,0,1,0,0,1,3,3,1,0,0,0,1,0,1,0,0,0,0,0,0,0,0,0,0,1,0,0,0,2,2,1,1,2,1,5,2,2,2,2,3,,,,,,,3,2,,,3,2,2,2,2,2,3,2,1,1,1,1,0,1,2,2,2,1,1,2,2,1,1,2,1,2,1,1,3,2,1,1,4,2,1,1,12,,1,1,0,0,0,0,1,1,3,2,1,2,1,0,0,0,0,0,0,2,1,2,1,3,5,0,1,6,266,12,,13,,1,1,10/20/2022 09:47:00,12,2,1,1,1,2,1,1,1,2,2,2,,2,1,2,2,10,1,,2,2,2,,1,"85128",0.452724546194077,1,2
551,"pusbh2bctanfj8gh",10/20/2022 09:57:00,113,2,3,1,,0,0,0,0,1,0,0,1,1,1992,0,1,0,0,0,1,2,1,1,0,0,0,1,1,0,0,1,0,0,0,0,0,0,0,0,0,0,0,0,3,1,3,2,3,3,7,4,4,2,4,1,,,,,,,2,4,,,2,3,2,1,1,1,1,1,3,2,,,,1,1,1,3,1,1,2,4,3,2,2,1,1,4,3,4,3,4,4,4,3,1,1,12,,3,1,0,0,0,0,4,2,2,1,3,2,1,0,0,0,0,0,0,1,1,1,1,2,2,1,0,6,496.62,12,,13,,1,1,10/20/2022 09:48:00,8,1,1,2,6,2,2,2,2,2,3,,3,2,3,3,3,5,,1,1,3,2,1,,"85037",0.431166261434555,1,1
552,"x7mtb1yk8aptyybv",10/20/2022 10:01:00,113,2,3,5,2,0,1,0,0,0,0,0,1,1,1976,0,0,1,0,0,1,2,1,1,1,0,1,0,0,0,0,0,0,0,0,0,0,1,0,0,0,0,0,0,4,4,,2,2,2,3,4,1,4,3,3,,,,,,,4,3,,,1,4,1,1,1,1,4,4,4,2,,,,1,3,3,2,3,2,4,2,2,2,1,1,2,4,4,4,3,3,3,3,3,2,2,,,1,0,1,0,0,0,,,,,,2,1,0,0,0,0,0,0,3,2,2,1,2,2,0,1,6,633.39,14,,10,,1,2,10/20/2022 09:50:00,8,1,4,1,2,1,2,3,2,2,3,3,,1,2,3,3,2,1,,2,3,1,,1,"85015",1.08149993419647,2,1
553,"746xnfc48792z481",10/20/2022 10:08:00,4,2,3,1,,0,0,0,0,1,0,0,1,2,1969,0,0,1,0,0,1,5,1,1,0,0,0,0,0,1,0,0,0,0,0,0,0,0,0,1,0,1,0,0,2,1,3,1,1,2,10,1,4,1,4,1,,,,,,,1,2,,,1,4,4,1,1,1,1,4,2,2,,,,1,3,1,1,1,1,4,4,2,2,1,2,3,1,1,1,1,2,1,1,3,1,1,12,,1,0,0,0,1,0,2,2,2,3,1,2,0,1,0,0,0,0,0,1,1,1,4,2,5,0,1,4,1036.6,14,,10,,1,2,10/20/2022 09:50:00,8,1,1,1,1,3,2,2,2,2,4,1,,2,1,1,2,10,5,,1,1,2,,1,"85204",0.497996956110001,1,1
554,"ua8fqxhcachq7vp1",10/20/2022 10:00:00,4,2,3,3,1,1,0,0,0,0,0,0,1,2,1991,0,1,0,0,0,1,5,2,1,1,0,0,1,0,0,0,0,0,0,1,0,0,0,0,0,0,0,0,0,3,1,1,3,3,4,10,3,4,3,4,2,,,,,,,2,5,,,1,4,3,3,4,3,3,3,4,2,,,,1,1,1,3,1,1,2,4,4,3,3,2,2,4,4,4,4,4,4,4,3,3,1,,,1,1,0,0,0,0,,,,,,4,0,1,1,1,0,0,0,4,3,1,2,2,3,1,0,4,506.58,4,,10,,5,6,10/20/2022 09:51:00,8,1,1,1,6,6,1,2,1,1,1,,3,1,1,3,2,10,,5,1,1,2,2,,"85048",0.440324991941452,2,1
556,"0w11cgz9zpsv7cqb",10/20/2022 10:08:00,113,2,3,1,,0,0,0,0,1,0,0,1,2,2003,1,0,0,0,0,1,2,1,1,1,0,0,0,1,0,0,0,0,0,0,0,1,0,0,0,0,0,0,0,2,1,1,2,1,3,8,2,4,2,4,1,,,,,,,1,5,,,1,4,2,1,1,1,2,2,2,1,1,0,0,1,1,2,2,1,2,3,4,3,2,2,1,2,4,4,1,1,1,1,4,2,1,5,12,,3,1,0,0,0,0,2,3,1,2,3,1,0,1,0,0,0,0,0,1,4,4,4,1,2,1,0,6,398.67,12,,13,,1,1,10/20/2022 10:01:00,8,1,1,1,1,1,1,2,1,1,2,,2,1,3,3,2,7,,2,2,1,1,2,,"85022",0.497996956110001,1,1
557,"5a17ca0dtxh13dbx",10/20/2022 10:10:00,113,2,3,1,,0,0,0,0,1,0,0,1,2,1983,0,1,0,0,0,1,2,3,1,1,0,0,0,0,1,0,0,0,0,0,0,0,0,0,0,0,0,1,0,4,2,3,2,2,2,8,4,4,4,2,2,,,,,,,4,3,,,3,2,1,1,1,1,3,3,3,2,,,,1,1,1,1,4,2,4,4,4,3,3,1,2,2,2,2,2,3,4,2,3,2,2,17,,1,1,0,0,0,0,3,3,2,1,3,1,0,0,0,0,0,1,0,1,1,1,1,3,1,0,1,6,291.15,14,,10,,1,2,10/20/2022 10:04:00,8,2,5,3,5,2,2,2,2,2,1,4,,2,1,2,3,5,5,,3,2,2,,1,"85281",0.137130841612816,1,2
558,"pnxrry4gcb07z6aj",10/20/2022 10:37:00,4,2,3,3,1,1,0,0,0,0,0,0,1,1,1993,1,0,0,0,0,1,5,3,1,0,0,0,0,0,1,0,0,0,0,0,1,0,0,0,0,0,0,0,1,2,2,1,1,2,2,8,2,1,2,2,1,,,,,,,2,2,,,2,2,1,1,2,1,2,2,4,1,1,1,0,2,1,2,2,1,1,1,2,2,1,1,1,2,3,3,3,3,1,4,3,2,1,1,,,1,1,0,0,0,0,,,,,,2,1,0,0,0,0,0,0,1,1,1,1,2,2,0,1,4,1860.78,12,,13,,1,1,10/20/2022 10:05:00,2,2,2,1,2,2,2,1,2,1,2,2,,1,1,2,1,7,2,,1,2,2,,1,"85635",0.440324991941452,2,2
561,"0zd5gu2yxrjjgqmt",10/20/2022 10:24:00,3,2,3,1,,0,0,0,0,1,0,0,1,2,1999,1,0,0,0,0,1,3,3,1,1,0,0,0,0,1,1,0,0,0,0,0,0,0,0,0,0,0,0,0,2,1,1,2,2,4,10,2,4,2,4,2,,,,,,,1,3,,,1,4,2,3,1,1,3,3,2,1,1,0,1,1,1,1,1,1,1,4,4,4,2,2,1,2,4,4,4,1,4,1,1,2,5,3,12,,3,1,0,0,0,0,2,2,3,1,2,3,0,1,0,1,0,0,0,1,2,4,4,2,2,1,0,3,823.8,13,,11,,5,6,10/20/2022 10:10:00,8,2,1,1,1,6,2,1,1,1,3,,2,1,1,3,2,10,,1,1,1,2,2,,"85008",0.452724546194077,1,2
563,"markssr0y9z82e05",10/20/2022 11:07:00,1,1,3,1,,0,0,0,0,1,0,0,1,1,1994,1,0,0,0,0,1,3,2,1,1,0,0,0,0,0,0,0,0,0,0,1,0,0,0,0,0,0,0,0,2,2,1,2,2,3,8,1,3,2,3,1,,,,,,,2,2,,,1,1,3,1,2,1,2,2,3,1,1,0,0,1,2,2,1,3,2,1,2,2,2,3,2,2,1,3,3,1,1,1,1,1,1,3,4,,1,1,0,0,0,0,4,2,1,3,2,1,1,0,0,0,0,0,0,1,2,2,2,2,3,1,0,1,2976.59,4,,12,,5,6,10/20/2022 10:16:00,8,1,1,2,1,3,1,2,3,2,2,,2,2,1,2,1,9,,1,2,2,2,2,,"85142",0.299421012401581,1,1
564,"x0fttherkf7qqan4",10/20/2022 11:24:00,4,2,3,2,,0,0,0,1,0,0,0,1,2,1996,1,0,0,0,0,1,4,1,1,0,1,1,0,0,0,0,0,1,0,0,0,0,0,0,0,0,0,0,0,2,1,2,3,1,1,10,2,4,3,5,2,,,,,,,4,4,,,1,4,1,1,1,1,4,4,4,1,1,1,0,1,1,1,2,1,1,4,4,4,2,1,1,1,1,1,1,1,1,1,1,4,1,5,,,1,0,0,0,1,1,,,,,,4,1,0,0,0,0,0,0,1,4,4,4,1,4,1,0,4,3915.07,12,,13,,1,1,10/20/2022 10:18:00,11,1,1,6,6,6,2,2,1,1,2,,2,1,1,1,1,7,,1,1,1,1,2,,"85756",1.86355912685394,2,1
565,"ppzqbtns7que0me1",10/20/2022 10:25:00,113,2,3,1,,0,0,0,0,1,0,0,1,1,2000,1,0,0,0,0,1,2,3,1,0,0,1,0,0,0,0,0,0,0,0,0,1,0,0,0,0,0,0,0,2,1,2,3,1,3,5,3,5,1,3,4,,,,,,,2,1,,,4,1,2,3,3,2,3,2,1,1,0,0,1,4,2,2,1,2,2,2,1,3,1,2,2,2,2,3,1,1,3,2,1,2,4,4,12,,2,0,1,0,0,0,4,3,1,2,3,1,0,0,0,1,0,0,0,3,1,4,3,2,1,1,0,6,348.87,12,,13,,1,1,10/20/2022 10:19:00,15,2,5,2,3,2,3,2,3,4,4,,2,2,2,3,2,5,,3,2,1,4,2,,"85041",0.484116524457932,1,2
566,"jf5ac8krhe4b1bgf",10/20/2022 10:55:00,1,1,3,1,,0,0,0,0,1,0,0,1,1,1994,1,0,0,0,0,1,2,4,1,0,1,0,1,0,0,0,0,0,0,0,0,0,0,0,0,0,1,0,0,3,2,1,2,3,2,7,3,1,3,1,3,,,,,,,3,2,,,3,2,2,1,4,3,3,3,3,2,,,,2,2,2,2,2,2,2,3,3,1,2,2,1,2,2,2,3,2,2,2,3,2,2,6,,1,1,0,0,0,0,2,2,1,2,3,2,1,0,0,0,0,0,0,1,1,1,2,5,3,0,1,1,2077.67,4,,12,,5,6,10/20/2022 10:20:00,8,3,3,3,3,2,2,2,3,2,2,2,,1,1,3,2,2,3,,3,3,2,,1,"85032",0.342827081680298,1,3
567,"vxwrkjdcurvpmc87",10/20/2022 11:05:00,1,1,3,1,,0,0,0,0,1,0,0,1,1,1994,1,0,0,0,0,1,2,2,1,0,1,1,0,0,0,0,0,0,0,0,1,0,0,0,0,0,0,0,0,2,1,1,2,2,3,8,1,3,2,3,2,,,,,,,2,2,,,2,3,4,2,3,3,2,2,3,2,,,,3,2,2,2,3,3,2,3,3,2,2,1,2,3,1,3,1,1,1,1,1,1,1,17,,1,1,0,0,0,0,2,3,2,3,1,1,1,0,0,0,0,0,0,1,4,1,4,2,3,0,1,1,2540.54,4,,10,,5,6,10/20/2022 10:21:00,10,1,2,2,2,3,1,2,2,2,2,2,,1,1,3,4,8,2,,2,1,1,,2,"85901",0.14971050620079,1,1
570,"fmkz1phzj52d85mq",10/20/2022 10:30:00,113,2,3,1,,0,0,0,0,1,0,0,1,1,1983,0,1,0,0,0,1,5,1,1,1,0,0,0,1,1,0,0,0,0,0,0,0,0,0,0,0,0,0,0,2,1,2,2,2,4,9,2,4,2,4,2,,,,,,,1,4,,,1,4,3,3,2,4,4,4,4,1,1,0,0,2,1,2,2,1,1,4,4,4,2,2,1,3,1,1,1,1,1,1,1,3,1,1,12,,1,1,0,0,0,0,6,4,3,2,1,4,0,0,1,0,0,0,0,1,1,1,2,2,4,0,1,6,420.23,14,,10,,1,2,10/20/2022 10:22:00,11,1,1,1,1,4,2,2,1,1,1,5,,1,1,2,2,10,5,,1,1,1,,2,"85747",0.431166261434555,1,1
571,"pmxq4gj0weanpbpz",10/20/2022 10:33:00,113,2,3,3,1,1,0,0,0,0,0,0,1,2,1992,0,1,0,0,0,1,4,3,1,1,0,0,0,1,0,0,0,0,0,0,0,1,0,0,0,0,0,0,0,3,3,3,2,2,3,6,3,3,3,4,3,,,,,,,3,3,,,2,3,3,4,2,2,4,3,3,2,,,,1,4,2,2,2,2,2,1,3,2,3,2,3,4,4,4,4,4,4,4,2,1,5,,,1,1,0,0,0,0,,,,,,1,0,0,1,0,0,0,0,1,4,4,4,3,3,1,0,6,545.81,12,,13,,1,1,10/20/2022 10:24:00,8,2,2,2,6,6,1,1,2,2,2,,3,1,3,1,1,5,,2,1,2,4,1,,"85122",0.440324991941452,2,2
574,"m8ms337hgpbxkg9n",10/20/2022 11:12:00,1,1,3,1,,0,0,0,0,1,0,0,1,1,1994,1,0,0,0,0,1,3,1,1,0,0,0,0,1,0,0,1,0,0,0,1,0,0,0,0,0,0,0,0,1,1,2,2,1,3,9,1,3,1,3,1,,,,,,,1,1,,,1,3,2,3,3,2,3,3,3,1,0,0,1,3,2,2,2,3,2,2,2,2,1,3,1,2,1,1,1,1,1,1,1,1,1,1,12,,3,1,0,0,0,0,2,2,3,2,1,1,0,0,0,0,0,1,0,1,1,1,1,1,3,1,0,1,2633.83,4,,12,,5,6,10/20/2022 10:24:00,8,1,1,1,1,4,1,2,2,2,2,,3,2,1,3,1,9,,1,2,3,2,2,,"85006",0.431166261434555,1,1
576,"k5bysc48nukbbzrj",10/20/2022 11:03:00,1,1,3,1,,0,0,0,0,1,0,0,1,2,1998,1,0,0,0,0,1,2,4,1,0,0,0,0,0,0,0,1,0,1,0,1,0,0,0,0,0,0,0,0,3,1,3,2,3,2,7,3,1,3,2,3,,,,,,,3,3,,,3,2,3,2,2,4,2,3,2,1,0,1,0,3,2,2,3,2,4,3,3,3,2,3,1,2,2,4,2,2,3,2,2,3,2,4,12,,3,1,0,0,0,0,1,2,1,3,2,2,0,1,0,0,0,0,0,1,1,4,4,4,3,1,0,1,2209.05,4,,10,,5,6,10/20/2022 10:26:00,11,3,3,3,3,2,1,2,2,2,3,,2,2,1,2,1,4,,3,2,3,2,2,,"85730",0.518354594707489,1,3
577,"yw00dwzybfmwnrvq",10/20/2022 11:38:00,4,2,3,1,,0,0,0,0,1,0,0,1,2,1993,1,0,0,0,0,1,4,5,1,1,0,0,0,0,0,0,0,0,0,0,0,1,0,0,0,1,0,0,0,4,1,1,1,4,1,10,4,1,4,2,4,,,,,,,4,4,,,4,4,2,2,2,1,1,1,2,1,0,1,1,2,3,2,4,4,4,4,3,4,1,3,2,1,2,2,2,2,2,2,2,1,2,2,12,,1,0,0,0,1,0,1,3,2,3,1,1,1,0,0,0,0,0,0,1,1,1,1,5,3,0,1,4,4261.92,12,,13,,1,1,10/20/2022 10:26:00,8,3,4,4,4,1,1,2,4,1,3,1,,3,3,2,3,0,4,,4,3,3,,1,"85379",0.518354594707489,1,3
580,"fvh9v7vb6v3hkr78",10/20/2022 11:16:00,113,2,3,3,2,1,0,0,0,0,0,0,1,2,1995,1,0,0,0,0,1,2,2,1,1,1,0,1,0,0,0,0,0,0,0,0,0,0,0,0,0,0,0,0,2,2,2,2,2,4,8,2,4,2,3,2,,,,,,,2,6,,,2,4,4,2,1,1,4,4,4,2,,,,1,2,1,2,1,2,1,3,3,2,3,2,1,1,4,1,4,1,4,1,2,1,3,,,1,1,0,0,0,0,,,,,,2,0,1,1,0,0,0,0,3,4,4,4,2,1,1,0,6,2644.67,12,,13,,3,6,10/20/2022 10:31:00,8,1,2,2,6,6,1,1,3,1,3,,2,1,1,1,1,5,,2,1,1,2,2,,"85283",0.440324991941452,2,1
581,"hqqmrsymhw97410b",10/20/2022 10:38:00,113,2,3,1,,0,0,0,0,1,0,0,1,2,1986,0,1,0,0,0,1,2,2,1,1,0,0,1,0,1,0,0,0,0,0,0,0,0,0,0,0,0,0,0,2,2,3,2,2,4,5,2,4,2,4,2,,,,,,,2,5,,,2,4,1,1,1,1,3,4,4,2,,,,2,4,2,1,1,3,3,3,3,2,3,2,1,4,1,4,4,3,4,1,3,1,1,12,,1,0,0,0,0,1,6,4,2,3,1,3,0,0,0,1,0,0,0,2,2,2,2,2,4,0,1,6,425.54,14,,10,,1,2,10/20/2022 10:31:00,8,1,2,2,2,6,2,2,3,1,3,1,,1,3,4,2,5,5,,1,1,4,,1,"85047",0.497996956110001,1,1
583,"c17zngn8c5cr6tre",10/20/2022 11:34:00,4,2,3,1,,0,0,0,0,1,0,0,1,2,1990,0,1,0,0,0,1,4,2,1,0,0,0,1,0,1,0,0,0,0,1,0,0,0,0,0,0,0,0,0,3,3,2,3,4,4,5,5,4,2,4,6,,,,,,,5,6,,,2,4,4,4,1,1,4,4,4,2,,,,2,2,2,2,1,2,3,4,3,3,3,2,3,4,4,4,4,4,4,4,2,1,1,12,,2,1,0,0,0,0,2,3,1,2,3,4,0,1,0,1,0,0,0,1,1,1,1,2,2,1,0,4,2934.75,14,,10,,1,2,10/20/2022 10:37:00,11,1,2,2,6,6,2,2,2,2,3,,2,2,1,3,2,4,,1,2,2,2,2,,"85712",0.497996956110001,1,1
585,"fbd4dm29mz9p10hb",10/20/2022 10:59:00,113,2,3,5,2,0,1,0,0,0,0,0,1,2,1988,0,1,0,0,0,1,3,6,1,0,0,0,1,0,1,0,0,0,0,1,0,0,0,0,0,0,0,0,0,4,4,,4,3,3,0,4,1,5,5,5,,,,,,,6,5,,,6,4,2,1,1,1,4,4,4,2,,,,2,2,2,2,1,2,3,4,3,3,3,2,1,4,4,4,4,4,4,3,4,5,5,,,1,0,0,1,0,0,,,,,,1,0,1,0,0,0,0,0,4,4,4,4,6,1,0,1,6,997.11,14,,10,,1,2,10/20/2022 10:42:00,11,2,6,6,6,6,2,2,2,1,3,3,,1,3,3,5,1,5,,1,3,2,,2,"85716",0.800000011920929,2,2
586,"47tbh6c9muf37vz1",10/20/2022 11:01:00,3,2,3,1,,0,0,0,0,1,0,0,1,2,2000,1,0,0,0,0,1,3,5,1,1,0,1,0,0,0,0,0,0,0,0,0,0,0,0,0,0,1,0,0,3,1,1,3,3,3,8,4,1,4,1,3,,,,,,,3,6,,,3,4,3,4,2,2,4,2,4,1,1,1,0,1,3,2,2,3,2,4,4,1,3,3,1,2,2,2,3,2,2,2,2,2,2,2,12,,1,1,0,0,0,0,5,3,2,3,1,1,1,0,0,0,0,0,0,1,3,4,4,4,2,0,1,3,790.79,4,,10,,5,6,10/20/2022 10:48:00,8,3,3,6,3,6,2,1,3,2,3,1,,2,3,1,2,4,5,,3,2,3,,2,"85085",0.539784014225006,1,3
587,"5dnefqy20afwevsb",10/20/2022 11:02:00,3,2,3,1,,0,0,0,0,1,0,0,1,2,1996,1,0,0,0,0,1,2,5,1,0,0,1,1,0,1,0,0,0,0,0,0,0,0,0,0,0,0,0,0,4,1,2,2,3,2,9,4,1,1,1,4,,,,,,,4,1,,,3,4,4,2,1,1,1,2,1,1,0,1,0,3,2,3,3,3,2,3,3,2,2,3,2,2,2,2,2,2,2,2,2,4,2,4,12,,2,1,0,0,0,0,1,1,1,2,3,2,1,0,0,0,0,0,0,1,4,4,4,5,1,1,0,3,581.46,12,,13,,1,1,10/20/2022 10:51:00,11,3,1,1,1,1,1,2,2,1,3,,3,1,1,4,3,1,,3,3,2,2,1,,"85757",0.452724546194077,1,3
588,"reedp8s1dsmt1cvz",10/20/2022 10:58:00,113,2,3,1,,0,0,0,0,1,0,0,1,2,2002,1,0,0,0,0,1,2,1,1,0,0,0,1,0,0,1,0,0,0,0,0,0,1,0,0,0,0,0,0,3,3,2,2,2,2,5,2,3,2,4,2,,,,,,,3,4,,,2,4,3,1,1,1,3,3,2,1,1,0,0,1,2,1,1,1,1,1,4,4,2,2,1,2,1,1,1,1,1,1,1,2,1,2,12,,3,0,1,0,0,1,1,2,1,2,3,2,0,1,0,1,0,1,0,1,2,2,2,3,2,1,0,6,335.02,12,,13,,1,1,10/20/2022 10:52:00,8,1,3,2,4,2,3,2,3,1,2,,3,2,2,3,4,3,,2,2,2,1,2,,"85035",0.611575245857239,1,1
589,"48xar99r8b6bafdd",10/20/2022 11:04:00,113,2,3,1,,0,0,0,0,1,0,0,1,2,1995,1,0,0,0,0,1,1,6,1,1,0,0,0,0,1,0,0,0,0,0,0,0,1,0,0,0,0,0,0,3,4,,2,2,2,1,5,4,5,5,5,,,,,,,5,6,,,6,4,1,1,1,1,1,1,4,1,1,0,0,2,3,1,1,2,2,1,3,3,3,3,1,2,4,4,4,4,4,4,4,3,5,5,12,,1,1,0,0,0,0,2,4,3,1,2,3,1,0,0,0,0,0,0,4,3,3,4,3,1,0,1,6,493.91,14,,10,,1,2,10/20/2022 10:55:00,8,2,6,6,6,6,3,2,3,3,3,3,,3,3,3,3,2,1,,3,2,4,,2,"85234",0.411264002323151,1,2
590,"s6khq7cqvfs6h31g",10/20/2022 11:30:00,1,1,3,1,,0,0,0,0,1,0,0,1,2,1998,1,0,0,0,0,1,3,3,1,1,0,0,0,0,0,0,0,0,0,0,0,0,0,0,1,0,1,0,0,2,2,3,3,2,2,7,2,3,3,3,2,,,,,,,2,3,,,6,2,2,1,4,4,3,2,3,2,,,,2,2,2,2,2,2,2,3,3,2,2,1,2,3,1,2,4,2,3,1,2,1,5,16,,1,1,0,0,0,0,2,2,2,1,3,2,1,0,0,0,0,0,0,1,2,3,3,3,3,0,1,1,1727.54,4,,12,,5,6,10/20/2022 11:00:00,12,2,6,2,2,3,2,2,2,1,2,2,,1,1,3,2,5,2,,4,2,2,,1,"85118",0.294167995452881,1,2
593,"wbrhamyz32wdj0xc",10/20/2022 11:49:00,1,1,3,1,,0,0,0,0,1,0,0,1,1,1996,1,0,0,0,0,1,4,1,1,0,0,1,1,0,0,0,0,0,0,0,1,0,0,0,0,0,0,0,0,1,2,3,2,1,4,7,1,3,2,3,2,,,,,,,1,2,,,2,3,4,4,3,3,2,2,2,1,1,0,0,3,2,2,2,3,3,2,3,3,1,2,1,3,1,1,1,1,1,1,1,1,1,3,5,,3,1,0,0,0,0,1,2,3,2,1,2,0,1,0,0,0,0,0,1,4,4,4,2,4,1,0,1,2401.47,4,,10,,5,6,10/20/2022 11:09:00,9,1,1,2,2,3,1,2,2,1,2,,2,1,1,2,3,9,,1,2,2,2,2,,"86409",0.299421012401581,1,1
594,"7gt3v7x4rsqu2vf2",10/20/2022 11:33:00,4,2,3,6,1,0,0,0,0,0,1,0,1,2,1984,0,1,0,0,0,1,2,5,1,1,0,0,0,0,0,0,1,0,0,0,0,1,0,0,0,0,0,0,0,4,1,3,1,4,1,10,4,1,4,2,4,,,,,,,5,5,,,4,3,3,1,1,1,4,4,4,1,0,0,1,4,4,2,4,2,3,1,1,1,1,2,2,1,2,2,2,2,2,2,2,1,2,2,,,1,1,0,0,0,0,,,,,,1,1,0,0,0,0,0,0,1,4,1,4,5,2,1,0,4,1403.18,14,,10,,1,2,10/20/2022 11:09:00,12,3,4,4,6,6,3,3,4,4,1,,1,3,3,1,5,1,,5,4,4,2,2,,"85143",1.00831496715546,2,3
595,"eke2e3wr1kcj22c1",10/20/2022 11:20:00,3,2,3,1,,0,0,0,0,1,0,0,1,2,1991,0,1,0,0,0,1,3,5,1,1,0,0,0,0,0,0,0,0,0,0,0,0,0,0,0,1,1,0,0,4,1,1,1,4,1,10,4,1,4,2,4,,,,,,,4,4,,,4,4,4,2,3,2,4,1,4,2,,,,2,3,2,3,4,1,1,1,1,1,2,2,1,2,2,2,3,2,4,2,1,2,2,12,,3,1,0,0,0,0,4,4,2,3,1,1,1,0,0,0,0,0,0,1,1,1,1,5,4,0,1,3,634.82,13,,10,,5,6,10/20/2022 11:09:00,12,3,4,4,4,6,2,2,4,4,4,1,,3,1,1,3,0,3,,4,4,1,,1,"85138",0.518354594707489,1,3
597,"xsqnnfxypfr59uw7",10/20/2022 11:51:00,1,1,3,1,,0,0,0,0,1,0,0,1,1,1995,1,0,0,0,0,1,3,1,1,0,1,0,0,0,0,0,0,0,0,0,1,0,0,0,0,0,1,0,0,1,1,3,1,1,3,9,1,4,1,3,1,,,,,,,2,2,,,1,1,3,1,2,1,1,1,3,1,1,0,0,2,1,2,1,3,2,2,1,2,1,2,2,3,1,3,1,1,1,1,1,1,1,1,12,,1,1,0,0,0,0,4,2,1,3,2,1,1,0,0,0,0,0,0,1,2,2,1,1,5,0,1,1,2369.42,4,,12,,5,6,10/20/2022 11:11:00,11,1,1,1,2,3,1,1,2,1,1,2,,2,1,2,1,10,5,,2,2,1,,2,"85658",0.431166261434555,1,1
599,"v88vsqh6s8qtgfuq",10/20/2022 11:48:00,1,1,3,1,,0,0,0,0,1,0,0,1,1,1994,1,0,0,0,0,1,3,5,1,1,1,0,0,0,0,0,0,0,0,0,0,0,0,0,0,0,0,0,0,3,1,1,3,3,1,9,3,1,3,1,3,,,,,,,3,3,,,4,3,4,3,4,4,4,3,3,1,1,0,0,2,2,2,2,3,3,3,2,3,1,2,1,2,2,2,2,2,2,2,2,3,2,2,13,,3,1,0,0,0,0,2,3,3,1,2,1,1,0,0,0,0,0,0,1,1,1,1,5,4,1,0,1,1914.42,4,,12,,5,6,10/20/2022 11:15:00,8,3,4,4,4,1,2,2,3,2,1,,2,2,3,2,5,4,,3,2,3,3,2,,"85016",0.342827081680298,1,3
601,"fae9h5gwhuppn2xa",10/20/2022 11:53:00,1,1,3,1,,0,0,0,0,1,0,0,1,1,1994,1,0,0,0,0,1,3,2,1,0,0,1,0,0,0,0,1,0,0,0,1,0,0,0,0,0,0,0,0,2,1,1,3,1,3,7,2,3,2,4,2,,,,,,,2,2,,,2,3,4,2,3,4,3,4,3,2,,,,3,2,2,3,3,3,3,3,3,2,2,1,2,1,3,1,1,3,1,1,2,1,1,9,,3,1,0,0,0,0,2,3,1,3,2,3,1,0,0,0,0,0,0,1,1,1,4,2,5,0,1,1,1762.84,4,,10,,5,6,10/20/2022 11:22:00,8,1,2,2,2,3,1,1,2,2,3,2,,2,3,2,1,8,2,,2,2,2,,2,"85003",0.299421012401581,1,1
607,"bph9zzfd4jdvapbb",10/20/2022 12:29:00,1,1,3,1,,0,0,0,0,1,0,0,1,1,1994,1,0,0,0,0,1,3,3,1,0,0,0,0,0,0,0,0,0,1,0,1,0,0,0,0,0,0,0,0,2,1,2,2,2,2,9,2,2,2,2,2,,,,,,,2,2,,,5,3,2,2,4,2,2,2,2,1,1,0,0,2,2,2,2,3,2,2,2,2,2,2,1,2,3,4,4,4,4,3,3,3,2,5,6,,2,1,0,0,0,0,2,2,1,2,3,1,1,0,0,0,0,0,0,1,1,1,1,6,4,0,1,1,2346.1,4,,12,,5,6,10/20/2022 11:49:00,11,2,5,5,5,5,2,2,2,2,1,2,,2,3,2,2,5,5,,3,3,3,,2,"85633",0.195840001106262,1,2
608,"acv76b9g9ge3f9mb",10/20/2022 12:08:00,113,2,3,2,,0,0,0,1,0,0,0,1,2,1994,1,0,0,0,0,1,3,2,1,0,0,0,1,0,0,0,0,0,0,1,0,0,0,0,0,0,0,0,0,2,1,2,1,2,1,10,2,2,4,3,1,,,,,,,1,6,,,2,1,2,2,3,2,3,3,2,1,1,0,0,2,1,2,1,2,3,3,2,1,1,2,1,3,2,2,2,1,3,1,2,2,1,1,,,1,1,0,0,0,0,,,,,,1,1,0,0,0,0,0,0,1,4,1,3,2,4,0,1,6,1001.87,12,,13,,1,1,10/20/2022 11:50:00,8,1,1,6,6,4,1,2,1,2,2,2,,2,1,2,2,5,1,,1,2,2,,1,"85202",1.86355912685394,2,1
609,"q0pp43hbu8332n0h",10/20/2022 12:01:00,4,2,3,4,1,0,0,1,0,0,0,0,1,1,1997,1,0,0,0,0,1,2,3,1,1,1,0,0,0,0,0,0,0,0,1,0,0,0,0,0,0,0,0,0,4,3,3,2,4,1,3,4,2,4,3,4,,,,,,,1,5,,,4,4,3,4,1,1,4,4,4,2,,,,1,2,2,4,2,2,4,3,4,2,1,1,1,2,2,3,3,2,4,3,4,2,2,,,1,1,0,0,0,0,,,,,,3,0,1,0,0,0,0,0,1,3,1,3,4,4,1,0,4,571.62,4,,10,,5,6,10/20/2022 11:51:00,8,2,3,3,3,2,1,1,2,3,1,,1,2,1,3,4,0,,4,4,4,3,1,,"85086",1.00831496715546,2,2
610,"f4tva9g6zqws7fa8",10/20/2022 12:24:00,1,1,3,1,,0,0,0,0,1,0,0,1,1,1995,1,0,0,0,0,1,4,4,1,0,0,0,1,0,0,0,1,0,0,0,1,0,0,0,0,0,0,0,0,3,2,1,3,3,2,8,3,1,3,2,3,,,,,,,3,3,,,3,3,4,4,3,4,2,2,3,2,,,,2,3,2,3,3,3,2,2,3,2,1,2,2,2,2,2,3,2,2,2,3,4,2,12,,1,1,0,0,0,0,2,3,2,3,1,2,1,0,0,0,0,0,0,4,4,1,4,4,6,0,1,1,1764.12,4,,10,,5,6,10/20/2022 11:54:00,12,3,3,3,3,2,2,2,3,2,3,2,,1,1,3,2,3,3,,2,2,1,,1,"85122",0.493671059608459,1,3
612,"nr4pk6a4q2jnkwgn",10/20/2022 12:12:00,4,2,3,2,,0,0,0,1,0,0,0,1,1,2001,1,0,0,0,0,1,2,5,1,1,0,0,0,0,0,0,0,0,0,0,1,0,0,0,0,1,0,0,0,3,2,3,3,3,2,5,4,1,3,2,3,,,,,,,3,6,,,3,4,4,3,4,3,4,4,4,1,1,0,0,2,2,1,3,2,2,4,3,4,3,2,1,2,2,2,3,1,2,2,2,2,4,4,,,1,1,0,0,0,0,,,,,,1,0,1,0,0,0,1,0,4,4,4,4,4,1,1,0,4,966.86,12,,11,,1,1,10/20/2022 11:55:00,8,3,4,6,6,6,2,2,4,2,2,,3,2,3,2,1,4,,5,2,3,2,1,,"85281",2.64993619918823,2,3
613,"3v0snaku8w3et2mz",10/20/2022 12:17:00,113,2,3,1,,0,0,0,0,1,0,0,1,1,1988,0,1,0,0,0,1,5,5,1,0,0,0,0,0,0,0,0,0,0,0,0,0,1,0,1,0,0,1,0,4,1,3,1,1,3,10,3,1,4,1,4,,,,,,,4,4,,,4,4,4,4,2,2,2,2,3,2,,,,1,4,2,1,4,1,1,1,1,1,2,1,2,2,2,2,2,2,2,2,1,2,2,17,,2,0,0,0,1,1,2,3,3,1,2,4,0,1,1,0,0,0,0,1,1,1,1,4,5,1,0,6,1206.26,4,,10,,5,6,10/20/2022 11:56:00,11,3,4,4,3,3,1,3,2,2,4,,1,2,3,1,1,7,,2,3,3,2,2,,"85641",0.171413540840149,1,3
616,"u8bpk0c694q9p7b4",10/20/2022 12:19:00,98,1,3,2,,0,0,0,1,0,0,0,1,1,1970,0,0,1,0,0,1,5,5,1,1,1,0,0,0,0,0,0,0,0,0,0,0,0,0,0,1,0,0,0,4,1,3,2,3,2,10,4,1,4,1,4,,,,,,,4,4,,,4,3,4,1,2,2,1,1,4,2,,,,2,2,1,1,2,1,4,4,4,2,2,2,3,2,2,2,2,2,2,2,4,2,2,,,1,1,0,0,0,0,,,,,,2,1,0,0,0,0,0,0,1,1,1,1,5,6,0,1,5,1133.61,4,,10,,5,6,10/20/2022 11:58:00,8,3,4,4,4,1,1,1,1,2,1,1,,1,3,3,4,0,4,,3,3,1,,1,"85254",2.54473447799683,2,3
617,"qeagx78wsh2cqc17",10/20/2022 12:09:00,113,2,3,1,,0,0,0,0,1,0,0,1,2,1995,1,0,0,0,0,1,3,3,1,1,0,0,1,0,0,0,0,0,0,0,0,0,0,0,0,0,0,0,0,3,2,1,2,2,1,5,3,1,2,2,2,,,,,,,1,5,,,4,1,1,1,2,1,4,4,4,2,,,,1,1,1,2,3,2,2,1,1,2,2,2,2,3,3,3,3,3,3,3,3,2,2,12,,2,0,0,0,1,0,1,4,3,1,2,2,1,0,0,0,0,0,0,2,2,2,2,3,5,1,0,6,498.77,14,,10,,1,2,10/20/2022 12:00:00,8,2,4,4,4,1,2,3,2,3,2,,4,1,1,1,2,5,,5,3,3,2,2,,"85020",0.518354594707489,1,2
618,"7bq9ak9mym8ty0r7",10/20/2022 12:36:00,1,1,3,1,,0,0,0,0,1,0,0,1,1,1996,1,0,0,0,0,1,2,5,1,0,0,0,0,0,0,0,0,0,0,0,1,1,0,0,0,0,1,0,0,3,1,1,1,4,1,9,3,1,3,1,3,,,,,,,3,3,,,4,1,3,1,1,2,1,1,3,1,0,1,0,2,2,2,2,3,2,1,2,2,1,2,2,3,2,2,3,2,2,3,3,3,2,2,12,,1,1,0,0,0,0,4,2,1,3,2,1,1,0,0,0,0,0,0,1,1,1,2,5,4,0,1,1,2004.83,4,,12,,5,6,10/20/2022 12:02:00,12,3,4,4,4,1,1,1,3,2,1,2,,2,1,2,1,3,3,,2,3,1,,1,"85145",0.493671059608459,1,3
619,"ns4xhsmur7a8dkgf",10/20/2022 12:16:00,3,2,3,1,,0,0,0,0,1,0,0,1,1,1966,0,0,1,0,0,1,3,1,1,1,0,1,0,0,0,0,0,0,0,1,0,0,0,0,0,0,0,0,0,2,2,1,2,1,3,8,2,4,2,3,2,,,,,,,2,2,,,2,1,2,1,1,1,2,3,2,2,,,,2,2,1,2,2,2,3,4,4,2,3,1,3,4,4,1,1,1,1,1,3,1,1,12,,1,0,0,0,1,0,1,1,2,1,3,1,0,0,0,1,0,0,0,1,1,1,2,2,3,0,1,3,619.16,14,,10,,1,2,10/20/2022 12:05:00,8,1,2,1,1,3,2,2,2,2,2,3,,1,1,2,2,9,1,,1,1,1,,2,"85201",0.431166261434555,1,1
620,"fj5e3pwzn3wehhyb",10/20/2022 12:26:00,113,2,3,1,,0,0,0,0,1,0,0,1,2,1979,0,0,1,0,0,1,3,3,1,1,0,0,0,0,1,0,0,0,1,0,0,0,0,0,0,0,0,0,0,2,1,3,3,2,4,10,2,4,1,4,1,,,,,,,1,5,,,1,4,3,1,1,1,3,3,4,2,,,,1,1,1,1,1,1,4,4,4,2,2,2,2,1,1,1,1,1,1,1,2,1,1,12,,1,1,0,0,0,0,1,3,1,2,3,1,0,0,0,1,0,0,0,1,1,1,1,1,3,1,0,6,1209.4,12,,13,,1,1,10/20/2022 12:06:00,11,2,1,1,1,6,2,1,1,1,3,,3,1,1,1,1,10,,5,1,1,1,2,,"85719",0.452724546194077,1,2
622,"6dzcqc4u4acee2jb",10/20/2022 12:41:00,98,1,3,3,1,1,0,0,0,0,0,0,1,2,1995,1,0,0,0,0,1,3,1,1,1,0,1,0,0,0,0,0,0,0,0,0,1,0,0,0,0,0,0,0,1,1,1,1,1,4,10,2,4,1,4,1,,,,,,,1,1,,,1,1,2,2,1,1,2,3,4,2,,,,1,1,1,2,2,1,1,1,1,2,1,1,3,1,1,1,1,1,4,4,1,1,1,,,1,0,0,0,0,1,,,,,,1,1,0,0,0,0,0,0,1,1,1,3,1,2,1,0,5,1924.45,4,,10,,5,6,10/20/2022 12:07:00,8,1,1,1,1,4,1,1,1,1,2,,1,1,3,2,1,8,,1,1,3,1,2,,"85225",0.440324991941452,2,1
623,"v63817y997c3hfc7",10/20/2022 12:33:00,113,2,3,1,,0,0,0,0,1,0,0,1,2,1987,0,1,0,0,0,1,2,2,1,1,1,0,0,1,0,0,0,0,0,0,0,0,0,0,0,0,0,0,0,1,3,1,3,2,2,6,1,2,3,3,2,,,,,,,1,6,,,2,4,1,1,1,1,4,4,4,1,1,1,0,2,2,3,2,2,2,2,2,3,1,2,2,1,1,1,1,1,1,1,1,2,1,2,12,,1,0,0,1,0,0,1,2,1,2,3,2,1,0,0,0,0,0,0,3,4,3,3,2,1,0,1,6,1251.31,14,,10,,1,2,10/20/2022 12:11:00,15,1,2,1,5,6,2,2,2,1,2,3,,2,2,2,4,4,5,,2,2,2,,1,"85364",0.497996956110001,1,1
624,"tpxee2m2xg9ts1ju",10/20/2022 12:20:00,3,2,3,1,,0,0,0,0,1,0,0,1,1,1972,0,0,1,0,0,1,6,3,1,1,0,1,0,0,0,0,0,0,0,0,0,1,0,0,0,0,0,0,0,3,1,1,1,4,4,10,3,3,3,4,4,,,,,,,2,2,,,4,2,1,4,1,1,2,3,2,1,1,1,0,4,2,1,1,2,1,2,3,3,1,2,2,1,2,2,1,2,2,1,1,2,2,2,12,,1,1,0,0,0,0,2,1,3,2,1,2,1,0,0,0,0,0,0,1,1,1,1,4,6,1,0,3,470.49,14,,10,,1,2,10/20/2022 12:11:00,11,2,2,2,2,3,1,3,3,3,4,,2,2,1,1,2,6,,5,2,2,2,2,,"85745",0.517399489879608,1,2
628,"evgp474g52d2dzmx",10/20/2022 12:34:00,113,2,3,2,,0,0,0,1,0,0,0,1,2,1973,0,0,1,0,0,1,3,3,1,1,0,0,0,1,0,0,0,0,0,0,0,0,0,0,0,1,0,0,0,3,3,1,3,2,1,3,3,4,2,2,2,,,,,,,3,3,,,6,4,2,1,1,4,4,2,4,1,0,0,1,2,3,1,1,1,1,3,4,4,1,3,2,2,1,1,1,2,2,1,2,3,5,5,,,1,1,0,0,0,0,,,,,,2,0,1,1,0,0,0,0,3,3,3,3,3,2,1,0,6,956.25,14,,10,,3,2,10/20/2022 12:17:00,11,2,5,5,6,6,2,2,2,1,2,,1,1,1,2,1,5,,2,2,1,2,2,,"85701",1.10127222537994,2,2
629,"tp5gfrvcwawvbpaq",10/20/2022 12:36:00,113,2,3,3,2,1,0,0,0,0,0,0,1,1,2000,1,0,0,0,0,1,2,6,1,1,0,1,0,1,0,0,0,0,0,0,0,0,0,0,0,0,0,0,0,4,5,,4,4,4,6,3,3,6,1,6,,,,,,,6,6,,,5,4,4,1,1,1,1,1,1,2,,,,4,4,4,4,4,2,4,4,4,2,1,1,2,4,4,3,4,4,2,4,4,1,1,,,1,0,1,0,0,0,,,,,,2,0,1,0,0,0,0,0,1,4,4,4,6,2,0,1,6,1035.64,12,,13,,1,1,10/20/2022 12:18:00,8,2,5,5,5,5,4,4,4,4,1,3,,1,1,3,1,10,1,,1,4,4,,2,"85296",0.240000009536743,2,2
632,"bhtgbwygs0sb7r2x",10/20/2022 12:36:00,4,2,3,1,,0,0,0,0,1,0,0,1,1,2000,1,0,0,0,0,1,2,2,1,0,0,0,1,0,0,1,0,0,0,0,0,0,0,0,0,0,1,0,0,2,2,2,2,2,1,5,4,5,4,3,4,,,,,,,4,4,,,1,4,2,2,2,2,2,2,2,2,,,,2,3,2,2,2,2,2,2,3,1,2,2,1,4,3,3,2,3,3,3,2,2,2,12,,2,0,1,0,0,0,1,2,2,1,3,3,1,0,0,0,0,0,0,2,3,3,3,4,1,0,1,4,763.82,13,,10,,5,6,10/20/2022 12:22:00,8,1,2,2,2,6,1,2,1,2,1,2,,1,2,1,2,3,3,,2,2,3,,2,"85009",0.431166261434555,1,1
633,"u8ew35afm76qaa0s",10/20/2022 12:42:00,113,2,3,2,,0,0,0,1,0,0,0,1,2,1985,0,1,0,0,0,1,5,3,1,0,0,0,0,1,1,0,0,0,0,0,1,0,0,0,0,0,0,0,0,2,2,1,2,1,1,7,2,4,2,3,2,,,,,,,1,2,,,2,4,4,2,2,3,3,4,4,2,,,,1,1,2,2,1,2,3,3,3,3,2,2,3,3,2,3,1,1,1,1,3,1,1,,,1,1,0,0,0,0,,,,,,1,1,0,0,0,0,0,0,1,2,1,2,2,3,1,0,6,1174.31,12,,13,,1,1,10/20/2022 12:22:00,11,2,1,2,2,3,2,1,1,1,3,,4,2,1,1,2,9,,2,1,1,2,2,,"85730",1.91946601867676,2,2
638,"p7agah3uks05a87s",10/20/2022 12:45:00,98,1,3,2,,0,0,0,1,0,0,0,1,1,1959,0,0,0,1,0,1,4,2,1,1,0,0,0,0,0,0,1,0,0,0,0,0,0,0,0,0,0,0,0,4,1,3,1,4,2,10,1,2,2,2,2,,,,,,,2,2,,,4,2,2,2,2,2,2,2,2,2,,,,4,2,1,3,2,2,3,3,3,1,3,2,3,2,3,3,1,3,1,2,3,2,2,,,1,0,0,0,1,0,,,,,,1,1,0,0,0,0,0,0,1,1,1,1,4,4,0,1,5,817.52,13,,10,,5,6,10/20/2022 12:29:00,8,1,3,4,3,1,2,2,3,3,2,2,,1,3,3,2,5,5,,2,3,2,,1,"85053",2.08205509185791,2,1
643,"ch3zenggw9atvksf",10/20/2022 12:59:00,98,1,3,3,1,1,0,0,0,0,0,0,1,2,1976,0,0,1,0,0,1,5,1,1,0,0,0,0,0,0,0,0,0,0,0,0,0,0,0,0,0,0,1,0,1,1,3,2,2,3,9,1,4,2,3,2,,,,,,,2,5,,,2,4,2,1,2,1,2,2,4,2,,,,1,1,1,1,1,1,4,4,4,1,2,2,3,1,1,1,1,1,1,1,2,1,1,,,1,1,0,0,0,0,,,,,,1,0,0,1,0,0,0,0,1,1,1,1,1,4,1,0,5,1620.8,4,,10,,5,6,10/20/2022 12:31:00,8,1,2,2,1,4,2,2,2,2,2,,2,2,3,2,2,8,,1,2,2,1,1,,"85021",0.440324991941452,2,1
644,"pqw9mzwsfr69eg5q",10/20/2022 13:08:00,98,1,3,2,,0,0,0,1,0,0,0,1,1,1947,0,0,0,1,0,3,6,1,1,0,0,0,1,1,0,0,0,0,0,0,0,0,0,0,0,1,0,0,0,1,1,1,1,3,1,10,1,4,2,4,2,,,,,,,2,3,,,1,4,4,2,2,4,1,4,4,1,1,0,1,2,2,1,2,1,1,3,4,4,3,2,1,3,1,4,1,1,4,1,1,4,1,1,,,,0,0,0,0,1,,,,,,3,0,1,0,0,0,0,0,1,1,1,1,1,3,0,1,5,2161.78,4,,10,,5,6,10/20/2022 12:31:00,11,1,1,1,1,4,3,2,2,2,1,4,,1,3,5,2,10,1,,1,1,2,,2,"85749",1.72751927375793,2,1
645,"kfxu72qufckq6j5g",10/20/2022 12:54:00,1,1,3,1,,0,0,0,0,1,0,0,1,1,1995,1,0,0,0,0,1,3,1,1,0,0,1,0,0,0,0,0,0,0,0,1,0,0,0,0,0,0,0,0,1,1,1,1,1,4,9,1,4,1,4,1,,,,,,,1,1,,,1,1,1,1,1,2,1,2,1,1,1,0,0,3,2,2,2,4,3,2,2,2,1,2,1,2,1,1,1,1,1,1,1,1,1,1,9,,3,1,0,0,0,0,1,1,2,1,3,1,0,0,1,0,0,0,0,1,1,1,4,1,5,1,0,1,1250.93,4,,12,,5,6,10/20/2022 12:32:00,11,1,1,1,1,4,2,1,2,2,1,,2,2,3,2,1,9,,1,1,3,2,2,,"85614",0.299421012401581,1,1
648,"mp27a82q3k1kq0jp",10/20/2022 13:06:00,1,1,3,1,,0,0,0,0,1,0,0,1,2,1997,1,0,0,0,0,1,2,2,1,0,1,0,1,0,0,0,0,0,0,0,0,0,0,0,1,0,0,0,0,2,3,3,3,2,3,6,2,3,2,3,2,,,,,,,2,2,,,2,3,4,2,3,4,2,2,2,2,,,,3,2,2,2,3,3,2,3,3,1,2,1,2,1,1,1,1,1,1,1,2,1,3,17,,2,1,0,0,0,0,1,2,3,2,1,2,0,1,0,0,0,0,0,1,4,4,4,2,4,0,1,1,1808.08,4,,10,,5,6,10/20/2022 12:34:00,14,1,2,2,2,3,2,2,2,2,2,2,,1,1,2,3,8,1,,2,2,2,,2,"86301",0.172915637493134,1,1
650,"sdk17r21mqzn7xwg",10/20/2022 12:56:00,98,1,3,1,,0,0,0,0,1,0,0,1,2,1977,0,0,1,0,0,1,5,1,1,0,0,0,0,0,0,0,1,0,1,0,0,0,0,0,0,1,0,0,0,1,1,3,3,1,3,10,1,4,1,4,1,,,,,,,1,1,,,1,4,1,3,2,3,1,1,1,2,,,,2,2,1,1,2,2,1,4,1,1,2,2,2,1,1,1,1,1,1,1,1,1,1,12,,3,1,0,0,0,0,2,1,2,1,3,1,1,0,0,0,0,0,0,1,1,1,1,1,4,1,0,5,1024.4,4,,10,,5,6,10/20/2022 12:38:00,8,1,1,1,2,2,1,1,1,1,2,,2,1,3,1,4,10,,1,1,1,1,1,,"85379",0.497996956110001,1,1
653,"s80dm4708fcpx9n1",10/20/2022 12:55:00,3,2,3,1,,0,0,0,0,1,0,0,1,2,2003,1,0,0,0,0,1,3,1,1,0,0,0,1,0,1,0,0,0,1,0,0,0,0,0,0,0,0,0,0,2,1,1,1,2,4,9,3,4,2,4,2,,,,,,,4,6,,,1,4,2,3,3,1,2,2,4,2,,,,2,2,1,2,2,1,2,2,1,2,1,1,1,1,1,1,1,1,1,1,2,1,1,12,,2,0,0,0,1,0,1,2,2,1,3,2,0,1,0,0,0,0,1,2,3,4,4,2,1,1,0,3,569.66,12,,11,,1,1,10/20/2022 12:45:00,8,1,6,2,1,2,2,2,1,2,1,,3,2,1,2,4,8,,2,1,1,3,2,,"85345",0.465962111949921,1,1
657,"m0jd5e10ddakfsjh",10/20/2022 13:03:00,4,2,3,1,,0,0,0,0,1,0,0,1,1,1963,0,0,1,0,0,1,3,1,1,0,0,0,1,1,1,0,0,0,0,0,0,0,0,0,0,0,0,0,0,2,1,1,1,1,3,10,2,4,1,4,2,,,,,,,1,2,,,1,4,2,1,1,1,2,2,3,2,,,,1,1,1,1,1,1,3,4,4,2,3,1,3,1,1,1,1,1,1,1,4,1,1,12,,1,1,0,0,0,0,6,3,2,3,1,2,1,0,0,0,0,0,0,1,1,1,1,2,2,0,1,4,575.16,14,,10,,1,2,10/20/2022 12:53:00,15,1,1,1,1,4,2,2,1,2,2,5,,1,1,3,1,10,1,,1,1,1,,2,"86364",0.431166261434555,1,1
659,"7fqh1zu5407q8nb8",10/20/2022 13:07:00,3,2,3,1,,0,0,0,0,1,0,0,1,2,1978,0,0,1,0,0,3,3,2,1,1,0,0,0,0,1,0,0,0,0,0,0,0,0,1,0,0,0,0,0,3,3,3,2,3,3,5,2,5,2,5,2,,,,,,,2,2,,,2,4,4,4,2,4,1,4,1,1,0,0,1,2,2,2,1,1,3,3,3,3,2,2,1,2,3,4,1,1,2,3,3,3,1,1,12,,,1,0,0,0,0,1,1,2,1,3,2,0,0,0,0,0,0,1,2,2,3,3,2,3,1,0,3,673,12,,11,,1,1,10/20/2022 12:55:00,11,1,2,2,2,3,2,2,2,2,2,,2,2,3,2,2,5,,1,1,2,2,2,,"85746",0.647396087646484,1,1
660,"2c7zab58y368fyzb",10/20/2022 13:31:00,1,1,3,1,,0,0,0,0,1,0,0,1,1,1995,1,0,0,0,0,1,3,5,1,1,0,1,0,1,0,0,0,0,0,0,0,0,0,0,0,0,0,0,0,3,1,1,1,3,1,9,3,1,3,1,4,,,,,,,4,4,,,4,1,1,2,1,1,1,1,1,1,0,0,1,2,2,1,2,3,2,2,2,2,1,2,1,2,2,2,2,2,2,2,2,3,2,2,6,,2,1,0,0,0,0,1,1,3,1,2,1,0,1,0,0,0,0,0,1,1,4,1,5,4,0,1,1,1675.62,4,,12,,5,6,10/20/2022 12:56:00,8,3,4,4,4,1,1,2,3,2,2,2,,2,1,2,1,4,4,,2,4,3,,2,"85007",0.342827081680298,1,3
662,"q0mcne1hk1awus47",10/20/2022 13:27:00,98,1,3,3,1,1,0,0,0,0,0,0,1,2,1993,1,0,0,0,0,1,3,2,1,0,1,0,1,0,0,0,0,0,0,0,0,1,0,0,0,0,0,0,0,2,1,3,1,1,4,5,1,4,1,4,1,,,,,,,5,2,,,1,1,1,1,1,4,3,3,4,2,,,,2,1,1,2,1,2,2,2,2,2,3,1,3,1,1,1,1,1,1,1,2,1,1,,,3,1,0,0,0,0,,,,,,1,1,0,0,0,0,0,0,1,1,3,3,2,3,0,1,5,1579.22,4,,10,,5,6,10/20/2022 13:00:00,8,1,1,1,2,4,1,1,1,1,2,2,,1,3,1,1,5,2,,1,1,2,,2,"85295",0.440324991941452,2,1
663,"q7f2wa2mu5mkjn7d",10/20/2022 14:37:00,113,2,3,1,,0,0,0,0,1,0,0,1,2,1993,1,0,0,0,0,1,4,1,1,0,0,1,0,0,0,0,0,0,0,0,0,1,1,0,0,0,0,0,0,2,1,1,2,1,3,7,2,4,2,4,2,,,,,,,2,6,,,1,4,3,2,2,2,3,3,4,1,1,0,0,1,2,2,1,2,2,3,3,3,2,2,1,2,1,1,1,1,1,1,1,2,1,1,12,,1,1,0,0,0,0,5,3,1,2,3,2,1,0,0,0,0,0,0,1,1,1,2,1,2,0,1,6,5818.08,12,,13,,1,1,10/20/2022 13:00:00,8,1,1,1,1,6,2,2,2,2,2,3,,1,1,2,2,8,5,,2,2,3,,2,"85301",0.497996956110001,1,1
664,"zc07aje5z1ekukz2",10/20/2022 13:35:00,1,1,3,1,,0,0,0,0,1,0,0,1,2,1997,1,0,0,0,0,1,3,2,1,0,0,0,1,0,0,0,0,0,0,0,1,0,0,0,0,0,0,0,0,1,2,1,2,2,3,8,1,3,2,3,2,,,,,,,2,2,,,2,1,3,1,2,1,1,1,3,1,1,0,0,2,1,2,1,4,2,1,2,2,2,3,2,2,1,3,3,1,1,1,3,1,1,3,4,,1,1,0,0,0,0,3,2,1,3,2,1,1,0,0,0,0,0,0,1,2,3,3,2,3,1,0,1,1811.84,4,,12,,5,6,10/20/2022 13:04:00,9,1,2,1,2,3,1,1,3,2,2,,3,2,1,2,1,9,,1,3,2,2,2,,"86401",0.345831274986267,1,1
668,"37q6z599agj7vku3",10/20/2022 13:23:00,3,2,3,1,,0,0,0,0,1,0,0,1,2,2000,1,0,0,0,0,1,3,1,1,0,1,0,1,0,0,1,0,0,0,0,0,0,0,0,0,0,0,0,0,2,1,1,2,2,4,10,5,4,5,4,5,,,,,,,2,3,,,1,4,2,4,1,1,1,2,4,1,0,0,1,1,1,1,2,1,1,2,4,4,3,3,1,2,1,1,1,4,4,1,1,2,1,5,12,,3,1,0,0,0,0,6,3,3,1,2,3,0,1,1,0,0,0,0,1,2,4,4,1,2,0,1,3,678.97,13,,10,,5,6,10/20/2022 13:12:00,8,1,1,1,1,4,1,1,1,1,1,1,,1,1,2,1,10,1,,1,1,1,,2,"85339",0.497996956110001,1,1
669,"822fh0thhmz1uq9j",10/20/2022 13:20:00,113,2,3,1,,0,0,0,0,1,0,0,1,1,2003,1,0,0,0,0,1,2,1,1,1,0,1,0,0,0,1,0,0,0,0,0,0,0,0,0,0,0,0,0,4,1,2,3,2,3,10,4,1,6,4,1,,,,,,,1,4,,,1,3,2,4,1,1,4,3,3,1,1,0,0,4,1,1,4,1,4,1,1,1,1,3,1,2,2,1,2,2,1,1,1,2,2,2,22,1,1,1,0,0,0,0,1,1,1,2,3,2,0,1,0,0,0,0,0,1,1,2,4,2,1,1,0,6,467.14,12,,13,,1,1,10/20/2022 13:12:00,8,1,2,2,3,3,2,1,2,1,1,,1,3,1,2,3,1,,2,2,3,3,1,,"85020",0.299421012401581,1,1
670,"mfzphk5tpvj2jt25",10/20/2022 13:38:00,98,1,3,3,1,1,0,0,0,0,0,0,1,2,1962,0,0,0,1,0,1,6,1,1,1,0,0,0,0,0,0,0,0,0,1,0,0,0,0,0,0,0,1,0,2,1,1,2,2,4,10,2,4,3,4,2,,,,,,,1,3,,,1,2,2,1,1,4,1,4,4,1,1,0,0,3,1,1,1,1,2,2,3,3,2,2,1,3,4,4,1,1,4,1,1,3,1,1,,,1,1,0,0,0,0,,,,,,1,0,1,0,0,0,0,0,1,1,1,1,2,6,1,0,5,1375.18,4,,10,,5,6,10/20/2022 13:14:00,8,1,1,1,1,4,2,2,1,1,1,,5,2,1,2,1,10,,5,1,1,1,2,,"85044",0.440324991941452,2,1
672,"7f534fbavhhbq905",10/20/2022 13:42:00,98,1,3,1,,0,0,0,0,1,0,0,1,2,1972,0,0,1,0,0,3,2,1,1,1,1,1,0,0,0,0,0,0,0,0,0,0,0,0,0,0,0,0,0,2,1,1,2,1,3,10,2,4,1,2,2,,,,,,,1,2,,,1,4,4,1,3,1,3,1,2,2,,,,1,1,1,3,1,1,2,4,3,2,2,2,2,1,1,1,1,1,1,1,2,1,1,12,,,0,0,0,1,0,1,2,3,1,2,2,0,1,0,0,0,0,0,1,1,1,1,2,4,0,1,5,1555.5,4,,10,,5,6,10/20/2022 13:16:00,8,1,1,1,4,4,1,2,2,1,1,1,,1,1,1,1,9,1,,2,1,2,,2,"85339",0.647396087646484,1,1
673,"2z75755w62005972",10/20/2022 13:46:00,98,1,3,3,1,1,0,0,0,0,0,0,1,2,1962,0,0,0,1,0,1,5,1,1,0,0,1,0,0,0,0,0,0,0,0,0,1,0,0,1,0,0,0,0,1,1,1,1,1,4,10,1,4,1,4,1,,,,,,,1,2,,,1,3,4,2,2,2,1,1,4,1,1,0,0,2,2,2,2,2,2,4,3,3,2,2,2,2,1,1,1,1,1,1,1,2,1,5,,,1,1,0,0,0,0,,,,,,1,1,0,0,0,0,0,0,1,1,1,1,1,3,0,1,5,1708.97,4,,10,,5,6,10/20/2022 13:16:00,11,1,1,1,1,4,1,1,1,1,1,1,,1,1,1,3,10,1,,1,1,1,,2,"85396",0.440324991941452,2,1
675,"7y3q3wfbpznvch2e",10/20/2022 13:55:00,1,1,3,1,,0,0,0,0,1,0,0,1,1,1993,1,0,0,0,0,1,5,5,1,0,0,0,1,0,0,0,1,0,0,0,0,0,0,0,1,0,0,0,0,3,2,3,2,3,2,7,3,1,3,2,3,,,,,,,3,3,,,3,4,4,3,2,3,2,2,3,2,,,,2,3,2,2,3,3,2,3,3,2,1,2,2,2,2,2,3,2,2,2,3,2,2,5,,1,1,0,0,0,0,2,3,2,3,1,2,1,0,0,0,0,0,0,1,1,1,4,4,6,0,1,1,1876.39,4,,10,,5,6,10/20/2022 13:22:00,11,3,3,3,3,2,1,2,2,2,3,2,,1,3,3,2,5,3,,1,2,1,,1,"85705",0.342827081680298,1,3
677,"9u9bpp0dumz692pc",10/20/2022 13:37:00,4,2,3,2,,0,0,0,1,0,0,0,1,1,2003,1,0,0,0,0,1,2,4,1,0,0,0,0,0,0,0,0,0,1,1,0,1,0,0,0,0,0,0,0,2,1,1,2,3,2,8,4,1,5,1,4,,,,,,,1,2,,,4,4,2,3,2,1,4,4,4,1,0,1,0,1,2,1,4,4,2,2,1,2,1,2,1,2,2,2,2,2,2,2,2,1,4,4,,,1,0,0,0,0,1,,,,,,2,1,0,0,0,0,0,0,4,4,4,4,4,3,1,0,4,536.7,4,,10,,5,6,10/20/2022 13:28:00,9,3,2,3,4,2,1,2,2,1,2,,1,1,3,1,4,5,,3,1,2,1,1,,"86406",1.96853315830231,2,3
678,"6cnqzpqh810qn7pv",10/20/2022 13:58:00,98,1,3,2,,0,0,0,1,0,0,0,1,2,1988,0,1,0,0,0,1,5,5,1,1,0,0,0,0,0,0,0,0,0,0,0,0,1,0,0,0,0,1,0,4,1,3,2,4,1,10,4,1,4,1,4,,,,,,,4,2,,,4,4,4,4,4,4,1,1,4,2,,,,2,1,1,1,2,1,2,4,4,1,2,1,3,2,3,2,4,3,3,2,2,2,2,,,1,1,0,0,0,0,,,,,,2,1,0,0,0,0,0,0,1,1,1,1,5,5,0,1,5,1710.94,4,,10,,5,6,10/20/2022 13:29:00,8,3,4,4,4,1,1,1,1,2,2,2,,1,3,2,2,4,4,,3,3,2,,2,"85207",2.4174976348877,2,3
680,"bgewt5p3v3hn8q32",10/20/2022 14:17:00,98,1,3,3,1,1,0,0,0,0,0,0,1,2,1991,0,1,0,0,0,1,5,1,1,0,0,1,0,0,0,0,0,0,0,0,0,0,0,0,0,0,0,1,0,2,2,3,2,1,3,8,1,4,2,3,1,,,,,,,2,3,,,1,4,2,1,2,2,2,2,4,2,,,,1,1,1,2,2,2,4,3,3,1,2,2,3,1,1,1,1,1,1,1,2,1,1,,,1,1,0,0,0,0,,,,,,1,0,0,1,0,0,0,0,1,1,1,1,1,3,1,0,5,2839.47,4,,10,,5,6,10/20/2022 13:29:00,2,1,1,2,1,4,2,2,2,2,2,,2,2,3,2,2,7,,1,2,2,1,1,,"85635",0.440324991941452,2,1
681,"44f2gqw7pfre7eyw",10/20/2022 14:05:00,1,1,3,1,,0,0,0,0,1,0,0,1,1,1993,1,0,0,0,0,1,3,1,1,0,0,1,0,0,0,0,0,0,0,0,1,1,0,0,0,0,0,0,0,1,1,1,1,1,3,9,1,3,1,3,1,,,,,,,1,1,,,1,1,1,2,2,2,1,1,1,1,1,1,0,3,2,2,2,3,3,2,3,2,1,2,1,2,1,1,1,1,1,1,1,1,1,1,8,,3,1,0,0,0,0,1,1,1,2,3,1,1,0,0,0,0,0,0,1,1,1,1,1,5,1,0,1,1913.01,4,,12,,5,6,10/20/2022 13:32:00,9,1,1,1,1,4,1,1,2,2,1,,2,2,1,2,5,9,,1,1,2,2,2,,"86021",0.299421012401581,1,1
682,"4wncza42g8ykxee1",10/20/2022 14:01:00,1,1,3,1,,0,0,0,0,1,0,0,1,2,1995,1,0,0,0,0,1,3,3,1,1,0,0,0,0,0,0,0,0,0,0,0,0,0,0,1,0,1,0,0,2,2,3,2,2,2,7,1,3,2,2,2,,,,,,,3,3,,,6,2,2,1,4,4,3,3,3,2,,,,2,2,2,2,2,2,2,2,3,2,2,1,2,1,1,3,1,2,1,1,2,1,2,6,,1,1,0,0,0,0,2,2,1,2,3,2,1,0,0,0,0,0,0,1,1,1,3,3,4,1,0,1,1708,4,,12,,5,6,10/20/2022 13:32:00,11,2,6,6,3,2,1,2,3,2,2,,2,2,1,3,2,5,,2,3,2,2,1,,"85614",0.285600006580353,1,2
683,"mykg51fbmpxxh0j9",10/20/2022 13:48:00,98,1,3,2,,0,0,0,1,0,0,0,1,1,1973,0,0,1,0,0,1,2,5,1,1,0,0,0,0,0,0,0,0,0,0,0,0,0,0,0,0,1,0,0,4,1,2,1,4,1,10,4,2,4,2,4,,,,,,,4,2,,,4,4,4,2,2,4,4,4,4,2,,,,3,2,2,3,2,2,3,2,3,1,2,2,2,2,2,2,4,2,4,2,1,2,2,,,1,1,0,0,0,0,,,,,,1,1,0,0,0,0,0,0,1,1,1,1,4,4,0,1,5,691.1,13,,10,,5,6,10/20/2022 13:34:00,8,3,4,4,4,1,2,2,2,2,3,3,,2,2,1,1,5,5,,2,2,2,,1,"86314",2.54473376274109,2,3
685,"9xg0t80x49067s4u",10/20/2022 13:54:00,4,2,3,1,,0,0,0,0,1,0,0,1,2,1994,1,0,0,0,0,1,5,2,1,1,0,0,1,0,1,0,0,0,0,0,0,0,0,0,0,0,0,0,0,3,2,1,3,3,4,3,3,4,2,4,3,,,,,,,2,3,,,1,4,2,4,1,4,4,4,4,1,1,0,1,1,1,1,1,1,2,2,4,4,2,3,1,3,4,4,1,1,4,1,1,2,1,1,12,,2,0,0,1,1,1,4,4,2,3,1,4,0,1,1,1,0,1,0,1,2,1,2,1,5,1,0,4,916.59,14,,10,,1,2,10/20/2022 13:37:00,8,1,1,6,6,6,1,1,1,1,3,,3,1,1,4,1,10,,1,1,1,1,2,,"85283",0.483492195606232,1,1
687,"j44c6yw5rcpcpcz2",10/20/2022 14:04:00,3,2,3,1,,0,0,0,0,1,0,0,1,2,1983,0,1,0,0,0,1,2,3,1,1,0,0,0,0,1,0,0,0,0,0,0,0,0,0,0,0,0,1,0,4,2,3,2,2,2,6,4,4,4,2,3,,,,,,,4,3,,,3,2,1,1,2,1,3,3,3,2,,,,1,1,1,1,4,2,1,4,4,3,2,1,2,2,3,2,2,4,4,3,4,2,2,17,,1,1,0,0,0,0,4,3,2,1,3,3,0,0,0,0,0,1,0,1,1,1,1,3,1,0,1,3,1505.84,4,,10,,5,6,10/20/2022 13:38:00,8,2,5,3,5,2,1,2,2,3,2,4,,2,3,2,3,6,5,,3,3,2,,1,"85281",0.137130841612816,1,2
689,"z93wc0aqa31hed9b",10/20/2022 14:10:00,1,1,3,1,,0,0,0,0,1,0,0,1,1,1994,1,0,0,0,0,1,3,1,1,1,0,0,0,0,0,0,1,0,0,0,1,0,0,0,0,0,0,0,0,1,1,3,1,1,3,9,1,4,2,4,1,,,,,,,2,2,,,1,1,3,1,1,2,1,1,3,1,1,0,0,2,1,2,1,4,2,1,2,2,1,2,2,3,1,3,3,1,1,1,1,1,1,1,12,,1,1,0,0,0,0,3,2,1,3,2,1,1,0,0,0,0,0,0,1,1,1,2,1,4,0,1,1,1747.52,4,,12,,5,6,10/20/2022 13:40:00,15,1,1,1,2,4,2,1,3,1,2,2,,2,1,1,1,10,5,,3,2,1,,2,"85367",0.431166261434555,1,1
690,"5a3e5yqjq8xfw51k",10/20/2022 13:45:00,113,2,3,1,,0,0,0,0,1,0,0,1,2,1996,1,0,0,0,0,1,2,2,1,0,0,1,1,0,1,0,0,0,0,0,0,0,0,0,0,0,0,0,0,2,3,2,2,1,4,6,2,4,2,4,1,,,,,,,1,6,,,1,4,1,1,1,1,4,4,2,1,1,0,0,1,1,1,1,1,2,4,4,4,2,2,1,1,1,1,1,1,1,1,1,2,3,3,12,,3,0,1,0,0,0,1,2,2,1,3,4,1,0,0,0,0,0,0,4,4,4,4,1,2,1,0,6,267.78,12,,13,,1,1,10/20/2022 13:40:00,8,1,1,1,3,4,2,2,2,2,1,,1,2,1,3,3,5,,1,1,1,4,1,,"85041",0.497996956110001,1,1
695,"k774cxgj7qrm544z",10/20/2022 13:51:00,113,2,3,2,,0,0,0,1,0,0,0,1,2,2003,1,0,0,0,0,1,2,1,1,0,1,0,0,0,1,1,0,0,0,0,0,0,0,0,0,0,0,0,0,2,1,1,1,2,2,6,2,1,5,2,2,,,,,,,3,1,,,2,3,2,3,2,1,3,2,1,1,1,0,0,2,1,1,2,2,1,2,1,2,1,3,1,2,3,1,1,1,1,2,4,2,1,1,,,1,1,0,0,0,0,,,,,,1,0,1,0,0,0,0,0,2,1,1,2,2,3,0,1,6,273.57,14,,10,,1,2,10/20/2022 13:46:00,11,1,2,2,4,2,2,2,1,2,2,2,,1,2,3,4,5,3,,2,1,1,,2,"85711",1.91946589946747,2,1
696,"9vqt5tmxp5fbrq7b",10/20/2022 13:56:00,4,2,3,1,,0,0,0,0,1,0,0,1,2,2003,1,0,0,0,0,1,2,1,1,0,0,0,0,1,0,0,0,0,1,0,1,0,0,0,0,0,0,0,0,2,3,1,2,3,4,6,2,5,2,6,3,,,,,,,4,4,,,1,4,2,1,1,1,4,3,2,1,0,0,1,1,1,2,1,1,3,2,4,1,1,2,1,2,1,1,1,1,1,1,1,2,3,3,12,,3,1,0,0,0,0,1,1,1,2,3,3,0,1,0,0,0,0,0,1,1,4,4,1,2,1,0,4,494.77,14,,10,,1,2,10/20/2022 13:47:00,8,1,1,1,1,3,1,2,1,1,1,,2,2,1,2,2,7,,1,2,2,2,1,,"85303",0.497996956110001,1,1
697,"xtff7jjxq32hmgx4",10/20/2022 14:01:00,4,2,3,1,,0,0,0,0,1,0,0,1,1,1994,1,0,0,0,0,1,2,6,1,1,0,1,0,0,0,0,0,0,0,0,0,0,1,0,0,0,0,0,0,2,3,3,2,2,2,5,2,4,5,5,5,,,,,,,4,5,,,5,4,4,1,1,1,3,2,2,2,,,,2,2,2,3,4,2,4,4,4,3,3,1,2,3,4,3,3,3,4,3,2,1,5,12,,1,1,0,0,0,0,1,1,1,2,3,2,0,0,1,0,0,0,0,1,2,1,2,3,1,1,0,4,695.43,14,,10,,1,2,10/20/2022 13:49:00,8,2,5,5,5,6,3,2,3,2,3,,3,2,1,3,3,5,,1,1,1,1,2,,"85014",0.28200963139534,1,2
700,"6q43eby05cw9qw22",10/20/2022 14:16:00,98,1,3,2,,0,0,0,1,0,0,0,1,2,1973,0,0,1,0,0,1,4,5,1,0,0,0,0,0,1,0,0,0,0,0,1,0,0,0,0,0,0,1,0,4,1,1,2,4,1,10,4,1,4,1,4,,,,,,,4,4,,,4,2,2,1,1,1,1,1,4,1,0,1,0,3,3,2,3,2,2,3,3,3,1,2,1,1,2,2,2,2,2,2,2,4,2,2,,,1,1,0,0,0,0,,,,,,1,1,0,0,0,0,0,0,1,1,1,1,5,5,0,1,5,1334.64,4,,10,,5,6,10/20/2022 13:53:00,8,3,4,4,4,1,1,1,1,1,1,5,,1,2,4,5,0,4,,1,4,4,,1,"85381",2.41749739646912,2,3
704,"f33gde4u4q5jpaf5",10/20/2022 14:27:00,98,1,3,3,1,1,0,0,0,0,0,0,1,2,1988,0,1,0,0,0,1,3,1,1,0,1,0,0,1,0,0,0,0,0,0,0,1,0,0,0,0,0,0,0,1,1,1,1,1,4,10,1,4,1,4,1,,,,,,,1,4,,,1,4,4,4,4,4,1,4,4,1,0,1,0,1,1,1,1,1,1,1,2,2,2,3,1,2,1,1,1,1,1,1,1,1,1,1,,,3,1,0,0,0,0,,,,,,1,1,0,0,0,0,0,0,1,1,1,3,1,3,0,1,5,1648.1,4,,10,,5,6,10/20/2022 13:57:00,8,1,1,1,1,4,1,1,1,1,1,2,,1,1,1,2,7,2,,1,2,1,,2,"85207",0.440324991941452,2,1
705,"1qjcwsk36t0cunaw",10/20/2022 14:06:00,113,2,3,1,,0,0,0,0,1,0,0,1,2,2004,1,0,0,0,0,1,2,1,1,1,0,0,0,0,0,0,0,0,1,0,0,0,0,0,0,0,0,1,0,4,1,1,2,2,4,9,4,4,4,4,4,,,,,,,4,4,,,1,3,2,4,1,1,4,4,3,1,0,0,1,2,1,1,1,1,1,2,4,4,2,3,2,2,4,1,1,1,1,1,1,3,3,5,12,,3,1,0,0,0,0,2,2,1,3,2,3,0,1,0,1,0,0,1,4,4,4,4,2,3,1,0,6,498.98,12,,13,,1,1,10/20/2022 13:57:00,8,1,6,2,2,3,2,2,2,2,1,,2,1,3,2,2,10,,5,1,1,2,2,,"85308",0.465962111949921,1,1
706,"0akz2k5szmb8p1u4",10/20/2022 14:28:00,1,1,3,1,,0,0,0,0,1,0,0,1,2,1995,1,0,0,0,0,1,2,3,1,1,0,0,1,0,0,0,1,0,0,0,0,0,0,0,0,0,0,0,0,2,3,1,3,2,3,6,2,3,2,3,2,,,,,,,2,2,,,5,3,4,3,4,4,2,2,3,2,,,,3,3,2,2,3,2,2,2,3,2,2,2,2,3,3,3,1,3,1,3,2,5,5,14,,1,1,0,0,0,0,2,3,2,3,1,2,1,0,0,0,0,0,0,1,4,4,4,3,4,0,1,1,1684.85,4,,10,,5,6,10/20/2022 13:59:00,8,2,5,5,5,5,1,1,2,1,2,2,,1,1,2,2,8,2,,1,2,1,,1,"85032",0.171360000967979,1,2
707,"cq6295tuz4bz2ahj",10/20/2022 14:12:00,113,2,3,1,,0,0,0,0,1,0,0,1,2,1999,1,0,0,0,0,1,3,2,1,1,0,0,1,0,1,0,0,0,0,0,0,0,0,0,0,0,0,0,0,3,2,1,2,3,4,6,3,4,3,4,3,,,,,,,2,3,,,1,4,3,4,2,1,4,4,4,1,1,0,0,2,1,2,1,1,2,3,4,4,3,2,1,2,4,4,1,1,1,1,1,3,1,5,12,,1,1,0,0,0,0,6,4,2,3,1,2,1,0,0,0,0,0,0,1,4,4,4,1,3,1,0,6,535.22,12,,13,,1,1,10/20/2022 14:02:00,8,1,1,1,1,4,2,2,2,2,2,,4,1,1,5,2,7,,5,1,3,2,2,,"85225",0.497996956110001,1,1
708,"f3y242wn16ehx0k4",10/20/2022 14:08:00,113,2,3,1,,0,0,0,0,1,0,0,1,2,1997,1,0,0,0,0,1,4,5,1,1,0,0,0,0,0,0,0,0,0,0,0,0,0,0,1,0,1,0,0,2,3,2,2,2,1,9,4,4,3,4,2,,,,,,,3,3,,,3,2,3,1,2,1,4,4,4,1,0,1,0,2,2,2,3,4,1,2,1,3,2,2,1,2,1,1,2,2,3,2,3,2,2,2,12,,3,1,0,0,0,0,2,2,2,1,3,3,0,1,0,0,0,0,0,2,3,2,2,3,2,1,0,6,242.01,12,,13,,1,1,10/20/2022 14:04:00,15,3,3,2,3,3,2,1,3,1,1,,2,2,2,1,3,6,,1,2,2,3,1,,"85349",0.555977523326874,1,3
712,"5wzh8ntekq95r4w4",10/20/2022 14:41:00,1,1,3,1,,0,0,0,0,1,0,0,1,1,1995,1,0,0,0,0,1,3,5,1,0,0,0,0,1,0,0,0,0,1,0,1,0,0,0,0,0,0,0,0,4,1,3,2,4,1,9,4,1,4,1,4,,,,,,,4,4,,,4,2,3,2,3,2,2,2,1,1,0,0,1,3,2,2,2,3,3,3,3,2,1,2,1,3,2,2,2,2,2,2,2,3,2,2,12,,3,1,0,0,0,0,1,1,3,1,2,1,1,0,0,0,0,0,0,1,1,1,1,5,5,0,1,1,1482.82,4,,12,,5,6,10/20/2022 14:11:00,9,3,4,4,4,1,1,2,2,2,2,2,,2,1,2,1,3,4,,1,4,1,,2,"86403",0.493671059608459,1,3
714,"5f769g0fp9tm7qqp",10/20/2022 14:41:00,1,1,3,1,,0,0,0,0,1,0,0,1,2,1995,1,0,0,0,0,1,2,4,1,1,0,0,1,0,0,0,0,0,0,0,0,0,0,0,0,0,0,0,0,3,2,1,2,3,2,8,3,2,3,2,3,,,,,,,3,3,,,3,1,3,2,2,1,2,2,3,1,0,1,0,2,1,2,2,3,2,2,2,2,2,2,1,2,2,2,2,2,3,3,3,3,2,4,12,,1,1,0,0,0,0,3,2,1,2,3,1,1,0,0,0,0,0,0,1,2,3,3,4,4,0,1,1,1667.63,4,,12,,5,6,10/20/2022 14:12:00,14,3,4,3,3,1,1,2,3,2,1,2,,2,1,2,1,5,3,,2,3,2,,1,"86321",0.518354594707489,1,3
715,"rj7n9svnmmqw72ue",10/20/2022 14:42:00,98,1,3,2,,0,0,0,1,0,0,0,1,1,1977,0,0,1,0,0,1,5,5,1,0,0,0,1,1,0,0,0,0,0,0,0,0,0,0,1,0,0,0,0,4,1,1,1,4,1,10,4,1,4,1,4,,,,,,,4,2,,,4,4,3,2,1,4,4,2,4,2,,,,3,4,1,3,4,2,1,1,1,3,2,2,1,2,2,2,2,2,2,2,1,2,2,,,1,1,0,0,0,0,,,,,,1,0,0,0,0,0,1,0,1,1,1,2,5,3,0,1,5,1569.1,4,,10,,5,6,10/20/2022 14:13:00,14,3,4,4,4,1,2,1,1,1,3,1,,1,2,1,4,0,4,,4,4,3,,2,"85324",2.54473447799683,2,3
716,"nnsjukw462gw0v93",10/20/2022 14:43:00,98,1,3,2,,0,0,0,1,0,0,0,1,2,1973,0,0,1,0,0,1,2,5,1,1,1,0,1,0,0,0,0,0,0,0,0,0,0,0,0,0,0,0,0,3,1,3,3,2,1,6,4,1,4,1,4,,,,,,,4,2,,,4,4,3,3,2,3,3,1,1,2,,,,1,4,1,2,1,1,4,1,4,2,2,2,2,2,2,2,2,2,2,2,2,2,2,,,1,1,0,0,0,0,,,,,,2,0,0,1,0,0,0,0,1,4,1,4,5,3,1,0,5,1705.25,4,,10,,5,6,10/20/2022 14:14:00,8,3,4,4,4,1,1,1,1,1,2,,1,3,3,2,2,7,,3,3,3,1,2,,"85206",2.41749739646912,2,3
717,"kp46wpgk88yj6bhu",10/20/2022 14:29:00,3,2,3,1,,0,0,0,0,1,0,0,1,2,1949,0,0,0,1,0,1,3,5,1,1,0,0,0,0,0,0,1,0,0,0,0,0,0,0,0,0,1,0,0,4,1,1,1,4,1,10,4,1,4,1,4,,,,,,,4,2,,,4,4,2,1,1,4,4,3,4,2,,,,4,4,2,2,4,4,1,1,1,3,2,1,1,2,4,2,4,2,2,2,1,2,2,12,,1,1,0,0,0,0,2,4,3,2,1,1,1,0,0,0,0,0,0,1,1,1,1,5,6,1,0,3,831.79,13,,11,,5,6,10/20/2022 14:15:00,8,3,4,4,4,1,1,2,4,1,5,,5,1,3,1,3,1,,4,4,4,3,1,,"85355",0.518354594707489,1,3
720,"g51nzekwz3c3fx2v",10/20/2022 14:44:00,3,2,3,1,,0,0,0,0,1,0,0,1,2,1979,0,0,1,0,0,3,1,1,1,0,0,0,0,0,1,0,1,0,0,0,0,0,0,0,0,0,0,1,0,2,1,1,2,2,3,9,2,4,2,2,2,,,,,,,2,6,,,1,1,2,4,2,4,2,2,2,1,0,0,1,2,2,2,3,2,2,2,3,2,2,3,1,3,1,3,3,1,1,3,3,3,1,3,12,,,0,0,0,1,0,1,2,3,1,2,1,1,0,0,0,0,0,0,1,3,4,4,2,1,1,0,3,1336.01,14,,10,,1,2,10/20/2022 14:21:00,8,1,1,1,1,3,2,2,2,2,4,,2,2,3,2,2,7,,2,1,2,1,2,,"85019",0.647396087646484,1,1
721,"g59xfd7jumpum90n",10/20/2022 14:28:00,113,2,3,1,,0,0,0,0,1,0,0,1,2,1996,1,0,0,0,0,1,2,1,1,0,0,0,1,1,0,1,0,0,0,0,0,0,0,0,0,0,0,0,0,2,3,1,4,1,4,5,1,4,1,4,1,,,,,,,2,5,,,1,4,4,1,1,1,1,4,4,1,0,0,1,3,2,2,3,2,3,3,2,3,3,3,1,3,1,1,1,1,1,1,1,2,1,1,12,,1,1,0,0,0,0,6,4,2,1,3,2,1,0,0,0,0,0,0,4,3,1,4,1,1,0,1,6,355.05,12,,13,,1,1,10/20/2022 14:22:00,8,1,1,1,6,6,2,2,2,2,3,3,,2,3,3,3,5,5,,2,4,2,,2,"85203",0.497996956110001,1,1
724,"kawpq6rvs2cykzvm",10/20/2022 14:55:00,98,1,3,3,1,1,0,0,0,0,0,0,1,2,1990,0,1,0,0,0,1,4,1,1,0,1,0,0,0,0,0,0,0,0,0,0,0,0,0,0,0,0,1,0,1,1,1,2,1,3,8,2,4,2,3,1,,,,,,,2,3,,,1,4,2,1,2,2,2,2,4,2,,,,1,2,2,2,2,2,2,4,4,3,2,2,3,1,1,1,1,1,1,1,2,1,1,,,1,1,0,0,0,0,,,,,,1,0,0,1,0,0,0,0,1,1,1,1,2,4,1,0,5,1875.26,4,,10,,5,6,10/20/2022 14:22:00,8,1,2,2,2,4,2,2,2,2,2,,2,2,1,1,1,8,,1,2,2,2,1,,"85383",0.440324991941452,2,1
725,"ph7vst71w43j8jnw",10/20/2022 14:52:00,98,1,3,2,,0,0,0,1,0,0,0,1,2,1947,0,0,0,1,0,1,6,1,1,0,0,0,1,1,0,0,0,0,0,0,1,0,0,0,0,0,0,0,0,1,1,1,1,1,4,10,1,4,2,4,2,,,,,,,2,4,,,1,4,4,2,4,4,2,4,4,1,1,0,0,1,2,1,1,1,1,3,1,4,2,2,1,3,1,4,1,1,4,1,1,2,1,1,,,1,0,0,0,1,0,,,,,,1,1,0,0,0,0,0,0,1,1,1,1,1,6,0,1,5,1694.68,4,,10,,5,6,10/20/2022 14:23:00,8,1,1,1,1,4,2,2,2,1,1,2,,2,1,2,5,10,5,,1,1,1,,2,"85021",1.91946589946747,2,1
726,"y2gwqtbj9y9gy0qc",10/20/2022 14:32:00,113,2,3,1,,0,0,0,0,1,0,0,1,2,1995,1,0,0,0,0,1,4,1,1,0,0,1,1,0,0,0,0,0,0,0,0,0,1,0,0,0,0,0,0,1,1,3,1,1,4,9,1,4,1,4,1,,,,,,,1,3,,,1,1,1,1,2,2,3,3,3,1,1,0,0,1,1,1,1,1,1,3,3,3,2,2,1,2,1,1,1,1,1,1,1,1,1,1,12,,2,1,0,0,0,0,1,1,1,2,3,3,0,1,0,0,0,0,0,1,1,1,2,1,1,1,0,6,370.7,12,,13,,1,1,10/20/2022 14:26:00,15,1,1,1,1,1,1,1,1,2,1,,3,2,1,1,3,10,,1,2,1,1,1,,"85364",0.497996956110001,1,1
727,"9rkfjx5axbsb22g2",10/20/2022 14:42:00,113,2,3,1,,0,0,0,0,1,0,0,1,2,2000,1,0,0,0,0,1,3,3,1,0,0,1,0,0,0,1,1,0,0,0,0,0,0,0,0,0,0,0,0,2,3,1,3,2,3,4,2,4,1,3,2,,,,,,,2,3,,,2,1,2,2,1,1,4,4,4,2,,,,2,4,2,4,4,3,3,3,4,2,3,1,2,4,3,4,4,4,4,4,2,5,5,12,,3,0,1,0,0,0,1,3,2,1,3,3,0,0,1,0,0,0,0,1,3,4,4,4,1,0,1,6,877.91,12,,13,,1,1,10/20/2022 14:27:00,11,2,2,5,5,5,2,2,2,3,3,3,,3,3,5,3,7,5,,3,3,3,,2,"85705",0.26372304558754,1,2
729,"knxhcknm4aaybdkk",10/20/2022 14:37:00,113,2,3,1,,0,0,0,0,1,0,0,1,2,1998,1,0,0,0,0,1,2,3,1,0,0,1,0,1,0,0,0,1,0,0,0,0,0,0,0,0,0,0,0,1,3,2,2,1,1,4,1,4,6,6,3,,,,,,,1,6,,,6,4,4,2,2,4,4,4,2,1,0,0,1,1,2,2,2,4,2,2,4,4,3,1,2,2,3,3,3,3,3,4,3,1,5,5,12,,3,1,0,0,0,0,1,3,1,3,2,3,1,0,0,0,0,0,0,4,3,4,4,6,1,1,0,6,459.6,14,,10,,1,2,10/20/2022 14:29:00,15,2,6,6,6,6,2,1,1,1,3,,3,2,1,1,3,5,,5,4,2,3,1,,"85365",0.411264002323151,1,2
730,"7xahenpuzmm6gx9f",10/20/2022 15:02:00,98,1,3,3,1,1,0,0,0,0,0,0,1,1,2000,1,0,0,0,0,1,4,1,1,0,1,0,0,0,0,0,0,0,0,0,0,0,0,1,1,0,0,0,0,1,1,1,1,1,4,10,1,4,2,4,1,,,,,,,1,1,,,1,4,2,2,2,4,2,2,4,1,1,0,0,1,1,1,1,1,1,1,3,3,2,3,1,1,1,1,1,1,1,1,1,3,1,5,,,1,1,0,0,0,0,,,,,,1,0,1,1,0,0,0,0,1,4,4,4,1,4,1,0,5,1834.02,4,,10,,5,6,10/20/2022 14:30:00,12,1,1,1,1,4,2,2,1,2,1,,2,1,1,3,2,10,,1,1,1,1,2,,"85138",0.440324991941452,2,1
731,"6ck5k3ywz3zteqmn",10/20/2022 14:59:00,98,1,3,2,,0,0,0,1,0,0,0,1,1,1958,0,0,0,1,0,1,4,2,1,1,0,0,0,0,0,0,1,0,0,0,0,0,0,0,0,0,0,0,0,2,1,1,2,2,1,5,2,4,2,3,2,,,,,,,5,5,,,1,4,3,2,2,4,2,2,4,2,,,,3,2,2,2,2,2,3,3,4,1,2,1,3,1,1,1,1,1,1,1,4,1,1,,,1,0,0,0,1,0,,,,,,1,1,0,0,0,0,0,0,1,2,2,2,2,3,1,0,5,1140.73,13,,10,,5,6,10/20/2022 14:32:00,11,1,2,2,1,3,1,2,2,1,2,,2,1,1,3,1,9,,1,1,1,2,1,,"85704",1.72751927375793,2,1
732,"yvc8d9vgsqcg2hnk",10/20/2022 14:45:00,3,2,3,1,,0,0,0,0,1,0,0,1,2,1992,0,1,0,0,0,1,2,1,1,0,0,0,0,1,0,0,1,0,0,0,0,1,0,0,0,0,0,0,0,2,1,2,1,1,2,8,3,2,2,2,2,,,,,,,1,4,,,1,1,1,1,1,1,3,4,1,2,,,,1,1,1,4,4,2,3,4,3,1,1,2,2,1,1,3,1,3,1,3,1,1,3,12,,2,0,0,0,1,0,1,1,1,2,3,2,0,0,0,0,0,0,1,1,2,3,4,2,5,0,1,3,580.8,12,,11,,1,1,10/20/2022 14:35:00,15,1,1,1,2,6,1,1,2,1,1,1,,1,1,1,2,8,1,,1,2,2,,2,"85365",0.497996956110001,1,1
734,"yz46mfdsubyt249k",10/20/2022 15:06:00,1,1,3,1,,0,0,0,0,1,0,0,1,1,1994,1,0,0,0,0,1,4,2,1,1,0,0,1,0,0,1,0,0,0,0,0,0,0,0,0,0,0,0,0,2,2,3,2,2,3,7,2,3,2,3,2,,,,,,,2,2,,,2,3,3,2,2,2,1,1,2,1,1,0,0,4,2,2,2,3,3,2,2,3,1,2,1,2,1,1,1,1,1,1,1,1,1,3,12,,3,1,0,0,0,0,2,2,2,3,1,1,0,1,0,0,0,0,0,1,4,3,4,2,5,1,0,1,1670.49,4,,10,,5,6,10/20/2022 14:37:00,3,1,2,2,2,3,1,2,2,1,2,,2,1,1,2,3,8,,1,1,2,2,2,,"86001",0.431166261434555,1,1
735,"y3546d8xj5f61qq0",10/20/2022 14:46:00,4,2,3,2,,0,0,0,1,0,0,0,1,1,2004,1,0,0,0,0,1,2,2,1,1,0,0,1,1,0,0,0,0,0,0,0,0,0,0,0,0,0,0,0,2,1,1,2,2,1,8,2,4,2,3,2,,,,,,,2,5,,,1,4,2,2,1,1,4,4,4,2,,,,2,2,1,2,1,2,3,4,4,3,2,1,2,1,2,4,1,1,1,1,2,3,5,,,1,1,0,0,0,0,,,,,,3,1,0,0,0,0,0,0,4,4,4,4,2,6,0,1,4,511.64,4,,10,,5,6,10/20/2022 14:37:00,11,1,1,1,1,4,3,3,2,1,1,4,,1,1,5,1,10,5,,1,1,2,,2,"85629",1.72751927375793,2,1
736,"y0ew836ajbedygk6",10/20/2022 15:36:00,4,2,3,1,,0,0,0,0,1,0,0,1,2,1998,1,0,0,0,0,1,3,2,1,0,1,0,0,0,1,0,0,0,1,0,0,0,0,0,0,0,0,0,0,2,1,1,1,2,4,8,5,4,1,4,1,,,,,,,2,5,,,2,4,3,2,3,1,2,2,2,1,1,0,0,1,1,1,1,1,2,2,4,3,3,3,1,3,4,4,4,1,1,1,1,3,1,1,12,,2,0,1,0,0,0,1,1,2,1,3,1,0,1,1,1,0,1,1,1,1,1,4,2,2,0,1,4,3153.29,12,,13,,1,1,10/20/2022 14:39:00,8,1,6,1,6,6,1,1,1,1,1,3,,1,1,3,1,6,1,,1,1,4,,2,"85209",0.465962111949921,1,1
738,"45n426wr9z9v5v5h",10/20/2022 15:06:00,4,2,3,1,,0,0,0,0,1,0,0,1,2,1992,0,1,0,0,0,1,3,3,1,1,0,0,0,0,0,0,0,0,0,0,0,1,0,0,0,0,0,1,0,3,3,3,4,3,4,5,3,4,2,4,3,,,,,,,5,5,,,2,4,1,2,1,2,4,4,4,1,1,1,0,1,1,1,4,2,1,1,2,4,2,3,1,2,4,4,4,4,4,1,1,2,3,5,12,,1,0,0,0,1,0,4,4,1,2,3,1,0,1,1,1,0,0,0,4,4,2,4,3,2,1,0,4,1255.04,14,,10,,1,2,10/20/2022 14:44:00,15,2,2,3,6,3,1,1,1,2,1,,4,1,1,4,1,10,,1,1,3,2,2,,"85364",0.422088712453842,1,2
739,"kngdvhdn3favfy91",10/20/2022 15:06:00,1,1,3,1,,0,0,0,0,1,0,0,1,1,1995,1,0,0,0,0,1,3,1,1,0,1,0,0,0,0,0,1,0,0,0,0,0,0,0,0,0,0,0,0,1,1,3,1,1,4,9,1,3,2,4,2,,,,,,,2,2,,,1,1,3,1,2,1,1,1,3,1,1,0,0,2,1,2,1,4,2,1,2,2,1,1,2,3,1,3,3,1,1,1,1,1,1,1,12,,1,1,0,0,0,0,4,2,1,3,2,1,1,0,0,0,0,0,0,1,1,2,1,1,6,1,0,1,1123.16,4,,12,,5,6,10/20/2022 14:46:00,8,1,1,1,2,4,1,1,3,1,2,,2,2,1,1,1,10,,5,3,2,1,2,,"85263",0.431166261434555,1,1
740,"wcfmy23cmwfzh7gy",10/20/2022 14:59:00,113,2,3,1,,0,0,0,0,1,0,0,1,2,2000,1,0,0,0,0,1,4,1,1,0,0,0,1,0,1,0,0,0,0,0,0,0,0,1,0,0,0,0,0,2,1,1,2,2,3,9,2,4,2,3,2,,,,,,,1,5,,,1,4,3,3,2,2,2,4,4,1,1,0,0,2,1,2,1,1,2,4,4,4,2,3,1,2,1,3,4,1,1,1,1,2,1,3,12,,1,1,0,0,0,0,2,3,3,1,2,4,0,1,0,0,0,0,0,1,4,4,4,2,2,0,1,6,727.99,12,,13,,1,1,10/20/2022 14:47:00,11,1,1,2,2,6,2,1,1,1,1,2,,1,1,2,1,9,5,,1,1,2,,2,"85714",0.497996956110001,1,1
741,"ek91w7cd3kead929",10/20/2022 14:59:00,113,2,3,1,,0,0,0,0,1,0,0,1,1,1985,0,1,0,0,0,1,2,2,1,0,0,0,1,0,0,0,0,0,1,0,0,0,0,0,0,0,0,1,0,1,1,1,1,3,3,8,1,4,1,4,1,,,,,,,1,3,,,1,3,2,2,1,1,3,3,3,1,1,0,0,1,1,2,1,1,1,1,4,4,2,2,1,3,1,1,1,1,1,1,1,3,1,1,12,,1,1,0,0,0,0,2,2,2,3,1,2,0,0,1,0,0,0,0,1,1,1,1,2,2,0,1,6,642.88,14,,10,,1,2,10/20/2022 14:47:00,11,1,1,1,2,4,2,2,1,2,3,5,,1,1,2,3,10,1,,3,1,2,,1,"85741",0.431166261434555,1,1
742,"s9h13xm55e74gzex",10/20/2022 15:01:00,113,2,3,2,,0,0,0,1,0,0,0,1,1,1992,0,1,0,0,0,1,3,5,1,0,0,0,0,0,0,0,0,0,1,1,0,0,0,0,1,0,0,0,0,2,1,3,4,2,1,10,1,1,1,2,2,,,,,,,1,1,,,3,4,4,2,1,3,2,3,2,1,0,1,0,1,1,1,4,2,3,2,4,3,2,1,1,1,3,2,2,2,3,3,4,2,5,2,,,3,1,0,0,0,0,,,,,,2,0,1,1,1,1,1,1,3,4,3,2,6,2,1,0,6,612.64,12,,13,,1,1,10/20/2022 14:49:00,8,3,1,3,5,5,2,2,1,1,1,,2,2,1,2,1,3,,1,3,1,1,2,,"85035",1.96853315830231,2,3
745,"7568xdc7wsst28sk",10/20/2022 15:04:00,113,2,3,1,,0,0,0,0,1,0,0,1,1,2001,1,0,0,0,0,1,3,1,1,1,0,0,0,0,0,0,1,0,0,0,0,0,0,0,0,0,1,0,0,1,3,3,2,2,3,2,1,4,4,3,2,,,,,,,1,5,,,2,1,2,1,1,1,3,4,3,2,,,,2,1,1,1,2,2,3,4,2,2,2,1,2,3,1,1,1,1,1,3,3,3,5,12,,2,0,1,0,1,1,1,2,2,1,3,3,0,0,1,0,1,0,0,4,4,4,4,1,2,0,1,6,574.71,12,,13,,1,1,10/20/2022 14:54:00,8,1,1,2,2,6,1,2,1,1,1,1,,1,3,2,2,7,1,,3,3,1,,2,"85015",0.431166261434555,1,1
746,"n1b7qtyxndtn3zge",10/20/2022 15:23:00,98,1,3,2,,0,0,0,1,0,0,0,1,2,1987,0,1,0,0,0,1,6,1,1,0,0,0,0,0,0,0,0,0,1,0,1,0,1,0,0,0,0,0,0,2,1,1,3,2,4,10,2,4,1,6,2,,,,,,,6,6,,,1,4,2,3,4,3,4,4,4,1,1,1,0,4,1,1,2,2,1,2,4,3,1,2,1,3,1,1,1,1,1,3,3,4,1,1,,,1,0,0,0,1,0,,,,,,2,1,0,0,0,0,0,0,1,1,1,1,1,4,1,0,5,1653.71,4,,10,,5,6,10/20/2022 14:55:00,8,1,1,1,1,4,2,2,2,2,2,,2,2,1,2,2,10,,5,1,1,1,2,,"85022",1.91946589946747,2,1
748,"pw5n84br2dyugcrr",10/20/2022 15:08:00,3,2,3,1,,0,0,0,0,1,0,0,1,1,1992,0,1,0,0,0,1,5,2,1,0,0,0,0,0,0,0,1,0,0,0,0,1,0,0,0,0,1,0,0,2,1,2,1,1,3,9,3,4,3,4,2,,,,,,,2,4,,,2,4,2,1,1,1,3,4,2,1,1,0,0,1,1,1,2,1,1,3,4,4,3,2,1,3,4,4,4,4,4,1,4,2,1,1,12,,2,0,1,1,1,1,1,2,2,1,3,3,0,1,0,1,0,1,0,2,2,3,3,2,4,0,1,3,636.51,14,,10,,1,2,10/20/2022 14:57:00,8,1,1,1,2,3,2,2,2,2,1,3,,2,1,4,2,10,1,,1,1,2,,2,"85032",0.431166261434555,1,1
749,"s8yd5a8p8bubccun",10/20/2022 15:20:00,4,2,3,1,,0,0,0,0,1,0,0,1,2,2001,1,0,0,0,0,1,2,6,1,1,0,0,0,1,0,0,0,0,1,0,0,0,0,0,0,0,0,0,0,4,2,1,3,3,4,2,4,4,4,4,4,,,,,,,4,4,,,6,4,4,4,2,2,4,4,4,2,,,,4,1,2,3,1,1,1,4,4,2,3,1,1,4,4,4,4,4,4,4,2,1,5,12,,2,0,1,0,0,0,1,3,3,1,2,4,0,1,0,1,0,0,0,2,4,4,4,3,4,1,0,4,1223.92,12,,13,,1,1,10/20/2022 14:58:00,8,2,6,6,6,6,2,2,1,1,2,,3,1,3,1,1,0,,3,1,1,2,2,,"85009",0.411264002323151,1,2
750,"2gmxuezy84wqc929",10/20/2022 15:30:00,1,1,3,1,,0,0,0,0,1,0,0,1,1,1993,1,0,0,0,0,1,3,1,1,0,0,0,0,0,0,0,0,0,1,0,0,0,0,0,0,0,0,0,0,1,1,1,3,1,4,9,1,4,1,4,1,,,,,,,1,1,,,1,3,3,3,4,4,3,4,3,1,0,0,1,3,2,2,2,3,3,2,2,2,1,1,1,3,1,1,1,1,1,1,1,1,1,1,10,,3,1,0,0,0,0,1,2,1,2,3,1,0,1,0,0,0,0,0,1,1,1,1,1,6,0,1,1,1700.92,4,,12,,5,6,10/20/2022 15:00:00,9,1,1,1,1,4,2,2,3,2,1,2,,2,1,1,1,10,1,,2,2,2,,2,"86406",0.299421012401581,1,1
751,"t1zv3sdpwda61mmn",10/20/2022 15:13:00,113,2,3,1,,0,0,0,0,1,0,0,1,2,1998,1,0,0,0,0,1,2,1,1,1,0,0,1,0,0,0,0,0,0,0,0,0,1,0,0,0,0,0,0,3,3,2,2,1,4,9,3,4,4,6,1,,,,,,,1,4,,,1,4,2,1,2,1,3,3,4,2,,,,1,1,1,3,1,1,2,1,4,2,3,2,1,1,1,1,1,1,1,1,2,5,5,12,,1,1,0,0,0,0,4,3,3,2,1,2,1,0,0,0,0,0,0,2,4,3,2,1,3,0,1,6,673.79,12,,13,,1,1,10/20/2022 15:01:00,15,1,1,1,1,4,1,1,2,1,3,2,,1,1,3,1,5,5,,1,4,1,,2,"85365",0.497996956110001,1,1
753,"37q1axy4phh5ey0j",10/20/2022 15:33:00,1,1,3,1,,0,0,0,0,1,0,0,1,1,1996,1,0,0,0,0,1,2,3,1,1,0,1,0,0,0,0,0,0,0,0,0,0,0,0,1,0,0,0,0,2,3,3,2,2,3,7,2,3,2,3,2,,,,,,,2,5,,,5,3,4,3,3,4,2,2,2,2,,,,4,2,2,2,3,2,3,2,3,2,2,1,2,2,3,3,1,3,1,3,2,5,5,17,,2,1,0,0,0,0,1,2,2,3,1,1,0,1,0,0,0,0,0,1,1,4,4,3,4,1,0,1,1401.45,4,,10,,5,6,10/20/2022 15:09:00,15,2,5,5,2,3,1,1,3,1,2,,2,1,1,2,3,8,,2,2,2,2,2,,"85364",0.0979200005531311,1,2
754,"anwcn4dy1d92h3b4",10/20/2022 15:29:00,4,2,3,1,,0,0,0,0,1,0,0,1,1,1985,0,1,0,0,0,3,2,2,1,0,1,1,0,0,0,0,0,0,0,0,0,0,0,0,0,0,0,1,0,2,2,1,2,2,2,8,2,4,3,3,2,,,,,,,1,3,,,2,4,3,3,3,2,1,1,2,1,1,0,0,2,2,1,3,2,2,4,4,3,2,3,1,3,2,2,1,1,2,1,1,2,1,1,12,,,0,0,0,1,1,1,2,2,3,1,2,0,0,0,0,1,0,0,1,3,2,3,2,3,0,1,4,1119.4,4,,10,,5,6,10/20/2022 15:10:00,11,1,1,1,2,3,1,1,1,2,3,2,,1,1,1,1,10,1,,1,2,1,,1,"85705",0.560516059398651,1,1
758,"0mteya7twu672rme",10/20/2022 15:52:00,98,1,3,3,1,1,0,0,0,0,0,0,1,2,1988,0,1,0,0,0,3,4,1,1,0,0,1,0,1,0,0,0,0,0,0,0,0,0,0,0,0,0,0,1,1,1,1,1,1,4,10,1,4,1,4,1,,,,,,,1,1,,,1,1,2,1,1,1,1,1,1,1,1,0,0,1,1,1,1,1,1,1,1,1,2,2,1,1,1,1,1,1,1,4,1,1,1,1,,,,1,0,0,0,0,,,,,,2,1,0,0,0,0,0,0,1,1,1,3,2,4,1,0,5,1785.66,4,,10,,5,6,10/20/2022 15:21:00,12,1,1,1,1,4,1,1,1,1,1,,1,1,3,1,1,5,,1,1,3,1,2,,"85143",0.440324991941452,2,1
759,"dxv7tbty387yxygb",10/20/2022 15:33:00,4,2,3,1,,0,0,0,0,1,0,0,1,2,1992,0,1,0,0,0,1,2,1,1,1,0,1,0,0,0,0,1,0,0,0,0,0,0,0,0,0,0,0,0,3,1,2,1,1,2,8,3,2,2,3,2,,,,,,,1,3,,,1,1,1,1,1,1,4,4,1,2,,,,1,1,1,1,1,1,1,3,3,2,3,1,3,1,2,1,1,3,1,4,3,1,3,12,,2,0,0,0,1,0,1,2,2,1,3,2,0,0,0,0,0,0,1,1,2,4,4,1,5,0,1,4,674.09,12,,13,,1,1,10/20/2022 15:21:00,15,1,1,2,6,6,1,1,1,2,1,2,,1,1,1,4,7,2,,1,2,3,,2,"85365",0.497996956110001,1,1
760,"rdtqq9mr53mhtunj",10/20/2022 16:07:00,98,1,3,3,1,1,0,0,0,0,0,0,1,1,1992,0,1,0,0,0,1,5,1,1,1,0,1,0,0,0,0,0,0,0,0,0,0,0,0,0,0,0,0,0,1,1,3,2,2,3,8,1,4,2,3,1,,,,,,,2,3,,,1,4,2,1,2,1,1,1,4,1,0,1,0,1,2,2,2,2,2,3,4,4,1,2,2,3,1,1,1,1,1,1,1,2,1,1,,,1,1,0,0,0,0,,,,,,1,0,0,1,0,0,0,0,1,1,1,1,1,4,1,0,5,2177.68,4,,10,,5,6,10/20/2022 15:30:00,11,1,1,1,1,4,2,2,2,2,2,,2,2,2,2,2,10,,1,2,2,1,1,,"85755",0.440324991941452,2,1
761,"xyqvv8f68pmfh3fa",10/20/2022 16:05:00,1,1,3,1,,0,0,0,0,1,0,0,1,1,1996,1,0,0,0,0,1,3,5,1,0,0,0,0,0,0,0,0,0,1,0,1,0,0,0,0,0,0,0,0,4,1,1,1,4,1,10,4,1,4,1,4,,,,,,,4,4,,,4,1,2,1,2,1,1,1,1,1,0,0,1,3,1,1,2,3,3,2,2,2,1,1,1,3,2,2,2,2,2,2,2,3,2,2,8,,3,1,0,0,0,0,1,1,2,3,1,1,0,1,0,0,0,0,0,1,1,1,3,5,6,0,1,1,1991.38,4,,12,,5,6,10/20/2022 15:31:00,12,3,4,4,4,1,2,1,2,3,1,2,,2,1,2,1,4,5,,2,3,2,,2,"85249",0.342827081680298,1,3
762,"gwbnr25u3m8hj1vb",10/20/2022 15:52:00,3,2,3,1,,0,0,0,0,1,0,0,1,1,1987,0,1,0,0,0,3,3,4,1,0,1,0,0,0,0,0,0,0,0,0,1,0,0,0,0,0,0,0,1,2,1,2,2,2,2,10,2,1,3,2,2,,,,,,,1,3,,,3,4,1,1,1,4,2,2,2,1,1,0,0,2,2,1,3,1,1,3,3,2,2,1,1,2,2,4,3,2,2,1,2,2,1,4,12,,,0,0,0,1,0,1,4,3,2,1,2,1,0,0,0,0,0,0,1,1,1,1,3,4,0,1,3,1167.43,12,,11,,1,1,10/20/2022 15:32:00,8,3,1,3,2,2,2,1,1,2,3,3,,2,1,3,3,10,3,,1,3,1,,1,"85345",0.522585988044739,1,3
763,"666f8jm9rt2nb0zb",10/20/2022 16:00:00,1,1,3,1,,0,0,0,0,1,0,0,1,1,1994,1,0,0,0,0,1,3,4,1,1,0,0,0,0,0,0,0,0,0,0,0,0,0,0,0,0,1,0,0,3,2,1,2,3,2,8,3,2,3,2,3,,,,,,,3,3,,,3,1,3,2,2,1,2,2,3,1,0,1,0,1,1,2,2,2,2,2,1,2,2,2,1,2,2,3,3,2,2,2,3,3,2,4,16,,1,1,0,0,0,0,3,2,1,2,3,1,1,0,0,0,0,0,0,1,2,3,2,4,4,1,0,1,1638.3,4,,12,,5,6,10/20/2022 15:32:00,11,3,3,3,3,2,1,2,2,2,2,,3,2,1,2,1,5,,3,2,3,2,1,,"85742",0.342827081680298,1,3
768,"maehnw8k2v8v92hy",10/20/2022 16:05:00,1,1,3,1,,0,0,0,0,1,0,0,1,2,1993,1,0,0,0,0,1,5,4,1,0,0,0,1,0,0,1,1,0,0,0,0,0,0,0,0,0,0,0,0,3,2,1,2,3,2,8,3,2,3,2,3,,,,,,,3,3,,,3,3,4,3,3,3,2,2,3,2,,,,3,3,2,3,3,2,2,2,3,2,2,2,3,2,2,2,2,2,2,2,3,2,2,12,,1,1,0,0,0,0,2,3,2,3,1,2,1,0,0,0,0,0,0,1,1,1,4,4,5,1,0,1,1558.85,4,,10,,5,6,10/20/2022 15:38:00,2,3,3,4,4,2,1,1,2,1,2,,2,1,3,3,2,6,,2,2,3,1,1,,"85607",0.518354594707489,1,3
769,"35xw5g3vtydpzffs",10/20/2022 16:21:00,98,1,3,1,,0,0,0,0,1,0,0,1,1,1976,0,0,1,0,0,3,2,1,1,1,0,0,0,0,0,0,1,0,0,0,0,0,1,0,0,0,0,0,0,2,2,3,3,1,4,8,3,4,2,4,1,,,,,,,5,1,,,1,4,4,2,2,2,1,1,2,2,,,,1,1,1,1,2,1,2,3,3,2,2,1,2,4,1,1,1,1,1,1,1,1,1,12,,,0,0,0,0,1,1,1,2,1,3,1,0,1,0,0,0,0,0,1,1,1,1,1,4,0,1,5,2271.74,4,,10,,5,6,10/20/2022 15:42:00,8,1,1,1,1,4,1,2,1,2,1,1,,1,1,1,2,10,1,,1,2,2,,1,"85303",0.560516059398651,1,1
771,"r8wkaan5v67ppbpc",10/20/2022 16:16:00,98,1,3,1,,0,0,0,0,1,0,0,1,2,1978,0,0,1,0,0,3,2,3,1,0,0,1,0,0,0,0,0,0,0,0,0,0,0,0,0,0,0,0,0,3,2,3,4,4,4,1,5,5,5,5,5,,,,,,,5,5,,,6,4,4,4,4,3,3,3,3,2,,,,1,2,1,2,2,2,1,3,1,2,2,1,3,4,4,4,4,4,4,4,3,1,5,12,,,1,0,0,0,0,1,2,1,3,2,1,1,0,0,0,0,0,0,1,1,2,2,3,2,1,0,5,1426.34,4,,10,,5,6,10/20/2022 15:46:00,8,2,6,6,2,3,2,2,1,2,2,,3,1,3,1,2,8,,1,1,1,1,2,,"85387",0.534643173217773,1,2
773,"k1venrgw0wf3aprn",10/20/2022 16:11:00,113,2,3,1,,0,0,0,0,1,0,0,1,2,1965,0,0,1,0,0,1,3,5,1,1,1,0,0,0,0,0,1,0,0,0,0,0,0,0,0,0,0,0,0,4,1,1,1,3,2,10,4,1,4,2,4,,,,,,,4,3,,,4,4,3,1,3,1,4,2,4,1,0,1,0,3,4,2,3,4,2,1,2,2,1,2,2,1,2,2,3,4,2,2,2,1,2,2,12,,3,0,0,1,0,0,4,4,3,2,1,2,1,0,0,0,0,0,0,1,1,1,1,5,5,1,0,6,957.03,12,,13,,1,1,10/20/2022 15:55:00,11,3,4,4,4,1,2,2,3,4,4,,1,3,3,1,4,3,,5,3,4,2,1,,"85614",0.518354594707489,1,3
777,"axq620jtx7nf9gph",10/20/2022 16:34:00,98,1,3,3,1,1,0,0,0,0,0,0,1,2,1984,0,1,0,0,0,1,5,1,1,0,1,0,0,0,0,0,0,0,0,0,0,0,1,0,0,0,0,0,0,1,1,3,3,2,3,8,2,4,2,3,2,,,,,,,2,3,,,1,4,3,1,2,1,1,2,3,2,,,,1,1,1,2,1,1,4,4,4,1,2,2,3,1,1,1,1,1,1,1,2,1,1,,,1,1,0,0,0,0,,,,,,1,1,0,0,0,0,0,0,1,1,1,1,1,4,1,0,5,1751.42,4,,10,,5,6,10/20/2022 16:00:00,8,1,1,1,1,4,2,2,2,2,2,,2,2,2,2,2,10,,1,2,2,1,1,,"85304",0.440324991941452,2,1
778,"56fvvuazajataqew",10/20/2022 16:11:00,113,2,3,1,,0,0,0,0,1,0,0,1,2,1988,0,1,0,0,0,1,3,4,1,1,1,0,0,0,0,0,0,0,0,0,0,0,1,0,0,0,0,0,0,3,3,3,2,3,3,5,4,2,3,2,3,,,,,,,2,3,,,4,1,1,1,1,1,4,4,3,2,,,,2,2,2,3,2,2,3,3,2,2,2,1,2,2,2,2,2,2,2,2,2,2,2,12,,2,1,0,0,0,0,1,2,1,3,2,2,1,0,0,0,0,0,0,1,4,1,4,4,2,0,1,6,690.82,14,,10,,1,2,10/20/2022 16:00:00,15,3,2,2,3,3,2,2,2,2,3,2,,2,3,2,2,5,3,,2,3,2,,2,"85364",0.452724546194077,1,3
780,"yj4bvt0198preye2",10/20/2022 16:06:00,4,2,3,3,1,1,0,0,0,0,0,0,1,1,2002,1,0,0,0,0,1,2,4,1,1,0,1,0,0,0,0,0,0,1,0,0,0,0,0,0,0,0,0,0,4,2,2,3,2,1,5,4,1,4,1,3,,,,,,,2,6,,,4,4,2,2,1,1,3,3,4,1,0,1,0,1,3,1,2,2,1,1,3,4,1,2,1,2,2,3,1,2,2,1,1,2,4,4,,,1,1,0,0,0,0,,,,,,4,0,1,1,1,0,0,0,3,3,3,3,4,3,1,0,4,285.98,12,,13,,1,1,10/20/2022 16:01:00,5,3,6,3,6,6,2,2,2,2,1,,2,1,2,3,3,3,,2,2,3,2,1,,"85548",0.384120017290115,2,3
781,"ed5abbjzhkb22hvk",10/20/2022 16:06:00,113,2,3,1,,0,0,0,0,1,0,0,1,2,1995,1,0,0,0,0,1,2,5,1,1,0,0,0,1,0,0,0,0,0,0,0,0,0,0,0,0,0,1,0,3,1,2,1,1,1,9,4,1,4,1,4,,,,,,,1,3,,,4,2,1,1,1,1,3,3,3,1,0,1,0,2,1,1,1,1,1,1,3,3,1,2,1,2,2,2,2,2,2,2,2,4,2,2,12,,1,0,0,0,1,0,1,1,2,1,3,1,1,0,0,0,0,0,0,1,1,1,1,5,1,0,1,6,273.52,14,,10,,1,2,10/20/2022 16:01:00,8,3,4,4,4,2,1,1,1,1,1,1,,1,2,1,4,10,4,,1,3,1,,1,"85323",0.518354594707489,1,3
782,"71w70y0781amffhu",10/20/2022 16:12:00,4,2,3,2,,0,0,0,1,0,0,0,1,1,1996,1,0,0,0,0,1,5,4,1,1,1,0,0,0,0,0,0,0,0,0,0,1,0,0,0,0,0,0,0,2,2,1,4,2,2,1,3,2,5,2,3,,,,,,,5,5,,,3,4,1,3,3,3,4,4,4,2,,,,2,2,1,3,2,1,2,3,3,3,3,2,2,2,2,3,1,2,2,4,3,2,5,,,1,1,0,0,0,0,,,,,,1,1,0,0,0,0,0,0,1,2,1,2,4,1,0,1,4,569.99,13,,10,,5,6,10/20/2022 16:03:00,3,3,6,6,3,6,2,2,3,2,2,2,,1,3,2,2,5,5,,2,2,2,,2,"86001",2.0189995765686,2,3
784,"7ba03zk4050a9u84",10/20/2022 16:15:00,4,2,3,1,,0,0,0,0,1,0,0,1,2,2002,1,0,0,0,0,1,2,1,1,0,0,0,1,0,0,0,1,0,1,0,0,0,0,0,0,0,0,0,0,2,1,1,2,1,3,5,2,5,6,6,6,,,,,,,6,6,,,1,2,2,4,2,2,4,4,3,1,1,0,0,2,2,2,2,1,3,4,4,4,3,2,1,2,1,1,1,1,1,1,1,2,1,3,12,,3,1,0,0,0,0,1,2,2,1,3,1,1,0,0,0,0,0,0,1,4,4,4,1,4,1,0,4,662.34,12,,13,,1,1,10/20/2022 16:04:00,8,1,5,6,6,6,2,2,2,2,3,,3,2,3,3,3,5,,5,2,2,2,1,,"85303",0.452390402555466,1,1
786,"c8usdg6pknmxbaxq",10/20/2022 16:15:00,3,2,3,1,,0,0,0,0,1,0,0,1,1,1980,0,0,1,0,0,1,3,4,1,0,0,0,0,0,0,0,0,0,0,0,0,0,1,0,0,1,1,0,0,4,1,1,2,2,2,9,4,1,4,2,4,,,,,,,4,4,,,4,4,3,4,2,4,2,2,3,2,,,,2,4,2,2,2,2,3,3,2,2,2,1,2,2,2,2,2,2,2,2,1,2,2,12,,1,1,0,0,0,0,2,2,3,2,1,1,0,1,1,0,0,0,0,1,2,4,4,4,1,0,1,3,450.19,12,,13,,1,1,10/20/2022 16:07:00,11,3,3,6,6,6,2,2,3,1,3,2,,2,3,3,4,1,4,,3,4,2,,1,"85706",0.514080047607422,1,3
788,"6r2w0nx40y0b9cqw",10/20/2022 16:37:00,98,1,3,1,,0,0,0,0,1,0,0,1,2,1991,0,1,0,0,0,3,2,2,1,1,0,0,0,0,0,0,0,0,0,0,0,0,0,0,0,0,0,0,0,2,3,1,3,1,2,7,2,4,2,2,2,,,,,,,2,2,,,2,1,1,1,1,1,4,4,4,2,,,,2,2,2,2,2,2,2,2,2,2,2,1,2,3,3,3,3,3,3,3,2,1,1,12,,,1,0,0,0,0,1,2,2,1,3,3,0,0,1,0,0,0,0,1,1,1,1,2,3,1,0,5,1734.36,4,,10,,5,6,10/20/2022 16:08:00,11,1,2,2,2,2,2,2,2,2,2,,2,2,2,4,2,7,,2,4,3,2,2,,"85710",0.647396087646484,1,1
790,"5695f7xh7cz7fj0y",10/20/2022 16:37:00,98,1,3,1,,0,0,0,0,1,0,0,1,2,1990,0,1,0,0,0,3,2,2,1,1,0,0,0,0,0,0,0,0,0,0,0,0,1,0,0,0,0,1,0,1,1,1,1,1,3,7,2,4,2,3,2,,,,,,,6,6,,,1,2,2,2,2,2,2,2,2,2,,,,1,1,1,1,1,1,3,3,3,2,2,1,1,1,1,1,1,1,1,1,2,1,1,12,,,0,0,1,0,0,1,1,2,1,3,1,1,0,0,0,0,0,0,1,1,1,1,2,3,0,1,5,1476.79,4,,10,,5,6,10/20/2022 16:09:00,11,1,1,1,1,4,1,1,1,1,2,2,,1,1,1,2,7,1,,1,2,2,,1,"85739",0.647396087646484,1,1
791,"8znewqw96sj42ye8",10/20/2022 16:24:00,113,2,3,1,,0,0,0,0,1,0,0,1,2,1992,0,1,0,0,0,1,4,3,1,1,1,1,0,0,0,0,0,0,0,0,0,0,0,0,0,0,0,0,0,4,2,1,3,4,3,5,4,2,4,2,4,,,,,,,3,5,,,4,4,1,4,2,1,4,4,4,2,,,,3,2,2,2,3,2,1,1,3,2,3,1,1,2,2,2,4,2,2,2,1,2,2,12,,2,1,0,0,0,0,1,3,1,3,2,1,1,0,0,0,0,0,0,1,2,1,3,4,3,0,1,6,716.07,12,,13,,1,1,10/20/2022 16:12:00,15,2,4,4,4,6,1,1,2,2,2,2,,2,3,3,3,0,4,,4,3,2,,1,"85367",0.518354594707489,1,2
792,"ctxunvfpd71tuwpy",10/20/2022 16:21:00,4,2,3,1,,0,0,0,0,1,0,0,1,2,1994,1,0,0,0,0,1,5,2,1,1,1,0,1,0,0,0,0,0,0,0,0,0,0,0,0,0,0,0,0,3,2,3,3,3,4,5,3,4,3,4,2,,,,,,,2,4,,,1,4,1,4,1,1,4,4,4,1,1,1,1,1,1,2,1,1,1,3,4,3,2,3,1,3,1,1,4,1,4,1,1,4,1,1,12,,1,1,0,0,0,0,5,4,3,1,2,3,0,0,0,1,0,0,0,1,1,1,2,2,1,0,1,4,495.68,12,,13,,1,1,10/20/2022 16:12:00,8,1,1,1,1,4,1,3,1,1,3,3,,1,1,3,1,10,5,,1,2,2,,2,"85338",0.497996956110001,1,1
793,"txjk605dnk6txg8w",10/20/2022 16:42:00,3,2,3,1,,0,0,0,0,1,0,0,1,2,1958,0,0,0,1,0,1,4,5,1,1,0,0,0,0,0,0,1,0,0,0,0,0,0,0,1,0,0,0,0,4,1,2,1,3,1,10,4,2,4,2,4,,,,,,,4,4,,,3,4,4,4,4,4,4,1,4,2,,,,4,3,2,3,2,3,1,3,2,1,3,2,3,2,2,2,3,2,2,2,1,2,2,12,,1,1,0,0,0,0,6,4,2,3,1,4,1,0,0,0,0,0,0,1,1,1,3,4,5,1,0,3,1676.92,4,,10,,5,6,10/20/2022 16:14:00,8,3,4,4,1,6,2,2,4,4,4,,3,2,3,2,4,5,,5,3,3,2,1,,"85234",0.518354594707489,1,3
794,"16pm37p178fsv90z",10/20/2022 16:22:00,4,2,3,5,1,0,1,0,0,0,0,0,1,1,1986,0,1,0,0,0,1,3,5,1,1,0,0,0,0,0,0,0,0,0,0,1,0,0,0,0,0,0,0,0,4,2,2,1,1,1,10,4,1,4,1,4,,,,,,,1,5,,,4,2,1,1,1,1,3,3,4,1,0,1,0,2,1,1,2,2,2,2,2,2,2,1,1,1,2,2,2,2,2,2,2,3,2,2,,,1,1,0,0,0,0,,,,,,4,0,0,1,0,0,0,0,1,1,1,1,5,3,1,0,4,344.38,4,,10,,5,6,10/20/2022 16:16:00,8,3,1,4,5,1,1,1,1,2,2,,2,1,1,1,1,9,,4,4,3,1,2,,"85396",0.821056425571442,2,3
797,"4sdugnadegzuhazb",10/20/2022 16:49:00,98,1,3,1,,0,0,0,0,1,0,0,1,1,1998,1,0,0,0,0,3,2,2,1,0,0,1,0,0,0,0,1,0,0,0,0,0,1,0,0,0,0,0,0,2,2,3,2,2,3,8,2,5,3,3,1,,,,,,,2,2,,,2,1,1,2,1,2,2,2,2,2,,,,2,2,2,2,2,2,3,2,3,2,3,1,2,1,1,1,1,1,1,1,2,3,3,12,,,1,0,0,0,0,1,2,1,2,3,2,1,0,0,0,0,0,0,3,4,4,4,2,2,1,0,5,1817.57,4,,10,,5,6,10/20/2022 16:19:00,8,1,2,2,2,3,1,2,1,1,2,,2,1,1,2,2,5,,2,3,2,2,1,,"85326",0.560516059398651,1,1
799,"2vpgbb4t46xgmv2h",10/20/2022 16:55:00,98,1,3,1,,0,0,0,0,1,0,0,1,1,1972,0,0,1,0,0,3,2,5,1,0,0,0,1,0,0,1,0,0,0,0,1,0,0,0,0,0,0,0,0,4,1,3,2,4,1,10,4,1,4,1,4,,,,,,,5,4,,,4,1,1,2,4,4,2,2,1,1,0,0,1,3,3,2,3,4,3,1,2,2,1,3,1,1,2,2,2,2,2,2,2,3,2,2,12,,,1,0,0,0,0,1,2,1,2,3,3,1,0,0,0,0,0,0,1,1,1,1,5,3,0,1,5,2028.99,4,,10,,5,6,10/20/2022 16:20:00,11,3,4,4,4,1,2,2,2,1,3,1,,2,2,3,3,0,5,,4,4,2,,2,"85713",0.641772270202637,1,3
806,"7sr8cb33ct7nrw63",10/20/2022 16:40:00,4,2,3,1,,0,0,0,0,1,0,0,1,1,1983,0,1,0,0,0,1,2,3,1,0,0,0,1,0,0,0,0,0,0,1,0,0,1,0,0,0,0,0,0,2,1,1,2,2,4,6,2,4,5,4,2,,,,,,,2,3,,,1,4,4,3,1,2,4,4,4,1,0,1,0,1,1,2,1,1,2,2,4,3,3,3,1,2,4,4,1,1,4,1,1,3,1,5,12,,1,1,0,0,0,0,1,4,3,1,2,3,0,1,0,0,0,0,0,1,2,1,1,2,1,1,0,4,584.72,14,,10,,1,2,10/20/2022 16:30:00,8,2,1,1,1,6,2,2,2,1,1,,4,1,3,5,2,10,,5,1,1,2,2,,"85210",0.517399489879608,1,2
807,"6t44e66dt1j3e9kk",10/20/2022 16:37:00,113,2,3,1,,0,0,0,0,1,0,0,1,2,1985,0,1,0,0,0,1,3,4,1,0,0,0,0,0,0,0,0,0,0,1,0,0,0,0,0,0,0,0,0,1,3,2,1,2,1,7,4,5,5,3,5,,,,,,,4,5,,,2,3,3,3,3,3,2,3,3,2,,,,3,3,2,4,3,2,4,3,2,2,1,2,1,1,2,2,3,2,1,3,2,3,3,12,,3,0,0,1,0,0,3,2,2,1,3,3,0,0,0,1,0,0,0,1,4,2,2,3,1,1,0,6,255.58,14,,10,,1,2,10/20/2022 16:32:00,8,3,3,1,1,1,3,3,3,3,3,,3,2,3,3,2,8,,3,3,2,2,1,,"85303",0.555977523326874,1,3
809,"xdufw428v0jgbzeh",10/20/2022 16:53:00,4,2,3,1,,0,0,0,0,1,0,0,1,2,1993,1,0,0,0,0,1,3,4,1,1,1,0,0,0,0,0,0,0,0,0,0,0,0,0,0,1,0,0,0,4,4,,4,3,2,5,4,1,5,2,4,,,,,,,6,6,,,4,4,4,4,4,4,4,4,4,2,,,,1,2,1,2,2,2,3,3,3,2,2,1,2,2,2,4,2,3,4,4,2,4,5,12,,2,1,0,0,0,0,3,3,2,3,1,2,0,1,0,0,0,0,1,4,4,4,4,4,2,0,1,4,932.2,12,,11,,1,1,10/20/2022 16:36:00,12,3,6,3,6,6,2,2,3,2,2,2,,1,1,2,1,5,5,,2,2,2,,2,"85132",0.394936829805374,1,3
810,"u2c2vjuhgzcy69gu",10/20/2022 16:55:00,113,2,3,6,2,0,0,0,0,0,1,0,1,2,1952,0,0,0,1,0,1,2,1,1,1,0,0,1,1,0,0,0,0,0,0,0,0,0,0,0,0,0,0,0,2,1,1,2,2,3,4,2,4,2,3,2,,,,,,,2,3,,,1,3,4,4,4,4,4,4,4,1,0,1,0,3,2,2,1,1,2,2,2,3,3,2,1,2,4,4,4,4,4,4,4,3,1,5,,,1,1,0,0,0,0,,,,,,4,0,1,0,0,0,0,0,1,1,1,1,2,1,0,1,6,1059.91,14,,10,,1,2,10/20/2022 16:37:00,14,1,1,5,5,5,1,2,2,1,2,2,,1,1,2,2,9,2,,1,1,2,,1,"86333",0.512999951839447,2,1
817,"htzv8befaxuzv7yp",10/20/2022 17:01:00,4,2,3,2,,0,0,0,1,0,0,0,1,1,1999,1,0,0,0,0,1,5,4,1,1,0,0,1,0,0,0,0,0,0,0,0,1,0,0,0,0,0,0,0,4,1,2,2,3,3,6,4,1,4,2,4,,,,,,,4,2,,,4,4,3,2,1,1,4,3,4,1,0,1,0,4,3,3,4,4,3,1,3,1,1,3,2,2,2,2,4,2,2,2,2,2,2,4,,,1,1,0,0,0,0,,,,,,1,0,1,1,0,0,1,0,1,3,3,4,4,1,1,0,4,1102.38,12,,13,,1,1,10/20/2022 16:43:00,8,3,4,4,4,2,1,2,3,2,3,,1,2,1,1,5,3,,3,4,4,1,1,,"85015",2.54473447799683,2,3
818,"g9q7x5chmnwctbtv",10/20/2022 19:18:00,3,2,3,1,,0,0,0,0,1,0,0,1,1,1972,0,0,1,0,0,1,2,4,1,1,0,1,0,0,0,0,0,0,0,0,0,0,0,0,0,0,0,1,0,4,1,3,1,3,2,10,4,1,4,2,4,,,,,,,4,4,,,3,4,1,1,1,1,1,1,1,2,,,,1,3,1,2,1,2,4,1,1,2,3,1,2,2,2,2,2,2,4,3,1,2,2,12,,1,0,0,0,0,1,1,1,3,2,1,2,0,0,1,0,0,0,0,1,1,1,1,4,1,0,1,3,9286.61,12,,11,,1,1,10/20/2022 16:43:00,11,3,4,3,6,6,2,2,3,2,2,4,,1,1,1,2,5,2,,1,4,1,,2,"85705",0.493671059608459,1,3
825,"5x32ev8086fcsvmg",10/20/2022 17:41:00,4,2,3,3,2,1,0,0,0,0,0,0,1,1,1996,1,0,0,0,0,1,2,2,1,1,0,0,0,1,0,0,0,0,0,0,0,1,0,0,0,0,0,0,0,3,2,1,3,2,3,7,3,4,2,4,1,,,,,,,1,3,,,1,4,3,1,1,3,3,2,4,1,1,0,0,2,2,1,4,1,1,4,3,3,2,2,2,2,4,3,1,4,4,1,1,3,1,5,,,1,1,0,0,0,0,,,,,,4,0,0,1,0,0,0,0,1,3,3,3,3,1,1,0,4,2360.81,4,,10,,5,6,10/20/2022 17:02:00,8,1,1,2,6,3,1,2,1,2,3,,4,2,1,3,2,5,,2,2,3,2,1,,"85374",0.440324991941452,2,1
827,"3apyv81ck492uqx7",10/20/2022 17:22:00,3,2,3,1,,0,0,0,0,1,0,0,1,2,1979,0,0,1,0,0,1,3,3,1,0,0,0,0,1,0,0,0,0,0,0,0,1,0,0,0,0,0,1,0,2,3,2,2,3,3,5,2,5,3,5,3,,,,,,,2,5,,,6,2,1,1,1,1,1,1,3,2,,,,2,2,2,2,2,2,3,4,4,2,3,1,1,1,4,4,4,4,4,4,4,5,5,22,1,3,0,0,0,0,1,6,2,1,2,3,1,0,1,0,0,0,0,0,1,1,4,4,3,3,0,1,3,523.02,14,,10,,1,2,10/20/2022 17:12:00,8,2,6,6,6,6,2,2,1,1,2,2,,2,1,2,4,5,1,,1,1,2,,2,"85209",0.285600006580353,1,2
828,"u2gwrb6q14zg3n1p",10/20/2022 17:41:00,98,1,3,1,,0,0,0,0,1,0,0,1,1,1994,1,0,0,0,0,1,5,1,1,0,0,1,0,0,1,0,0,0,0,0,1,0,0,0,0,0,0,0,0,1,1,1,1,1,4,10,1,3,1,4,1,,,,,,,2,1,,,1,4,2,3,2,2,3,2,3,2,,,,1,1,1,1,1,1,1,4,2,2,2,1,1,1,1,1,1,1,1,1,4,1,3,12,,2,0,0,0,1,0,1,2,2,1,3,2,1,0,0,0,0,0,0,1,1,4,4,1,6,1,0,5,1756.84,4,,10,,5,6,10/20/2022 17:12:00,11,1,1,1,1,4,1,2,2,2,1,,3,1,1,2,2,10,,2,1,3,2,2,,"85741",0.431166261434555,1,1
830,"adwff2bqcxgm1d3m",10/20/2022 17:52:00,3,2,3,1,,0,0,0,0,1,0,0,1,2,1990,0,1,0,0,0,1,3,2,1,1,0,1,0,0,0,0,0,0,0,0,0,0,0,0,0,1,0,0,0,2,1,1,2,3,3,10,2,2,2,2,2,,,,,,,2,2,,,1,1,3,4,3,1,4,4,3,1,1,0,0,2,1,2,2,2,2,2,2,2,2,2,2,3,4,4,4,3,4,3,3,3,1,1,12,,2,0,0,0,1,0,1,1,3,2,1,1,0,1,0,0,0,0,0,1,1,1,1,3,6,1,0,3,2293.64,14,,10,,1,2,10/20/2022 17:14:00,8,1,1,1,1,1,1,1,1,2,1,,1,1,3,3,1,7,,1,1,1,1,1,,"85335",0.497996956110001,1,1
835,"extfqt7snd4a71xw",10/20/2022 17:57:00,3,2,3,1,,0,0,0,0,1,0,0,1,2,1989,0,1,0,0,0,1,3,1,1,0,0,0,1,0,0,0,0,0,0,0,1,0,0,0,0,0,0,1,0,1,1,3,2,1,3,10,1,4,6,3,1,,,,,,,1,3,,,1,4,1,1,1,4,4,2,4,1,1,0,1,1,1,1,3,4,2,4,4,4,3,2,1,2,1,1,1,1,1,1,1,1,1,1,12,,1,1,0,0,0,0,6,4,2,3,1,1,1,0,0,0,0,0,0,1,1,1,1,1,2,0,1,3,1542.4,14,,10,,1,2,10/20/2022 17:30:00,11,1,1,1,1,1,2,1,1,1,1,4,,2,3,1,1,10,1,,3,4,2,,2,"85716",0.497996956110001,1,1
837,"jp65xkqvu3rsbj2k",10/20/2022 18:13:00,98,1,3,1,,0,0,0,0,1,0,0,1,1,1980,0,0,1,0,0,3,5,5,1,1,0,0,0,0,1,0,0,0,0,0,0,1,0,0,0,0,0,0,0,4,2,3,1,3,2,7,4,1,3,1,4,,,,,,,5,3,,,4,1,2,1,1,1,1,1,3,2,,,,2,2,2,2,2,2,2,2,2,1,2,1,2,2,2,2,2,2,2,2,1,2,2,12,,,0,0,0,1,0,2,2,3,2,1,1,1,0,0,0,0,0,0,1,1,1,1,5,4,0,1,5,2216.49,4,,10,,5,6,10/20/2022 17:36:00,8,3,4,3,4,2,1,1,1,1,3,1,,1,2,2,2,7,3,,1,4,1,,2,"85044",0.641772270202637,1,3
840,"k0y9xkrjzqq81ya9",10/20/2022 18:07:00,98,1,3,1,,0,0,0,0,1,0,0,1,1,1990,0,1,0,0,0,3,2,4,1,1,0,0,0,0,0,0,0,0,0,0,0,0,0,0,0,0,1,0,0,4,1,2,2,4,2,10,3,1,3,1,3,,,,,,,3,3,,,4,2,2,2,2,2,3,3,2,2,,,,2,2,1,2,3,3,3,3,3,2,3,1,1,2,2,2,2,2,2,2,1,2,4,6,,,1,0,0,0,0,1,1,3,1,2,1,1,0,0,0,0,0,0,1,3,3,3,5,3,0,1,5,1719.13,3,,10,,5,6,10/20/2022 17:37:00,12,3,4,4,4,1,1,1,1,1,3,3,,1,3,4,4,0,4,,4,4,1,,1,"85122",0.445675224065781,1,3
841,"ztbgru50gwmn4jrb",10/20/2022 17:54:00,4,2,3,2,,0,0,0,1,0,0,0,1,1,2000,1,0,0,0,0,1,5,4,1,0,1,1,0,0,0,0,0,0,0,0,0,0,0,0,1,0,0,0,0,3,3,1,3,2,2,5,6,2,1,2,5,,,,,,,5,3,,,6,4,2,4,1,1,2,2,4,2,,,,2,2,1,1,1,2,1,3,3,3,2,2,2,2,2,3,2,2,4,1,3,3,2,,,3,1,0,0,0,0,,,,,,4,0,1,0,0,0,0,0,2,1,4,4,1,3,1,0,4,666.96,14,,10,,1,2,10/20/2022 17:42:00,8,3,2,3,6,2,2,1,2,2,3,,4,1,3,3,4,6,,2,1,2,2,1,,"85383",1.96853363513947,2,3
842,"gfvxag8k7y0j0ggb",10/20/2022 18:14:00,98,1,3,1,,0,0,0,0,1,0,0,1,2,1998,1,0,0,0,0,3,6,2,1,1,0,0,0,0,0,0,0,0,0,0,1,1,0,0,0,0,0,0,0,3,1,3,2,2,4,8,2,4,1,4,2,,,,,,,2,2,,,2,3,4,2,4,3,4,4,2,1,1,1,1,2,1,1,1,1,1,1,4,2,3,1,1,2,1,1,1,1,1,1,1,4,1,3,12,,,0,0,1,1,1,2,3,2,1,3,1,0,0,0,0,0,0,1,1,4,4,4,2,5,0,1,5,1795.62,4,,10,,5,6,10/20/2022 17:43:00,8,1,2,2,2,4,2,2,2,2,1,5,,1,1,2,1,10,1,,2,2,2,,2,"85249",0.647396087646484,1,1
845,"gpzn2pb1qsckrppe",10/20/2022 17:55:00,4,2,3,1,,0,0,0,0,1,0,0,1,2,2004,1,0,0,0,0,1,1,1,1,0,0,0,1,1,1,0,0,0,0,0,0,0,0,0,0,0,0,0,0,2,1,1,2,2,4,8,2,5,2,3,1,,,,,,,2,3,,,1,4,2,1,1,1,3,4,4,2,,,,1,1,1,1,1,2,3,4,4,2,2,1,2,3,1,4,1,1,1,1,3,3,3,12,,1,1,0,0,0,0,4,2,1,2,3,4,0,0,0,1,0,0,0,4,4,4,4,2,1,0,1,4,566.65,12,,11,,1,1,10/20/2022 17:46:00,11,1,1,6,6,4,2,1,1,1,2,4,,1,1,3,2,7,1,,2,1,4,,2,"85629",0.483492195606232,1,1
848,"ng9yzc5cmn5g6g16",10/20/2022 18:04:00,3,2,3,1,,0,0,0,0,1,0,0,1,2,1987,0,1,0,0,0,1,2,1,1,1,0,1,0,0,0,1,0,0,0,0,0,0,0,0,0,0,0,0,0,1,1,1,1,3,3,10,2,4,2,4,2,,,,,,,1,4,,,1,3,2,2,1,1,2,4,2,2,,,,1,1,1,1,1,1,4,4,4,2,3,1,2,1,1,1,1,1,1,1,3,1,1,12,,3,0,0,0,0,1,1,2,3,1,2,2,0,0,0,1,0,0,0,1,1,1,1,1,3,1,0,3,852.32,14,,10,,1,2,10/20/2022 17:50:00,8,1,1,1,1,4,1,1,1,1,1,,5,1,1,4,1,10,,1,1,1,2,2,,"85041",0.497996956110001,1,1
850,"jcm95mmmgwcfymfs",10/20/2022 18:27:00,98,1,3,1,,0,0,0,0,1,0,0,1,1,1996,1,0,0,0,0,1,2,1,1,1,0,0,0,0,0,0,0,0,0,0,0,0,0,0,0,0,0,0,0,2,1,3,3,2,4,5,2,4,2,4,2,,,,,,,2,2,,,1,4,4,3,4,1,4,4,4,2,,,,1,1,1,1,1,1,1,4,4,2,2,2,3,1,1,1,1,1,1,1,3,1,3,12,,2,0,0,0,1,0,1,2,2,1,3,4,1,0,0,0,0,0,0,1,1,4,4,1,4,1,0,5,1801.32,4,,10,,5,6,10/20/2022 17:56:00,8,1,1,1,1,4,3,3,3,3,1,,1,2,3,1,2,10,,1,3,1,2,2,,"85353",0.431166261434555,1,1
851,"fad1e8ju18hnbd8u",10/20/2022 18:15:00,113,2,3,3,2,1,0,0,0,0,0,0,1,2,2001,1,0,0,0,0,1,1,3,1,1,0,0,0,0,0,0,0,0,1,0,0,0,1,0,0,0,0,0,0,2,4,,3,2,2,5,5,5,5,5,5,,,,,,,5,5,,,5,4,1,4,1,1,4,4,4,2,,,,3,3,3,3,3,3,3,3,3,3,3,2,2,4,4,4,4,4,4,4,2,5,5,,,1,1,0,0,0,0,,,,,,1,0,0,1,1,0,0,1,3,3,3,3,3,2,1,0,6,1033.06,12,,13,,1,1,10/20/2022 17:57:00,8,2,6,6,6,6,2,1,1,1,1,,1,2,2,3,3,5,,3,3,3,4,2,,"85015",0.400000005960464,2,2
852,"uqwpm88bvb2fa09e",10/20/2022 18:26:00,98,1,3,1,,0,0,0,0,1,0,0,1,1,2002,1,0,0,0,0,3,2,1,1,0,0,0,0,0,0,0,1,0,1,0,0,1,0,0,0,0,0,0,0,1,1,3,3,2,2,7,2,3,2,3,2,,,,,,,2,2,,,2,1,1,1,2,2,2,2,2,2,,,,1,1,1,1,1,1,3,3,3,2,2,1,2,1,1,1,1,1,1,1,2,1,3,12,,,0,0,1,0,0,1,2,2,1,3,2,1,0,0,0,0,0,0,1,4,4,4,2,2,0,1,5,1701,4,,10,,5,6,10/20/2022 17:58:00,8,1,2,2,2,3,1,1,1,1,1,1,,2,3,3,1,8,2,,2,2,4,,2,"85032",0.560516059398651,1,1
853,"g9vauxna9qtt1myx",10/20/2022 18:15:00,113,2,3,1,,0,0,0,0,1,0,0,1,1,2002,1,0,0,0,0,1,2,2,1,0,0,0,1,0,0,1,0,0,1,0,0,0,0,0,0,0,0,0,0,2,3,1,2,2,4,7,3,4,2,4,2,,,,,,,5,3,,,1,3,2,3,2,1,2,2,3,1,1,0,0,1,1,1,1,1,2,2,3,3,2,2,1,2,1,2,1,1,2,1,1,2,1,3,12,,1,1,0,0,0,0,1,1,2,1,3,2,0,1,1,0,0,0,1,1,4,4,4,2,5,0,1,6,941.47,14,,10,,3,2,10/20/2022 17:58:00,8,1,2,2,6,6,2,2,2,1,2,1,,1,1,1,4,9,1,,1,1,1,,2,"85283",0.431166261434555,1,1
855,"nu3s30skfwnxujdg",10/20/2022 18:23:00,4,2,3,1,,0,0,0,0,1,0,0,1,2,1994,1,0,0,0,0,1,2,6,1,1,1,0,0,0,1,0,0,0,0,0,0,0,0,0,0,0,0,0,0,4,1,2,2,2,4,10,3,5,5,3,1,,,,,,,5,5,,,6,4,1,4,4,1,2,4,4,1,0,1,0,1,1,1,1,1,2,1,3,1,2,3,2,1,1,1,1,1,1,4,4,3,5,5,12,,1,1,0,0,0,0,2,4,3,2,1,1,0,1,0,0,0,0,0,4,4,3,4,2,2,0,1,4,1144.29,14,,10,,1,2,10/20/2022 18:01:00,11,2,6,6,6,6,1,2,2,2,3,1,,1,3,2,1,3,5,,1,2,1,,2,"85705",0.411264002323151,1,2
856,"jdjd4qp8pr6gunkf",10/20/2022 18:33:00,98,1,3,1,,0,0,0,0,1,0,0,1,2,1963,0,0,1,0,0,3,2,2,1,0,0,0,0,0,0,0,0,0,0,0,0,1,0,0,0,0,0,0,0,2,1,1,3,2,3,7,2,3,2,3,2,,,,,,,2,2,,,2,4,4,4,3,4,2,3,2,2,,,,1,1,1,1,2,3,2,4,1,2,2,1,3,4,4,1,1,1,1,4,3,1,1,12,,,1,0,0,0,0,1,2,1,2,3,1,1,0,0,0,0,0,0,1,1,3,3,2,1,1,0,5,1741.06,4,,10,,5,6,10/20/2022 18:02:00,13,1,2,2,2,3,2,2,1,2,2,,4,1,2,1,2,9,,5,1,1,1,2,,"85648",0.647396087646484,1,1
858,"3sz04c1y90e8n1ee",10/20/2022 18:30:00,98,1,3,1,,0,0,0,0,1,0,0,1,1,1989,0,1,0,0,0,3,2,2,1,1,0,0,0,0,0,0,0,0,0,0,0,0,0,0,0,0,0,0,0,1,1,1,2,1,3,10,1,4,4,4,1,,,,,,,4,2,,,1,2,2,2,2,2,2,2,2,1,1,1,1,1,1,1,1,1,1,3,4,2,2,2,1,3,1,1,3,1,1,1,3,2,1,3,12,,,0,0,0,1,0,1,1,1,2,3,1,0,1,0,0,0,0,1,3,3,3,3,1,3,1,0,5,1569.87,3,,10,,5,6,10/20/2022 18:03:00,8,1,2,1,1,4,1,1,1,1,4,,3,1,3,1,1,10,,1,1,1,1,2,,"85323",0.560516059398651,1,1
859,"f8z2qppy3wvd9n27",10/20/2022 18:35:00,98,1,3,1,,0,0,0,0,1,0,0,1,2,1956,0,0,0,1,0,3,1,4,1,0,0,1,0,0,0,0,0,0,0,0,0,0,1,0,0,0,0,1,0,4,1,1,2,3,2,8,4,2,5,1,4,,,,,,,2,5,,,3,4,4,4,4,4,1,1,1,1,1,1,0,3,2,1,2,3,3,1,1,1,1,3,2,3,2,2,2,4,2,2,4,3,5,5,6,,,1,0,0,0,0,1,1,2,1,3,2,0,0,1,0,0,0,0,1,1,1,1,4,4,0,1,5,1232.53,4,,10,,5,6,10/20/2022 18:04:00,2,3,3,3,3,2,1,1,4,3,1,1,,2,3,1,4,8,1,,1,2,3,,2,"85607",0.467959016561508,1,3
861,"hgq1e0z7h481m4aj",10/20/2022 18:11:00,4,2,3,1,,0,0,0,0,1,0,0,1,1,1980,0,0,1,0,0,1,3,4,1,0,0,0,0,0,0,0,1,0,1,0,0,0,0,0,0,0,0,1,0,4,1,1,2,2,2,8,1,1,4,2,1,,,,,,,4,1,,,4,4,3,4,2,4,3,3,4,2,,,,3,3,2,3,3,3,3,3,3,2,2,2,2,2,2,2,2,2,2,2,3,3,2,12,,1,1,0,0,0,0,2,3,3,2,1,1,0,1,1,0,0,0,0,1,2,3,3,4,1,0,1,4,264.63,12,,13,,1,1,10/20/2022 18:06:00,11,3,4,6,6,6,2,2,3,2,3,3,,2,2,3,3,4,3,,3,3,1,,1,"85706",0.514080047607422,1,3
863,"wv9kg4tp0gzumcck",10/20/2022 18:48:00,98,1,3,1,,0,0,0,0,1,0,0,1,1,2000,1,0,0,0,0,3,1,4,1,0,0,1,0,0,0,0,0,0,0,0,0,0,1,0,0,0,0,1,0,1,2,3,4,3,2,4,4,1,4,2,4,,,,,,,4,6,,,4,2,3,3,2,2,2,3,2,2,,,,2,3,2,3,1,1,1,1,1,2,2,1,2,2,2,1,1,2,1,2,1,2,5,9,,,0,0,0,1,0,1,1,2,1,3,1,1,0,0,0,0,0,0,1,4,4,4,5,2,0,1,5,1990.16,4,,10,,5,6,10/20/2022 18:15:00,8,3,4,4,3,2,2,2,2,2,2,3,,1,2,2,3,7,4,,4,3,1,,1,"85016",0.445675224065781,1,3
866,"z77zmhdqp8aqhf4x",10/20/2022 18:42:00,4,2,3,1,,0,0,0,0,1,0,0,1,2,1984,0,1,0,0,0,1,2,2,1,1,0,1,0,0,0,0,0,0,0,0,0,0,0,0,1,0,0,0,0,3,1,1,2,4,4,8,3,4,2,2,3,,,,,,,2,4,,,2,4,4,4,4,4,3,1,4,1,0,0,1,1,3,2,1,1,2,2,4,3,2,3,1,2,1,3,3,1,2,1,1,2,1,1,12,,1,1,0,0,0,0,5,4,1,3,2,2,1,0,0,0,0,0,0,1,3,3,3,2,5,1,0,4,1168.82,12,,11,,1,1,10/20/2022 18:20:00,8,1,2,2,2,6,1,2,2,1,2,,2,1,3,2,1,10,,5,1,2,1,2,,"85307",0.497996956110001,1,1
871,"ubrqefxpyjynd9rh",10/20/2022 18:31:00,4,2,3,1,,0,0,0,0,1,0,0,1,2,2004,1,0,0,0,0,1,3,6,1,0,0,0,1,0,1,0,0,1,0,0,0,0,0,0,0,0,0,0,0,2,3,1,3,2,1,3,2,2,4,5,5,,,,,,,3,2,,,3,1,1,1,1,1,4,4,3,1,0,0,1,1,2,1,4,1,2,4,4,3,2,3,1,2,1,4,2,2,3,4,4,4,2,1,12,,2,1,0,0,0,0,1,2,2,1,3,2,0,0,0,0,0,0,1,2,1,3,4,3,3,1,0,4,318.23,12,,13,,1,1,10/20/2022 18:25:00,11,2,2,2,1,6,3,2,3,1,1,,3,2,1,3,4,3,,3,1,4,3,1,,"85706",0.452724546194077,1,2
872,"wb97bzt9cv55392b",10/20/2022 18:59:00,98,1,3,1,,0,0,0,0,1,0,0,1,2,1995,1,0,0,0,0,1,3,3,1,1,0,1,0,0,0,0,0,0,0,0,0,0,1,0,0,0,0,0,0,2,2,3,3,2,3,4,2,4,2,4,1,,,,,,,6,6,,,2,4,4,4,4,4,4,4,3,2,,,,1,1,1,1,1,1,1,4,3,2,2,1,1,4,1,1,3,3,4,3,3,5,5,12,,3,0,0,0,1,0,4,3,3,2,1,4,1,0,0,0,0,0,0,1,3,4,4,6,4,1,0,5,1679.81,4,,10,,5,6,10/20/2022 18:31:00,7,2,2,6,2,3,2,2,3,1,1,,4,1,3,2,3,5,,5,2,3,2,1,,"85344",0.439538389444351,1,2
874,"fvumt54fam58z9ks",10/20/2022 19:00:00,98,1,3,1,,0,0,0,0,1,0,0,1,1,2000,1,0,0,0,0,3,2,4,1,0,0,0,1,1,0,0,1,0,0,0,0,0,0,0,0,0,0,0,0,3,1,3,2,2,2,7,3,2,3,2,3,,,,,,,3,3,,,3,1,1,1,1,1,2,2,2,2,,,,1,1,1,1,1,1,4,4,4,2,2,2,2,2,2,2,2,2,2,2,3,2,4,12,,,1,0,0,0,0,2,1,2,1,3,2,1,0,0,0,0,0,0,1,4,4,4,4,1,0,1,5,549.04,4,,10,,5,6,10/20/2022 18:31:00,8,3,3,3,3,2,1,1,1,1,1,1,,2,3,3,1,6,3,,2,2,4,,2,"85138",0.641772270202637,1,3
875,"khkd11f1m60wd3yc",10/20/2022 18:45:00,3,2,3,5,2,0,1,0,0,0,0,0,1,2,2001,1,0,0,0,0,1,2,2,1,0,0,0,0,1,1,0,0,0,0,0,0,0,0,0,0,0,0,0,1,2,1,1,2,3,4,8,2,4,4,4,1,,,,,,,1,4,,,1,4,4,4,4,1,4,4,4,1,0,0,1,1,1,1,1,1,1,3,4,4,2,2,1,3,1,1,1,1,1,1,1,1,5,5,,,1,1,0,0,0,0,,,,,,4,1,0,0,0,0,0,0,4,4,4,4,2,1,0,1,3,740.17,4,,10,,5,6,10/20/2022 18:32:00,12,1,1,1,2,4,1,1,1,1,1,3,,1,1,4,1,10,1,,1,1,1,,2,"85131",0.880649983882904,2,1
876,"c0qr7tm5r4a64r2r",10/20/2022 19:17:00,98,1,3,1,,0,0,0,0,1,0,0,1,2,1989,0,1,0,0,0,3,1,1,1,0,0,0,0,0,0,1,1,0,0,0,0,1,0,0,0,0,0,0,0,2,2,1,3,1,2,10,2,4,2,5,2,,,,,,,2,3,,,2,4,4,4,4,4,4,4,4,1,0,1,0,2,2,1,1,4,1,2,1,2,2,2,1,2,4,4,4,4,4,4,4,3,1,5,12,,,1,0,0,0,0,1,1,1,2,3,1,1,0,0,0,0,0,0,3,4,4,4,1,2,1,0,5,2617.58,4,,10,,5,6,10/20/2022 18:33:00,8,1,2,1,2,3,1,1,2,2,3,,3,2,1,2,2,5,,1,1,2,2,1,,"85045",0.647396087646484,1,1
877,"x0q5zjcjwz91fwk5",10/20/2022 18:45:00,113,2,3,1,,0,0,0,0,1,0,0,1,2,2003,1,0,0,0,0,1,3,3,1,0,0,0,1,1,1,0,0,0,0,0,0,0,0,0,0,0,0,0,0,3,1,2,2,2,4,7,3,4,2,4,2,,,,,,,2,5,,,1,4,1,4,1,1,1,4,4,1,1,1,0,1,1,1,1,1,1,4,4,4,2,2,1,3,1,1,1,1,1,1,1,3,3,3,21,1,1,1,0,0,0,0,5,4,2,3,1,4,0,0,1,1,0,0,0,4,4,4,4,2,6,0,1,6,589.6,12,,13,,1,1,10/20/2022 18:35:00,3,2,1,1,1,4,2,2,1,2,2,3,,1,3,5,2,10,1,,1,1,2,,2,"86001",0.31439208984375,1,2
879,"safwprhzrhtvpwpq",10/20/2022 19:09:00,98,1,3,1,,0,0,0,0,1,0,0,1,2,1986,0,1,0,0,0,1,3,2,1,1,0,0,0,0,1,0,0,0,0,0,0,0,0,0,0,0,0,0,0,2,2,3,2,2,2,8,3,3,2,3,2,,,,,,,2,2,,,6,1,2,2,2,4,1,2,2,1,1,0,0,2,2,1,3,2,1,4,2,2,2,2,1,3,1,1,4,1,1,4,4,3,5,5,17,,2,0,0,0,1,0,2,2,1,2,3,2,1,0,0,0,0,0,0,1,2,3,3,6,4,1,0,5,1700.95,4,,10,,5,6,10/20/2022 18:40:00,8,1,6,6,6,6,2,2,2,3,3,,3,2,3,2,4,5,,5,3,1,3,1,,"85382",0.157079994678497,1,1
880,"sy7xy2ed3n724ybf",10/20/2022 18:58:00,4,2,3,1,,0,0,0,0,1,0,0,1,2,1984,0,1,0,0,0,1,3,2,1,0,0,0,0,0,1,0,0,0,0,0,1,0,1,0,0,0,0,0,0,2,1,1,2,2,3,5,1,5,1,5,3,,,,,,,1,3,,,1,2,2,1,3,1,2,2,2,2,,,,1,1,2,2,1,2,2,1,4,2,3,2,1,1,3,1,1,3,1,1,1,1,1,12,,3,1,0,0,0,0,1,2,3,2,1,1,0,0,0,1,0,0,0,2,4,1,1,1,2,0,1,4,970.44,12,,11,,1,1,10/20/2022 18:42:00,13,1,1,1,1,4,1,1,1,1,3,3,,2,1,1,1,8,1,,1,1,3,,2,"85621",0.497996956110001,1,1
881,"fwpc2ps8sv80kns8",10/20/2022 19:18:00,98,1,3,1,,0,0,0,0,1,0,0,1,2,1989,0,1,0,0,0,3,2,1,1,0,0,1,0,0,0,0,0,0,1,0,0,0,1,0,0,0,0,0,0,1,1,3,2,1,4,9,1,4,1,4,2,,,,,,,1,1,,,1,1,1,1,1,1,2,2,1,2,,,,1,1,1,1,1,2,3,3,3,1,1,2,3,1,1,1,1,1,1,1,1,1,1,12,,,1,0,0,0,0,1,2,1,2,3,1,1,0,0,0,0,0,0,1,1,1,1,1,1,1,0,5,2004.36,4,,10,,5,6,10/20/2022 18:44:00,8,1,1,1,1,4,1,2,2,1,2,,3,1,1,3,2,10,,5,2,1,2,2,,"85017",0.647396087646484,1,1
882,"kyy26n2geyf5r1mc",10/20/2022 18:59:00,113,2,3,1,,0,0,0,0,1,0,0,1,1,2004,1,0,0,0,0,1,2,1,1,0,0,0,0,0,0,0,0,0,1,0,0,0,0,0,0,0,1,0,0,2,3,1,4,2,3,5,2,5,6,3,2,,,,,,,4,5,,,6,4,2,4,2,1,4,4,4,2,,,,2,2,3,2,2,1,2,2,2,3,2,1,2,3,1,4,4,4,4,3,2,5,5,12,,1,1,0,0,0,0,1,2,1,2,3,3,0,1,0,0,0,0,0,3,3,4,4,6,3,1,0,6,789.38,12,,13,,1,1,10/20/2022 18:45:00,8,1,6,6,6,6,3,2,3,2,3,,3,2,3,2,3,5,,5,4,3,1,1,,"85326",0.391680032014847,1,1
885,"paxbth7mdzcbe5qs",10/20/2022 19:14:00,113,2,3,1,,0,0,0,0,1,0,0,1,1,1982,0,0,1,0,0,1,2,5,1,0,1,0,0,0,0,0,0,0,0,0,0,0,0,0,0,1,1,0,0,4,1,3,2,4,1,10,4,1,4,1,4,,,,,,,4,4,,,4,2,3,2,3,4,2,2,4,1,0,1,0,4,3,2,4,4,2,1,4,2,1,2,2,1,2,2,2,2,2,2,2,1,2,2,22,1,1,1,0,0,0,0,5,4,3,2,1,3,1,0,0,0,0,0,0,1,1,1,1,5,3,0,1,6,1115.75,12,,13,,1,1,10/20/2022 18:55:00,8,3,4,4,4,2,2,2,4,2,5,1,,1,3,2,3,0,5,,4,4,3,,2,"85034",0.342827081680298,1,3
888,"t2d24c332b1p9k19",10/20/2022 19:30:00,98,1,3,1,,0,0,0,0,1,0,0,1,2,1985,0,1,0,0,0,3,3,2,1,1,0,0,0,0,0,0,0,0,0,0,0,1,0,0,0,0,0,1,0,2,2,3,2,2,3,8,2,5,2,3,2,,,,,,,2,1,,,2,1,1,1,1,2,2,2,2,2,,,,2,2,2,2,2,2,2,3,2,2,2,1,2,1,1,1,1,1,1,1,2,3,3,12,,,1,0,0,0,0,1,1,2,1,3,2,1,0,0,0,0,0,0,3,3,4,3,2,2,0,1,5,1745.72,4,,10,,5,6,10/20/2022 19:00:00,11,1,2,2,2,3,1,2,2,2,2,2,,2,1,2,1,5,2,,2,2,2,,2,"85755",0.647396087646484,1,1
892,"7r07secf73pjdbeh",10/20/2022 19:28:00,98,1,3,3,1,1,0,0,0,0,0,0,1,1,1939,0,0,0,1,0,1,5,5,1,1,0,0,0,0,0,0,0,0,0,0,0,1,0,0,0,0,1,0,0,4,1,1,1,4,1,10,4,1,4,1,3,,,,,,,2,2,,,4,4,4,4,4,4,4,1,4,1,0,0,1,4,2,1,3,2,2,1,3,4,1,2,2,2,2,2,2,2,2,2,2,2,2,2,,,1,1,0,0,0,0,,,,,,1,1,0,0,0,0,0,0,1,1,1,1,4,3,1,0,5,1203.5,4,,10,,5,6,10/20/2022 19:07:00,8,3,4,4,4,1,1,1,2,2,2,,2,3,3,1,3,5,,5,4,3,1,2,,"85254",0.504157483577728,2,3
894,"fw2xc3hhf7vma6s8",10/20/2022 19:41:00,98,1,3,1,,0,0,0,0,1,0,0,1,2,1995,1,0,0,0,0,3,2,4,1,0,1,0,0,0,0,0,0,0,0,0,0,0,1,0,0,1,0,0,0,2,2,1,1,1,1,5,2,4,2,2,2,,,,,,,2,2,,,3,1,1,1,1,1,1,1,1,2,,,,1,1,3,1,1,1,1,1,1,2,2,2,2,3,3,3,3,3,3,3,2,1,2,12,,,1,0,0,0,0,1,1,2,1,3,4,0,0,0,1,0,0,0,1,1,3,3,4,3,0,1,5,1656.77,4,,10,,5,6,10/20/2022 19:13:00,11,3,4,3,3,3,2,2,2,2,2,2,,3,3,2,2,5,2,,4,3,2,,2,"85711",0.673860907554626,1,3
896,"8pakwa6m5465tzrk",10/20/2022 19:23:00,4,2,3,1,,0,0,0,0,1,0,0,1,2,1971,0,0,1,0,0,1,5,1,1,0,0,0,0,1,0,0,0,0,0,0,0,0,0,0,0,0,0,1,1,3,1,1,2,2,4,10,1,4,1,4,1,,,,,,,1,5,,,1,3,4,1,1,1,3,4,2,2,,,,1,1,1,1,1,2,2,4,4,2,3,1,3,1,1,1,1,1,1,1,3,1,1,12,,1,0,0,0,1,1,1,2,3,2,1,2,0,1,1,1,0,1,1,1,1,1,1,1,3,1,0,4,524.67,13,,11,,5,6,10/20/2022 19:14:00,11,1,1,5,1,4,2,2,1,2,1,,1,1,1,4,1,10,,1,1,1,2,2,,"85745",0.290095329284668,1,1
900,"b4bxvukugxgdjqfv",10/20/2022 19:54:00,98,1,3,2,,0,0,0,1,0,0,0,1,1,1975,0,0,1,0,0,1,2,5,1,1,0,0,0,0,0,0,1,0,0,0,0,0,0,0,0,1,0,0,0,4,1,2,1,4,1,10,4,1,4,1,4,,,,,,,4,3,,,4,4,4,4,2,4,4,1,4,2,,,,4,3,2,4,4,2,3,3,4,1,2,2,1,2,2,2,2,2,2,2,1,2,2,,,1,1,0,0,0,0,,,,,,1,1,0,0,0,0,0,0,1,4,1,4,4,3,0,1,5,1915.55,4,,10,,5,6,10/20/2022 19:16:00,12,3,4,4,4,1,2,2,4,1,5,1,,3,3,1,4,0,4,,4,4,1,,2,"85234",2.54473376274109,2,3
901,"qa1gakvf8x5u17rt",10/20/2022 19:43:00,98,1,3,1,,0,0,0,0,1,0,0,1,1,1965,0,0,1,0,0,3,1,3,1,1,0,0,0,0,0,1,0,0,0,0,0,0,0,0,1,0,0,0,0,2,2,3,1,2,2,7,2,5,2,2,2,,,,,,,2,2,,,6,4,4,2,2,4,4,4,1,2,,,,2,1,1,3,4,2,1,1,1,3,2,1,3,4,2,1,1,2,4,2,2,2,1,17,,,1,0,0,0,0,1,1,3,2,1,2,0,0,0,0,0,0,1,1,1,1,1,3,5,1,0,5,1553.88,4,,10,,5,6,10/20/2022 19:16:00,8,2,6,6,6,6,1,2,2,4,2,,2,1,3,1,3,10,,1,2,2,2,1,,"85043",0.212159976363182,1,2
903,"j5uhjw9gjb6xak6e",10/20/2022 19:51:00,98,1,3,2,,0,0,0,1,0,0,0,1,1,1952,0,0,0,1,0,3,5,5,1,0,0,0,0,0,0,0,0,0,0,0,0,0,0,1,0,1,1,0,0,4,1,3,1,4,1,10,4,1,4,1,4,,,,,,,5,2,,,4,1,1,1,4,1,4,1,4,1,0,1,0,4,3,1,4,3,3,4,2,1,1,1,2,1,2,2,4,2,2,2,2,1,2,2,,,,1,0,0,0,0,,,,,,1,1,0,0,0,0,0,0,1,1,1,1,5,6,1,0,5,1884.88,4,,10,,5,6,10/20/2022 19:18:00,9,3,4,4,4,4,1,1,4,4,5,,1,2,3,1,4,0,,5,4,4,1,1,,"86426",2.54473447799683,2,3
909,"0m9f8rx29p9ftnus",10/20/2022 19:56:00,98,1,3,1,,0,0,0,0,1,0,0,1,1,1987,0,1,0,0,0,3,4,1,1,0,0,1,0,0,1,0,0,0,0,0,0,1,0,0,0,0,0,0,0,1,3,1,4,2,4,0,4,3,1,4,5,,,,,,,1,5,,,1,4,3,2,4,2,3,2,4,2,,,,2,1,1,4,1,1,1,4,2,2,1,1,2,1,1,1,1,1,1,1,3,1,3,12,,,0,0,0,1,0,2,2,3,1,2,3,1,0,0,0,0,0,0,1,2,4,4,2,5,0,1,5,1911.25,4,,10,,5,6,10/20/2022 19:24:00,8,1,1,1,1,4,2,2,2,2,1,1,,2,3,1,3,8,2,,2,2,3,,2,"85029",0.560516059398651,1,1
910,"yf2uy0zw273f1mj6",10/20/2022 19:58:00,98,1,3,1,,0,0,0,0,1,0,0,1,2,1961,0,0,0,1,0,3,3,3,1,0,0,0,0,0,0,0,0,0,0,0,0,1,0,0,0,0,0,0,0,3,1,3,3,3,2,6,3,2,6,5,5,,,,,,,5,6,,,6,3,4,4,2,4,2,2,3,2,,,,1,2,1,1,3,2,2,4,1,2,3,1,2,2,2,4,4,2,2,4,2,4,2,12,,,0,0,0,1,0,1,1,1,2,3,2,1,0,0,0,0,0,0,1,2,4,4,3,2,0,1,5,1090.91,4,,10,,5,6,10/20/2022 19:27:00,8,2,3,3,3,2,1,2,1,2,3,2,,2,2,1,3,7,5,,2,2,2,,2,"85381",0.673860907554626,1,2
915,"gj66273gtrr26yu8",10/20/2022 19:56:00,4,2,3,2,,0,0,0,1,0,0,0,1,1,2003,1,0,0,0,0,1,3,4,1,1,1,0,0,0,0,0,0,0,0,0,0,1,0,0,0,0,0,0,0,3,2,1,3,3,2,8,4,3,4,2,3,,,,,,,3,4,,,3,3,2,3,1,2,3,4,4,2,,,,2,3,2,3,2,3,3,2,3,1,3,2,2,2,2,2,1,2,2,2,2,4,4,,,1,1,0,0,0,0,,,,,,3,0,0,0,0,0,0,1,2,3,4,4,4,3,1,0,4,1445.62,12,,13,,1,1,10/20/2022 19:31:00,8,3,3,2,3,3,2,1,3,2,3,,2,2,3,3,2,4,,3,2,3,2,1,,"85249",2.72943449020386,2,3
916,"eyp1vntc7v7envv2",10/20/2022 20:15:00,98,1,3,2,,0,0,0,1,0,0,0,1,2,1939,0,0,0,1,0,1,2,3,1,1,0,0,0,0,0,0,0,0,0,0,0,0,0,0,0,0,1,1,0,4,1,1,2,4,2,6,4,1,4,2,4,,,,,,,5,2,,,4,4,3,4,4,4,1,1,4,2,,,,3,3,2,2,2,3,4,3,2,2,2,2,1,4,2,4,4,4,4,2,1,2,2,,,1,1,0,0,0,0,,,,,,2,1,0,0,0,0,0,0,1,3,1,1,5,2,0,1,5,2474.22,4,,10,,5,6,10/20/2022 19:33:00,8,2,4,4,4,6,1,1,4,2,4,1,,2,2,2,2,0,4,,3,4,1,,2,"85024",2.41749739646912,2,2
918,"ftsjwyyqd5ua40sv",10/20/2022 19:49:00,3,2,3,1,,0,0,0,0,1,0,0,1,2,2001,1,0,0,0,0,1,1,3,1,0,0,0,1,0,0,0,0,1,0,0,0,0,1,0,0,0,0,0,0,2,1,3,3,2,3,6,2,6,5,5,3,,,,,,,3,4,,,2,4,3,4,2,1,4,4,4,2,,,,2,3,2,3,2,3,2,2,2,3,1,2,2,3,4,4,4,4,3,4,3,5,5,12,,3,1,0,0,0,0,6,4,3,2,1,2,0,0,1,1,1,0,1,4,4,2,1,1,1,1,0,3,680.04,12,,13,,1,1,10/20/2022 19:35:00,8,2,5,5,5,5,1,2,2,2,2,,3,3,3,3,3,5,,4,2,3,2,2,,"85007",0.24675840139389,1,2
919,"rs929epxxg0bm9dp",10/20/2022 19:51:00,3,2,3,1,,0,0,0,0,1,0,0,1,2,1993,1,0,0,0,0,1,2,3,1,1,1,0,0,1,0,0,0,0,0,0,0,0,0,0,0,0,0,0,0,3,3,2,3,3,4,2,3,2,2,2,3,,,,,,,3,3,,,2,4,1,4,1,1,2,4,4,2,,,,1,1,1,4,1,4,4,1,2,2,2,2,1,4,4,4,4,4,4,4,4,3,3,12,,3,0,1,0,0,0,2,2,1,2,3,1,0,0,0,0,1,1,0,4,4,4,4,3,4,1,0,3,950.62,12,,13,,1,1,10/20/2022 19:35:00,8,2,2,2,2,3,1,1,1,1,1,,5,2,3,1,4,4,,1,1,2,3,1,,"85353",0.452724546194077,1,2
920,"sde30kuj0k73380f",10/20/2022 19:50:00,3,2,3,5,2,0,1,0,0,0,0,0,1,2,1981,0,0,1,0,0,1,3,1,1,1,0,0,0,0,0,0,0,0,1,0,1,0,0,0,0,0,0,0,0,1,1,1,2,2,4,7,1,4,1,4,2,,,,,,,1,3,,,1,4,4,1,1,3,2,4,4,1,1,0,0,1,2,1,1,1,1,1,4,4,3,2,1,3,3,2,1,1,1,1,1,4,1,1,,,1,1,0,0,0,0,,,,,,3,0,1,1,0,0,0,0,1,2,1,2,2,6,1,0,3,893.86,12,,13,,1,1,10/20/2022 19:35:00,8,1,1,1,1,6,2,2,1,1,5,,5,1,1,4,3,10,,5,1,1,2,2,,"85382",0.880649983882904,2,1
921,"n7b9ed8qgmh570uz",10/20/2022 20:09:00,98,1,3,3,1,1,0,0,0,0,0,0,1,2,1987,0,1,0,0,0,1,5,1,1,0,0,1,0,0,0,0,0,0,0,0,0,0,0,0,0,0,0,0,0,1,1,3,2,1,3,8,1,4,2,3,2,,,,,,,2,3,,,1,4,2,1,3,1,2,2,4,2,,,,1,1,1,1,1,1,4,4,4,1,2,2,3,1,1,1,1,1,1,1,2,1,1,,,1,1,0,0,0,0,,,,,,1,0,0,1,0,0,0,0,1,1,1,1,1,4,0,1,5,1953,4,,10,,5,6,10/20/2022 19:36:00,8,1,1,1,1,3,2,2,2,2,2,2,,2,3,2,2,10,1,,2,2,1,,1,"85338",0.440324991941452,2,1
922,"pr0eqr9z6rfh4vkx",10/20/2022 20:10:00,98,1,3,6,1,0,0,0,0,0,1,0,1,1,1990,0,1,0,0,0,1,5,6,1,0,1,0,1,0,0,0,0,0,0,0,0,0,0,0,0,1,0,0,0,4,1,1,3,4,4,7,4,4,4,3,4,,,,,,,5,5,,,6,3,1,2,1,4,2,1,4,2,,,,4,2,1,3,1,2,4,4,3,2,3,1,1,4,4,4,4,4,4,4,3,5,5,,,1,1,0,0,0,0,,,,,,3,1,0,0,0,0,0,0,1,1,1,1,6,3,1,0,5,1965.42,4,,10,,5,6,10/20/2022 19:36:00,8,2,6,6,6,6,2,2,1,2,3,,3,1,3,2,2,5,,5,3,2,2,1,,"85301",0.800000011920929,2,2
923,"d4sd4unmxngsjwa3",10/20/2022 20:08:00,113,2,3,1,,0,0,0,0,1,0,0,1,2,2000,1,0,0,0,0,1,2,3,1,1,0,0,1,0,0,1,0,0,0,0,0,0,0,0,0,0,0,0,0,3,3,1,2,3,3,5,4,4,4,4,5,,,,,,,4,5,,,2,4,2,1,1,1,4,3,4,2,,,,2,2,1,3,1,3,1,2,1,3,2,2,1,4,4,1,4,4,1,1,4,1,1,1,,3,1,0,0,0,0,1,2,3,1,2,4,1,0,0,0,0,0,0,1,1,2,3,1,5,0,1,6,1884.97,14,,10,,1,2,10/20/2022 19:37:00,8,2,2,6,6,5,2,2,1,1,3,2,,1,3,3,3,5,3,,1,2,2,,2,"85281",0.305235028266907,1,2
926,"1efv8seqq0jajape",10/20/2022 20:25:00,98,1,3,2,,0,0,0,1,0,0,0,1,2,1966,0,0,1,0,0,1,6,5,1,0,1,0,1,0,0,0,0,0,0,0,1,0,0,0,0,0,0,0,0,4,1,3,2,1,1,10,4,1,4,1,4,,,,,,,4,4,,,4,4,1,1,1,2,4,4,4,2,,,,1,1,1,4,4,1,4,4,4,2,2,1,1,2,2,2,2,2,2,2,1,2,2,,,1,1,0,0,0,0,,,,,,1,0,0,0,1,0,0,0,1,1,1,1,4,5,0,1,5,2412.18,4,,10,,5,6,10/20/2022 19:44:00,11,3,4,4,4,1,1,1,2,1,2,1,,1,3,5,1,0,4,,2,4,1,,2,"85741",2.41749739646912,2,3
930,"k42qz7nqr5qvkgny",10/20/2022 20:26:00,98,1,3,2,,0,0,0,1,0,0,0,1,1,1991,0,1,0,0,0,1,5,3,1,1,1,0,0,0,0,1,0,0,0,0,0,0,0,0,0,0,0,0,0,4,1,1,2,3,3,10,3,2,3,2,3,,,,,,,3,3,,,3,4,2,1,2,1,3,3,4,1,0,0,1,4,2,2,1,2,2,3,4,4,2,3,2,1,2,2,2,2,2,4,4,2,2,2,,,1,1,0,0,0,0,,,,,,2,1,0,0,0,0,0,0,1,1,2,2,4,1,0,1,5,1938.57,4,,10,,5,6,10/20/2022 19:52:00,8,2,3,3,3,2,1,1,2,1,2,2,,1,3,3,1,5,2,,1,3,2,,2,"85296",2.31339454650879,2,2
933,"b75nsjgfza558ez6",10/20/2022 20:24:00,4,2,3,1,,0,0,0,0,1,0,0,1,2,1975,0,0,1,0,0,1,3,1,1,1,0,0,0,1,0,0,0,0,0,0,0,0,0,0,0,0,0,1,0,2,1,2,1,2,3,10,2,4,1,4,1,,,,,,,1,2,,,1,4,2,4,1,3,2,4,4,2,,,,1,2,1,1,1,1,1,2,4,2,3,1,3,1,1,1,1,1,1,1,2,1,1,21,2,1,0,0,0,1,0,4,4,3,1,2,3,0,0,1,0,0,0,0,1,1,1,2,1,4,0,1,4,1590.16,14,,10,,1,2,10/20/2022 19:57:00,11,1,1,1,1,3,1,2,2,2,1,3,,1,3,3,5,10,1,,1,1,3,,2,"85711",0.345831274986267,1,1
934,"kth56unvu1dc26wy",10/20/2022 20:17:00,113,2,3,1,,0,0,0,0,1,0,0,1,1,2000,1,0,0,0,0,1,3,1,1,1,0,1,0,0,0,0,0,0,0,0,1,0,0,0,0,0,0,0,0,3,3,1,2,2,1,6,3,3,3,2,1,,,,,,,3,2,,,3,4,1,1,1,1,3,3,3,1,1,0,0,1,1,1,4,1,1,1,1,4,2,3,1,2,1,2,1,1,2,1,2,2,2,2,12,,1,0,0,0,1,0,3,4,3,1,2,4,0,0,1,0,0,0,0,4,4,4,4,2,4,1,0,6,1116.35,12,,13,,1,1,10/20/2022 19:57:00,12,1,3,3,2,3,1,1,2,2,3,,1,2,1,2,1,10,,5,1,1,1,2,,"85123",0.493671059608459,1,1
935,"a6154kbj0c1ywth2",10/20/2022 20:03:00,113,2,3,1,,0,0,0,0,1,0,0,1,1,2001,1,0,0,0,0,1,2,1,1,0,0,0,0,0,0,0,0,0,0,0,0,1,0,0,0,0,0,1,0,2,3,1,1,2,2,6,2,3,3,2,2,,,,,,,1,2,,,4,1,2,1,1,1,1,1,1,1,1,1,0,1,2,2,2,1,2,2,1,2,1,2,1,1,1,1,1,1,1,2,2,1,2,2,20,,2,0,1,0,0,0,2,1,1,2,3,1,0,1,0,0,0,0,0,1,2,2,2,2,2,0,1,6,272,12,,13,,1,1,10/20/2022 19:58:00,4,1,3,4,4,3,1,1,1,1,2,1,,2,1,2,5,10,3,,2,1,2,,2,"85022",0.342827081680298,1,1
936,"q0v1035dgcwuuy7v",10/20/2022 20:29:00,98,1,3,1,,0,0,0,0,1,0,0,1,1,1990,0,1,0,0,0,3,2,2,1,0,0,0,0,0,0,0,0,0,0,0,0,1,1,0,0,0,0,1,0,2,2,3,2,2,3,9,2,5,2,3,2,,,,,,,2,2,,,2,1,1,1,1,2,3,3,3,2,,,,2,2,2,2,2,2,3,3,2,2,3,2,2,1,1,1,1,1,1,1,2,3,3,12,,,1,0,0,0,0,1,1,1,2,3,1,1,0,0,0,0,0,0,2,3,3,3,2,2,1,0,5,1831.73,4,,10,,5,6,10/20/2022 19:58:00,8,1,2,2,2,3,2,1,1,1,2,,2,1,1,2,2,5,,2,3,2,2,1,,"85041",0.560516059398651,1,1
937,"1cqp08y5f6h00td8",10/20/2022 20:28:00,98,1,3,2,,0,0,0,1,0,0,0,1,2,1987,0,1,0,0,0,1,3,1,1,0,0,0,0,1,0,0,0,0,1,0,1,0,0,0,0,0,0,0,0,2,1,1,1,1,4,10,2,4,2,4,2,,,,,,,2,4,,,1,4,4,3,4,4,2,4,4,1,1,0,0,2,1,1,1,1,1,2,4,4,1,3,1,3,3,3,1,1,3,1,1,2,1,1,,,1,0,0,0,1,1,,,,,,2,0,1,0,1,0,0,0,1,1,1,1,2,6,1,0,5,1792.94,4,,10,,5,6,10/20/2022 19:58:00,8,1,1,1,1,4,2,1,1,1,3,,2,1,3,5,2,10,,5,1,1,2,2,,"85373",1.91946589946747,2,1
939,"2189h4cc5sqf5cp0",10/20/2022 20:33:00,98,1,3,1,,0,0,0,0,1,0,0,1,2,1944,0,0,0,1,0,3,1,3,1,0,0,0,0,0,0,0,1,0,0,0,0,0,0,0,0,0,0,1,0,2,1,1,4,4,3,5,6,6,6,6,6,,,,,,,6,5,,,6,4,4,4,4,4,3,3,4,2,,,,2,4,1,1,2,2,1,4,1,3,2,1,3,4,1,4,2,1,4,4,3,5,5,12,,,1,0,0,0,0,1,4,1,2,3,2,1,0,0,0,0,0,0,1,4,4,4,3,2,0,1,5,1768.72,4,,10,,5,6,10/20/2022 20:02:00,11,2,6,6,6,6,4,1,2,1,3,5,,1,3,3,1,10,1,,3,1,3,,2,"89629",0.534643173217773,1,2
940,"ee1rqq25wyner20a",10/20/2022 20:30:00,98,1,3,3,1,1,0,0,0,0,0,0,1,1,1992,0,1,0,0,0,1,4,1,1,0,1,0,0,0,0,0,0,0,0,1,0,0,0,0,0,1,0,0,0,1,1,1,1,1,4,10,1,4,1,4,1,,,,,,,1,1,,,1,2,2,1,1,2,1,2,4,1,0,1,0,1,1,1,1,1,1,2,1,2,2,1,1,3,1,1,1,1,3,4,1,1,1,1,,,1,1,0,0,0,0,,,,,,1,1,0,0,0,0,0,0,1,1,1,4,1,3,1,0,5,1628.06,4,,10,,5,6,10/20/2022 20:02:00,15,1,1,1,1,4,1,1,1,1,1,,2,1,3,1,1,10,,1,2,3,1,2,,"85365",0.440324991941452,2,1
943,"s90r12y8fek0ftg7",10/20/2022 20:15:00,3,2,3,1,,0,0,0,0,1,0,0,1,2,1995,1,0,0,0,0,1,3,2,1,1,0,1,0,0,0,0,0,0,0,0,0,0,0,0,0,0,0,0,0,2,3,1,3,2,3,5,2,4,2,3,2,,,,,,,2,5,,,2,4,1,1,1,1,3,3,4,1,1,0,0,1,1,1,1,1,1,1,4,2,1,2,1,2,1,1,1,1,1,1,1,2,1,1,12,,2,0,0,0,1,0,1,2,2,1,3,2,0,1,0,0,0,0,0,1,1,1,2,2,1,0,1,3,495.98,12,,13,,1,1,10/20/2022 20:06:00,8,1,1,1,1,6,1,2,2,2,3,2,,2,2,1,4,4,2,,2,2,1,,2,"85033",0.497996956110001,1,1
955,"f6556988uhurpbku",10/20/2022 20:23:00,113,2,3,2,,0,0,0,1,0,0,0,1,1,1964,0,0,1,0,0,1,2,1,1,1,0,0,0,0,0,0,0,0,0,0,0,1,0,0,0,0,0,1,0,1,1,1,2,1,1,9,1,4,2,4,2,,,,,,,1,4,,,1,4,4,3,4,4,4,4,4,2,,,,1,1,1,2,1,1,2,4,4,2,3,1,3,1,1,1,1,1,1,1,3,1,1,,,1,0,0,0,0,1,,,,,,4,0,0,1,0,0,0,0,1,1,1,1,1,4,1,0,6,567.86,4,,10,,5,6,10/20/2022 20:14:00,11,1,1,1,1,3,2,2,2,2,1,,5,1,1,3,3,10,,5,1,1,2,2,,"85710",1.72751927375793,2,1
957,"9733p0sreyb0ydce",10/20/2022 20:29:00,3,2,3,1,,0,0,0,0,1,0,0,1,2,1998,1,0,0,0,0,1,3,5,1,1,0,0,0,0,0,0,1,0,0,0,0,0,0,0,1,0,0,0,0,4,1,1,4,3,2,9,4,1,4,1,4,,,,,,,3,2,,,4,4,1,2,1,4,4,3,4,1,0,0,1,4,2,2,4,3,1,1,2,2,3,2,2,1,2,2,3,3,2,2,2,1,2,2,12,,3,1,0,0,0,0,6,3,3,2,1,1,1,0,0,0,0,0,0,1,1,1,3,5,2,0,1,3,812.12,12,,13,,1,1,10/20/2022 20:15:00,8,3,4,4,4,1,2,2,3,3,2,1,,1,3,1,1,3,5,,2,4,1,,2,"85302",0.518354594707489,1,3
960,"4tqguwz4vjbydfue",10/20/2022 20:47:00,98,1,3,3,1,1,0,0,0,0,0,0,1,2,1949,0,0,0,1,0,1,5,3,1,1,0,0,0,0,0,0,0,0,0,0,0,0,0,0,0,0,0,0,0,1,1,3,3,1,4,10,1,4,2,4,2,,,,,,,1,5,,,1,3,4,4,4,4,1,1,1,1,1,1,0,2,2,1,1,2,1,3,2,3,2,1,1,2,1,1,1,1,2,1,4,3,1,1,,,3,1,0,0,0,0,,,,,,2,0,1,0,0,0,0,1,1,1,1,1,2,2,1,0,5,1387.05,4,,10,,5,6,10/20/2022 20:16:00,8,2,1,1,1,3,1,1,1,1,1,,2,1,2,2,2,10,,2,1,3,1,2,,"85302",0.440324991941452,2,2
961,"tue6utjmnwsk3p81",10/20/2022 20:57:00,98,1,3,6,1,0,0,0,0,0,1,0,1,1,1984,0,1,0,0,0,3,5,3,1,0,0,0,0,0,0,0,0,0,0,1,1,0,1,0,0,0,0,0,0,2,1,2,1,2,4,5,2,4,6,4,2,,,,,,,1,4,,,1,4,1,2,3,2,4,4,4,1,1,0,0,2,1,1,3,1,2,1,4,4,3,1,1,3,1,4,1,1,4,1,4,3,1,1,,,,1,0,0,0,0,,,,,,3,0,1,0,0,0,0,0,1,1,1,1,1,6,0,1,5,2204.07,4,,10,,5,6,10/20/2022 20:17:00,8,2,1,1,1,1,3,2,3,2,4,2,,2,1,2,1,10,1,,1,1,2,,2,"85042",0.880649983882904,2,2
962,"9apmahymxj1b7w06",10/20/2022 20:22:00,113,2,3,1,,0,0,0,0,1,0,0,1,1,2003,1,0,0,0,0,1,5,1,1,0,1,0,0,0,0,0,0,0,0,0,0,0,0,0,0,0,0,0,1,1,2,2,2,1,1,6,3,2,3,1,2,,,,,,,3,3,,,2,1,1,1,1,1,1,1,1,1,1,1,0,1,1,2,2,3,2,2,1,2,1,2,1,2,1,2,4,2,2,3,1,2,2,2,21,1,2,0,0,1,1,0,1,1,1,2,3,2,1,0,0,0,0,0,0,2,4,4,2,2,3,0,1,6,266.85,12,,13,,1,1,10/20/2022 20:18:00,14,1,5,3,3,2,1,2,1,2,3,2,,2,2,2,2,4,2,,2,2,2,,1,"85072",0.261201590299606,1,1
965,"akkmunudftf09h1d",10/20/2022 20:32:00,3,2,3,1,,0,0,0,0,1,0,0,1,2,1965,0,0,1,0,0,1,3,5,1,1,1,0,0,0,0,0,1,0,0,0,0,0,0,0,0,0,0,0,0,4,1,1,1,4,1,10,4,1,4,2,4,,,,,,,4,3,,,4,4,2,1,3,1,4,1,4,1,0,1,0,3,4,2,3,4,2,1,1,1,1,2,2,1,2,2,2,2,2,2,2,1,2,2,12,,3,0,0,1,0,0,4,4,3,2,1,2,1,0,0,0,0,0,0,1,1,1,1,5,5,1,0,3,663.2,12,,13,,1,1,10/20/2022 20:21:00,11,3,4,4,4,1,1,1,4,4,4,,1,3,3,1,4,1,,2,3,4,2,1,,"85614",0.518354594707489,1,3
969,"ghw6y8qdcnqbcb8v",10/20/2022 20:44:00,3,2,3,2,,0,0,0,1,0,0,0,1,2,1993,1,0,0,0,0,1,4,5,1,0,0,0,0,0,0,0,0,0,1,0,0,0,0,0,1,0,1,0,0,4,1,2,1,4,1,10,4,1,4,1,4,,,,,,,3,6,,,4,4,3,1,1,1,1,1,4,1,0,1,0,2,2,2,3,2,2,3,2,2,1,2,1,1,2,2,2,2,2,3,2,1,2,2,,,1,1,0,0,0,0,,,,,,1,0,0,1,0,0,0,0,1,1,1,1,4,2,0,1,3,1255.62,13,,11,,5,6,10/20/2022 20:23:00,8,3,4,4,4,1,2,2,3,2,3,2,,2,1,1,2,0,4,,3,3,2,,2,"85345",2.41749739646912,2,3
972,"w0fw6eattyx480rj",10/20/2022 20:59:00,98,1,3,3,1,1,0,0,0,0,0,0,1,1,1998,1,0,0,0,0,1,4,3,1,1,0,0,0,0,0,0,0,0,1,0,0,0,0,0,0,0,0,1,0,2,1,3,3,1,4,7,3,4,2,2,2,,,,,,,5,5,,,2,4,4,3,2,1,2,2,4,2,,,,1,1,2,2,2,1,2,2,3,2,2,1,2,3,2,1,1,2,1,1,2,1,3,,,1,1,0,0,0,0,,,,,,2,0,0,1,0,0,0,0,1,4,4,4,2,4,0,1,5,1745.09,4,,10,,5,6,10/20/2022 20:26:00,9,2,2,2,1,4,2,2,2,2,2,1,,1,1,2,2,8,1,,2,1,1,,2,"86406",0.440324991941452,2,2
973,"hhzdeb2zv9quv8fe",10/20/2022 20:53:00,98,1,3,2,,0,0,0,1,0,0,0,1,1,1990,0,1,0,0,0,1,2,3,1,1,0,0,0,1,0,0,0,0,0,0,0,0,0,1,0,0,0,0,0,3,2,1,3,3,4,5,2,3,2,3,2,,,,,,,2,2,,,5,4,4,4,4,4,4,4,4,1,0,0,1,1,1,2,1,2,1,1,2,3,2,3,1,1,4,4,4,4,4,4,4,3,5,5,,,1,1,0,0,0,0,,,,,,4,1,0,0,0,0,0,0,1,1,4,4,6,3,1,0,5,1498.26,4,,10,,5,6,10/20/2022 20:26:00,11,2,2,5,2,3,2,2,2,2,2,,3,1,3,3,2,5,,5,2,1,1,2,,"85718",1.11813545227051,2,2
974,"nsa71jp5tb389tav",10/20/2022 20:39:00,4,2,3,1,,0,0,0,0,1,0,0,1,2,1979,0,0,1,0,0,1,3,6,1,1,1,0,0,0,1,0,0,0,0,0,0,0,0,0,0,0,0,0,0,2,2,3,2,3,4,5,2,5,5,6,2,,,,,,,6,6,,,2,3,1,1,1,1,1,1,3,2,,,,1,2,1,1,1,2,3,4,3,2,3,2,1,4,4,4,4,4,4,4,2,5,5,21,1,3,1,0,0,0,0,5,3,1,2,3,1,0,1,0,0,0,0,0,4,4,4,4,3,3,1,0,4,699.51,14,,10,,1,2,10/20/2022 20:26:00,8,2,6,6,6,6,2,2,1,1,1,,1,2,1,2,3,5,,1,1,1,2,2,,"85209",0.285600006580353,1,2
978,"w10w2ya96x6a6px9",10/20/2022 20:44:00,113,2,3,1,,0,0,0,0,1,0,0,1,1,1989,0,1,0,0,0,1,5,3,1,0,0,1,0,1,0,0,0,0,0,0,0,0,1,0,0,0,0,0,0,2,1,1,3,3,4,10,2,4,2,4,2,,,,,,,2,3,,,2,4,4,4,3,4,2,4,3,1,0,0,1,1,2,1,2,2,1,2,4,3,3,3,1,3,1,4,4,1,3,1,1,3,1,1,12,,2,1,0,0,0,0,3,3,1,3,2,3,0,0,0,1,0,0,0,1,4,1,3,2,4,0,1,6,961.35,12,,13,,1,1,10/20/2022 20:28:00,8,2,1,1,1,4,2,2,3,2,2,2,,1,3,2,1,10,1,,1,1,1,,2,"85014",0.517399489879608,1,2
979,"tym7jvhs5ekcx77c",10/20/2022 20:55:00,3,2,3,1,,0,0,0,0,1,0,0,1,2,1993,1,0,0,0,0,1,3,3,1,0,0,1,1,0,1,0,0,0,0,0,0,0,0,0,0,0,0,0,0,3,1,1,3,3,3,5,5,4,2,3,3,,,,,,,2,5,,,6,4,2,1,2,2,4,4,4,1,0,0,1,1,2,2,1,1,2,1,3,1,3,3,2,2,4,3,3,3,4,4,4,3,3,5,9,,2,1,0,0,0,0,5,3,3,1,2,2,0,1,0,0,0,0,0,1,3,3,2,3,2,1,0,3,1544.75,14,,10,,1,2,10/20/2022 20:28:00,11,2,2,6,3,6,1,1,2,1,2,,3,1,3,2,3,5,,2,1,3,1,1,,"85641",0.305235028266907,1,2
982,"53dq7s3j4qbggkcb",10/20/2022 20:57:00,98,1,3,3,1,1,0,0,0,0,0,0,1,1,1990,0,1,0,0,0,1,5,3,1,0,0,0,1,0,0,0,0,1,0,0,0,0,0,0,0,0,0,1,0,2,2,2,2,2,2,8,2,2,2,1,2,,,,,,,2,2,,,4,1,1,2,1,1,1,1,1,2,,,,3,3,2,3,3,2,3,3,3,1,2,1,3,2,3,2,2,2,3,2,3,2,2,,,1,1,0,0,0,0,,,,,,2,1,0,0,0,0,0,0,2,1,1,2,5,1,1,0,5,1585.86,4,,10,,5,6,10/20/2022 20:30:00,1,2,4,4,4,1,2,1,2,1,1,,3,2,1,2,2,6,,2,2,2,3,2,,"85541",0.504157483577728,2,2
984,"z05r6kyy2pejkt1m",10/20/2022 20:49:00,98,1,3,2,,0,0,0,1,0,0,0,1,2,1969,0,0,1,0,0,1,5,1,1,1,0,0,0,0,0,0,0,0,0,0,0,0,0,0,0,0,0,1,0,1,1,3,1,1,2,10,1,2,2,2,1,,,,,,,2,2,,,1,1,1,1,1,1,2,2,2,1,1,0,0,2,3,2,3,3,3,3,3,3,1,1,1,2,3,3,1,1,1,3,3,1,1,2,,,1,1,0,0,0,0,,,,,,1,1,0,0,0,0,0,0,1,1,1,1,1,2,0,1,5,1039.45,4,,10,,5,6,10/20/2022 20:30:00,8,1,2,2,2,2,2,1,1,2,2,2,,2,1,2,1,9,2,,3,2,2,,1,"85138",1.91946601867676,2,1
985,"ys32jd4bsacnb5vv",10/20/2022 20:50:00,113,2,3,1,,0,0,0,0,1,0,0,1,2,1963,0,0,1,0,0,1,2,5,1,1,0,0,0,0,0,0,0,0,0,1,0,0,0,0,0,0,1,0,0,3,1,2,2,2,2,9,4,1,4,1,4,,,,,,,4,4,,,4,1,2,1,1,1,1,1,1,2,,,,3,3,1,4,4,3,3,3,1,2,3,1,1,2,2,2,2,2,2,2,3,2,2,12,,1,1,0,0,0,0,1,1,2,3,1,1,1,0,0,0,0,0,0,1,2,1,1,5,2,1,0,6,1077.12,14,,10,,1,2,10/20/2022 20:31:00,11,3,4,4,4,2,2,2,2,2,2,,2,2,3,2,4,7,,3,1,3,2,1,,"85745",0.518354594707489,1,3
987,"pvv34stbc1nutmg2",10/20/2022 20:41:00,113,2,3,1,,0,0,0,0,1,0,0,1,2,2000,1,0,0,0,0,2,2,2,1,0,0,0,0,0,0,0,0,0,1,0,0,0,1,0,0,0,1,0,0,2,1,3,2,1,3,6,2,4,1,4,1,,,,,,,2,6,,,1,2,3,1,2,2,1,2,1,1,1,0,0,1,1,1,1,1,1,3,4,2,2,3,2,2,1,1,1,1,1,1,1,1,1,1,17,,,0,1,1,1,1,1,1,2,1,3,2,0,1,1,0,1,0,1,1,1,1,1,2,1,1,0,6,539.17,12,,13,,1,1,10/20/2022 20:32:00,11,1,1,1,1,4,1,1,1,1,1,,3,1,1,3,1,10,,1,1,1,3,2,,"85626",0.0864578187465668,1,1
988,"dxa1buxkrq312mtg",10/20/2022 20:43:00,3,2,3,1,,0,0,0,0,1,0,0,1,2,1992,0,1,0,0,0,1,5,4,1,1,0,0,0,0,0,0,1,0,0,0,0,1,0,0,0,0,0,0,0,4,1,1,3,4,3,9,4,2,4,2,4,,,,,,,2,5,,,3,4,1,1,1,1,2,2,4,1,0,1,0,1,3,1,2,2,3,1,2,1,1,3,1,3,2,2,3,3,2,1,4,2,2,2,12,,3,0,0,0,0,1,2,3,1,3,2,3,0,1,0,1,0,0,0,1,3,1,3,4,4,0,1,3,659.19,12,,13,,1,1,10/20/2022 20:32:00,11,3,2,2,3,6,1,1,3,1,3,1,,2,1,1,3,5,5,,3,3,1,,2,"85706",0.452724546194077,1,3
1012,"qvrmbu02y5s6gdkk",10/20/2022 21:18:00,113,2,3,1,,0,0,0,0,1,0,0,1,1,1978,0,0,1,0,0,1,1,3,1,0,0,0,0,0,0,0,0,0,0,0,1,0,1,0,0,0,0,1,0,2,1,2,3,1,1,5,2,4,2,4,1,,,,,,,1,1,,,2,4,1,1,1,4,1,2,2,1,0,1,0,1,1,1,4,1,1,4,4,4,3,2,1,3,3,2,1,1,3,4,2,3,1,1,12,,1,0,0,0,0,1,1,3,3,2,1,2,1,0,0,0,0,0,0,1,1,2,2,2,4,1,0,6,1876.06,14,,10,,1,2,10/20/2022 20:46:00,8,2,1,3,6,3,2,1,1,2,4,,3,3,3,1,2,5,,1,1,1,1,1,,"85031",0.482387095689774,1,2
1032,"r06wme4zrekpav66",10/20/2022 21:17:00,4,2,3,1,,0,0,0,0,1,0,0,1,1,1972,0,0,1,0,0,1,2,3,1,1,0,1,0,0,0,0,1,0,0,0,0,0,0,0,0,0,0,0,0,4,1,3,2,3,2,10,4,1,4,3,6,,,,,,,5,5,,,6,4,1,1,1,1,1,1,1,2,,,,1,3,1,3,1,1,1,1,1,2,3,1,2,4,2,2,4,2,4,2,1,2,2,12,,1,0,0,0,1,0,1,1,3,2,1,3,0,0,1,0,0,0,0,1,1,1,1,4,1,0,1,4,1102.36,13,,10,,5,6,10/20/2022 20:55:00,11,2,6,6,6,6,1,2,3,2,2,5,,1,1,1,1,5,3,,1,4,2,,2,"85705",0.470016032457352,1,2
1036,"3c4g07sdh6cnv2ny",10/20/2022 21:51:00,113,2,3,1,,0,0,0,0,1,0,0,1,1,1974,0,0,1,0,0,1,3,2,1,1,0,1,0,0,0,0,0,0,0,0,0,0,1,0,0,0,0,0,0,3,2,1,3,2,3,7,3,4,3,3,2,,,,,,,2,4,,,2,4,2,1,2,1,3,3,4,2,,,,1,1,1,1,1,1,2,4,2,2,3,1,3,1,1,1,1,1,1,1,3,1,3,12,,1,1,0,0,0,0,6,4,3,1,2,4,1,0,0,0,0,0,0,1,4,4,4,2,3,1,0,6,836.45,12,,13,,1,1,10/20/2022 21:37:00,3,1,2,1,1,6,1,2,2,1,1,,2,1,3,1,5,10,,1,1,1,1,2,,"86004",0.431166261434555,1,1
1038,"ktjktf79ut1wa961",10/20/2022 22:04:00,4,2,3,1,,0,0,0,0,1,0,0,1,1,1980,0,0,1,0,0,1,5,3,1,1,0,0,0,0,0,0,0,0,0,0,0,0,0,0,0,0,0,0,0,4,1,1,1,4,4,7,4,4,4,4,4,,,,,,,2,2,,,6,4,3,4,3,4,4,4,4,1,1,1,0,2,2,2,3,2,2,3,3,3,2,2,1,3,4,4,4,4,4,4,4,3,1,5,12,,1,1,0,0,0,0,6,2,2,3,1,2,1,0,0,0,0,0,0,1,4,4,4,3,6,1,0,4,768.75,12,,11,,1,1,10/20/2022 21:51:00,8,2,1,1,1,6,2,2,3,2,4,,3,1,3,2,3,9,,5,1,2,2,2,,"85345",0.517399489879608,1,2
1040,"p4kpks63hupvh17z",10/20/2022 21:59:00,3,2,3,1,,0,0,0,0,1,0,0,1,1,1995,1,0,0,0,0,1,5,3,1,0,0,0,0,0,0,1,1,0,0,0,0,0,0,0,0,0,1,0,0,2,1,1,1,3,3,9,2,4,1,3,4,,,,,,,1,1,,,3,3,1,1,1,1,1,2,3,1,1,0,0,3,3,2,1,1,1,2,2,2,2,2,1,1,1,4,1,2,1,1,1,1,1,1,8,,1,0,0,0,1,1,2,2,3,1,2,2,1,0,0,0,0,0,0,1,1,1,1,3,5,0,1,3,384.56,12,,11,,1,1,10/20/2022 21:52:00,11,2,1,3,2,2,2,1,1,2,1,1,,1,2,1,2,8,1,,1,1,1,,1,"85743",0.334991067647934,1,2
1045,"6nv1eey6vzsujqz5",10/20/2022 22:19:00,4,2,3,3,2,1,0,0,0,0,0,0,1,2,1995,1,0,0,0,0,1,3,2,1,1,0,1,1,0,0,0,0,0,0,0,0,0,0,0,0,0,0,0,0,2,1,1,2,2,2,8,2,5,2,4,2,,,,,,,1,4,,,1,4,4,2,3,1,4,4,4,1,1,0,1,2,2,2,2,1,2,3,4,3,2,3,1,2,4,4,4,4,4,1,4,3,1,1,,,1,1,0,0,0,0,,,,,,2,0,1,0,0,0,0,0,1,1,1,4,2,2,1,0,4,571.18,12,,11,,1,1,10/20/2022 22:09:00,8,1,1,1,1,4,2,2,2,1,3,,4,1,3,4,1,7,,1,1,2,2,2,,"85201",0.440324991941452,2,1
1048,"bn3bwqgc2trtq4fc",10/20/2022 22:51:00,113,2,3,1,,0,0,0,0,1,0,0,1,1,1999,1,0,0,0,0,1,2,2,1,0,0,0,0,1,0,1,0,0,0,0,0,0,0,0,1,0,0,0,0,2,2,1,2,2,3,7,2,4,2,3,5,,,,,,,2,5,,,2,3,2,4,1,1,2,2,3,1,1,0,1,2,1,2,1,2,1,4,4,4,3,2,1,1,1,4,1,1,3,1,1,4,3,5,21,1,3,1,0,0,0,0,5,4,2,1,3,3,1,0,0,0,0,0,0,3,4,4,4,2,3,0,1,6,1768.08,14,,10,,3,2,10/20/2022 22:21:00,8,1,1,1,1,3,2,1,1,2,3,2,,1,1,2,4,5,1,,1,2,2,,2,"85007",0.299421012401581,1,1
1050,"un5rkh8zzqnvhmkf",10/20/2022 22:37:00,113,2,3,1,,0,0,0,0,1,0,0,1,1,1996,1,0,0,0,0,3,2,1,1,0,0,0,0,1,0,1,0,0,0,0,0,0,0,0,1,0,0,0,0,3,3,3,2,2,4,4,3,4,6,4,3,,,,,,,2,6,,,1,2,2,1,1,1,2,2,2,2,,,,2,2,1,1,1,2,2,4,2,2,2,1,2,1,1,1,1,1,1,1,3,3,3,12,,,1,0,0,0,0,1,1,2,1,3,2,1,0,0,0,0,0,0,4,4,4,4,1,1,1,0,6,474.46,12,,13,,1,1,10/20/2022 22:29:00,15,1,2,6,6,6,2,2,2,2,2,,2,1,3,3,4,3,,3,3,3,3,2,,"85364",0.544190347194672,1,1
1054,"7n6b8fzyvdu3zaa5",10/20/2022 22:50:00,113,2,3,1,,0,0,0,0,1,0,0,1,1,1991,0,1,0,0,0,1,4,1,1,0,0,0,1,1,0,1,0,0,0,0,0,0,0,0,0,0,0,0,0,1,1,2,1,2,1,6,1,2,2,2,1,,,,,,,1,1,,,1,1,1,1,2,2,1,2,2,1,1,0,0,2,1,1,2,2,2,1,1,1,2,1,1,2,1,1,2,1,2,1,1,1,1,2,20,,1,1,0,0,0,0,2,1,2,3,1,1,1,0,0,0,0,0,0,1,1,1,4,1,4,0,1,6,703.48,14,,10,,1,2,10/20/2022 22:36:00,6,1,1,1,2,2,1,2,1,2,2,2,,1,1,1,2,8,1,,2,1,1,,1,"85024",0.299421012401581,1,1
1055,"mwr7ep6sbbekpk7b",10/20/2022 22:55:00,3,2,3,1,,0,0,0,0,1,0,0,1,2,1967,0,0,1,0,0,1,3,1,1,0,0,1,1,0,0,0,0,0,0,0,0,0,1,0,0,0,0,0,0,1,1,1,2,2,3,10,1,4,2,3,1,,,,,,,2,3,,,1,4,2,1,2,1,1,1,4,1,1,1,1,2,2,2,1,1,2,4,4,4,2,3,2,3,3,3,3,1,3,1,1,3,1,1,21,1,1,1,0,0,0,0,6,4,2,3,1,1,0,1,1,0,0,0,0,1,1,1,1,1,6,1,0,3,785.07,12,,13,,1,1,10/20/2022 22:41:00,8,1,1,1,1,2,2,2,2,1,3,,4,1,1,2,2,10,,1,1,1,2,2,,"85019",0.345831274986267,1,1
1056,"w6ad4ugmja9g7zg8",10/20/2022 23:06:00,4,2,3,1,,0,0,0,0,1,0,0,1,2,2004,1,0,0,0,0,1,2,3,1,0,1,0,0,0,0,1,0,0,0,1,0,0,0,0,0,0,0,0,0,3,2,1,4,2,2,4,4,4,4,5,5,,,,,,,6,6,,,6,4,4,4,4,4,4,4,4,2,,,,2,1,2,3,2,2,3,3,3,3,2,2,2,2,2,3,1,3,4,4,2,5,5,21,2,1,1,0,0,0,0,2,2,3,2,1,1,1,0,0,0,0,0,0,4,4,4,4,3,3,1,0,4,964.41,12,,13,,1,1,10/20/2022 22:50:00,11,2,6,6,6,6,2,1,2,2,3,,2,2,3,3,2,3,,2,1,2,2,2,,"85629",0.285600006580353,1,2
1057,"wy2y27meyxc1w8up",10/20/2022 23:16:00,3,2,3,1,,0,0,0,0,1,0,0,1,2,1988,0,1,0,0,0,1,6,2,1,1,0,0,0,0,1,0,0,0,0,0,1,0,0,0,0,0,0,0,0,1,1,1,2,2,4,8,1,4,1,4,1,,,,,,,1,2,,,1,4,4,2,3,1,1,4,4,1,1,1,0,1,1,1,1,1,1,3,4,4,1,3,1,3,1,1,1,1,1,1,1,4,1,1,12,,1,1,0,0,0,0,2,4,2,3,1,2,0,1,1,1,0,0,0,1,2,1,2,1,1,0,1,3,934.28,12,,11,,1,6,10/20/2022 23:00:00,8,1,1,1,1,4,1,1,1,1,1,5,,1,1,5,2,10,5,,1,1,2,,2,"85381",0.497996956110001,1,1
1058,"j8468nx9t3hayepw",10/20/2022 23:15:00,4,2,3,1,,0,0,0,0,1,0,0,1,2,1990,0,1,0,0,0,1,4,4,1,1,1,0,1,0,0,0,0,0,0,0,0,0,0,0,0,0,0,0,0,3,2,1,3,2,3,3,4,4,4,4,4,,,,,,,2,5,,,2,4,4,3,3,3,2,2,2,1,1,0,0,1,3,1,4,1,1,1,4,4,1,2,1,1,2,1,1,1,2,1,1,4,1,2,12,,2,1,0,0,0,0,1,3,2,3,1,2,0,0,1,0,0,0,0,1,1,1,1,3,3,0,1,4,557.77,12,,13,,1,1,10/20/2022 23:05:00,8,3,1,1,6,6,1,1,2,1,3,1,,1,1,2,3,10,1,,1,1,1,,1,"85396",0.452724546194077,1,3
1059,"5ksxtgqacfw0fufq",10/20/2022 23:53:00,3,2,3,1,,0,0,0,0,1,0,0,1,2,1971,0,0,1,0,0,1,3,1,1,0,0,0,1,0,0,0,1,0,0,0,0,0,0,0,0,0,0,1,0,2,1,1,1,1,4,10,1,4,1,4,1,,,,,,,1,1,,,1,4,4,1,2,1,4,4,4,1,1,1,0,1,2,1,1,1,2,3,4,4,2,2,2,3,1,1,1,1,1,1,1,2,1,1,12,,1,1,0,0,0,0,3,3,1,2,3,1,1,0,0,0,0,0,0,1,1,1,1,1,1,1,0,3,2353.86,12,,13,,1,1,10/20/2022 23:13:00,11,1,1,1,1,4,1,1,1,1,2,,2,1,3,1,2,10,,1,1,1,2,2,,"85757",0.497996956110001,1,1
1060,"fa1qdag75b1ubsf2",10/20/2022 23:35:00,4,2,3,1,,0,0,0,0,1,0,0,1,2,2002,1,0,0,0,0,1,4,3,1,0,1,0,0,0,0,0,1,0,1,0,0,0,0,0,0,0,0,0,0,3,2,3,3,3,2,7,5,5,5,5,5,,,,,,,5,5,,,6,4,2,4,2,2,4,4,4,2,,,,2,2,2,3,2,3,3,3,3,1,3,1,1,4,2,4,4,4,4,4,2,5,5,21,1,1,1,0,0,0,0,1,2,1,2,3,1,0,0,0,0,0,0,1,1,3,3,3,4,2,0,1,4,912.08,12,,11,,1,1,10/20/2022 23:20:00,8,2,6,6,6,6,2,2,2,2,3,1,,2,3,3,2,0,5,,3,4,2,,2,"85048",0.285600006580353,1,2
1061,"947jaszmtjn4fker",10/20/2022 23:38:00,4,2,3,5,1,0,1,0,0,0,0,0,1,1,1990,0,1,0,0,0,1,4,1,1,0,0,0,0,1,1,0,0,0,0,0,0,0,0,0,0,0,0,1,0,1,1,3,1,1,1,10,1,1,1,1,1,,,,,,,1,1,,,1,1,1,2,1,1,2,2,2,1,1,0,0,1,1,1,1,1,1,1,1,1,2,1,1,3,1,1,1,1,1,1,1,1,1,1,,,1,1,0,0,0,0,,,,,,1,1,0,0,0,0,0,0,1,1,1,1,1,4,0,1,4,314.7,4,,12,,5,6,10/20/2022 23:32:00,1,1,1,2,2,2,1,1,1,1,1,1,,1,1,1,1,10,1,,2,1,1,,1,"85323",0.880649983882904,2,1
1062,"jupw9fpyr09vysvs",10/20/2022 23:38:00,4,2,3,1,,0,0,0,0,1,0,0,1,1,2000,1,0,0,0,0,1,4,2,1,0,0,1,0,0,0,1,0,0,0,0,0,0,0,0,0,0,1,0,0,2,1,1,2,2,3,6,2,3,2,4,1,,,,,,,3,3,,,2,1,1,1,1,1,1,1,1,1,1,0,0,1,1,1,1,1,1,1,1,1,1,1,1,1,1,1,1,1,1,1,3,1,1,1,12,,2,1,0,0,0,0,1,1,2,1,3,1,1,0,0,0,0,0,0,1,1,1,1,2,3,1,0,4,270.39,12,,13,,1,1,10/20/2022 23:34:00,11,1,1,5,5,4,2,2,2,2,2,,2,1,1,1,1,7,,2,1,1,1,1,,"85713",0.251164793968201,1,1
1063,"kfbybz5w5raa38qe",10/20/2022 23:55:00,4,2,3,2,,0,0,0,1,0,0,0,1,1,1990,0,1,0,0,0,1,4,1,1,0,0,1,0,0,0,0,0,0,0,0,0,0,0,0,1,0,0,1,0,1,1,3,1,1,1,10,1,1,1,1,3,,,,,,,1,1,,,2,1,1,1,2,1,2,1,2,1,1,0,0,1,1,1,1,1,1,1,1,1,1,1,1,1,1,1,1,1,1,1,1,1,1,1,,,1,1,0,0,0,0,,,,,,1,1,0,0,0,0,0,0,1,1,1,1,1,2,0,1,4,511.03,4,,12,,5,6,10/20/2022 23:46:00,1,1,4,4,4,4,1,1,1,1,1,1,,1,1,1,1,10,1,,2,1,1,,1,"85323",2.08205509185791,2,1
1064,"n09h3yxz3y26j15w",10/21/2022 00:23:00,4,2,3,1,,0,0,0,0,1,0,0,1,2,1975,0,0,1,0,0,1,2,1,1,1,0,0,0,0,1,0,0,0,0,0,0,0,1,0,0,0,0,0,0,2,1,1,2,2,2,9,2,4,3,3,1,,,,,,,3,5,,,1,2,2,1,1,2,4,4,2,1,0,0,1,1,2,2,1,3,2,1,2,1,2,3,2,2,1,1,3,1,1,1,1,2,1,5,12,,2,0,0,0,1,0,1,1,1,3,2,1,1,0,0,0,0,0,0,3,3,3,3,2,1,1,0,4,2164.6,14,,10,,1,2,10/20/2022 23:46:00,8,1,5,3,5,6,1,1,1,2,1,,1,1,1,2,2,5,,1,1,1,1,2,,"85035",0.434430509805679,1,1
1065,"eegjnt646sd5enub",10/20/2022 23:58:00,113,2,3,1,,0,0,0,0,1,0,0,1,2,2002,1,0,0,0,0,1,2,2,1,0,0,1,1,0,1,0,0,0,0,0,0,0,0,0,0,0,0,0,0,2,2,3,4,2,4,6,5,4,6,3,1,,,,,,,1,4,,,2,4,4,4,1,1,4,4,4,2,,,,1,1,1,2,1,4,3,4,4,2,3,1,2,1,1,1,1,1,1,1,4,1,1,12,,2,1,0,0,0,0,1,4,1,2,3,4,0,1,1,1,0,0,0,2,4,1,4,1,3,0,1,6,516.6,14,,10,,1,2,10/20/2022 23:48:00,8,1,1,6,6,6,1,1,1,1,1,4,,2,1,5,2,10,1,,2,1,2,,2,"85007",0.483492195606232,1,1
1066,"1r0w334v9fr29bfb",10/21/2022 00:11:00,3,2,3,1,,0,0,0,0,1,0,0,1,2,1992,0,1,0,0,0,1,3,3,1,1,0,1,0,0,0,0,0,0,0,0,1,0,0,0,0,0,0,0,0,3,3,1,4,3,3,2,3,4,3,4,4,,,,,,,3,3,,,6,1,1,1,3,1,3,4,3,1,1,0,1,2,2,2,2,4,2,3,3,4,2,3,1,2,4,4,4,4,4,4,4,3,5,5,21,1,1,0,0,0,1,0,2,2,1,2,3,1,0,1,0,1,0,0,1,1,3,2,3,6,3,1,0,3,891.32,14,,10,,1,2,10/20/2022 23:56:00,11,2,2,6,6,6,2,2,2,2,2,,4,1,1,5,2,5,,5,1,2,3,2,,"85716",0.305235028266907,1,2
1067,"tv51hq0bd2tzc1an",10/21/2022 00:07:00,4,2,3,2,,0,0,0,1,0,0,0,1,1,1990,0,1,0,0,0,1,4,1,1,0,0,0,1,0,0,0,0,0,0,0,0,0,0,0,0,0,0,1,0,1,1,3,1,1,1,10,1,1,1,1,1,,,,,,,1,1,,,2,1,2,1,2,1,2,1,2,1,1,0,0,1,1,1,1,1,1,1,1,1,2,1,1,3,1,1,1,1,1,1,1,1,1,1,,,1,1,0,0,0,0,,,,,,1,1,0,0,0,0,0,0,1,1,1,1,1,3,1,0,4,305.99,4,,12,,5,6,10/21/2022 00:01:00,1,1,2,2,2,2,1,1,1,1,1,,1,1,1,1,1,10,,1,4,1,1,1,,"85323",1.72751927375793,2,1
1071,"1wp3mc2kdedn4e7c",10/21/2022 00:31:00,4,2,3,5,1,0,1,0,0,0,0,0,1,1,1972,0,0,1,0,0,1,2,3,1,1,0,0,0,0,0,0,0,0,0,0,0,0,1,0,0,0,1,0,0,4,2,1,2,4,3,6,4,2,4,3,4,,,,,,,4,4,,,4,4,4,4,1,4,4,1,4,2,,,,2,4,2,4,3,1,1,3,1,1,2,2,1,4,2,3,2,2,2,2,3,2,2,,,1,1,0,0,0,0,,,,,,1,0,0,1,0,0,0,0,1,1,1,2,4,2,1,0,4,1293.41,4,,12,,5,6,10/21/2022 00:09:00,11,2,4,4,4,1,2,2,4,2,5,,1,1,2,3,2,0,,4,4,4,2,1,,"85705",1.00831496715546,2,2
1072,"nwngr3mx7cgebn9m",10/21/2022 00:19:00,4,2,3,3,1,1,0,0,0,0,0,0,1,1,1997,1,0,0,0,0,1,3,3,1,1,0,0,0,0,0,0,0,0,0,0,0,0,0,0,0,0,0,0,0,4,1,2,2,2,3,8,3,2,3,6,6,,,,,,,3,2,,,6,3,1,1,2,1,3,3,4,2,,,,2,2,2,3,2,1,2,2,2,2,3,1,2,2,2,2,1,2,1,1,2,4,4,,,1,0,0,0,1,0,,,,,,2,0,1,0,0,0,0,0,2,4,4,4,2,4,0,1,4,564.18,12,,11,,1,1,10/21/2022 00:09:00,8,2,6,3,3,6,2,2,2,2,2,4,,1,2,2,3,6,2,,1,2,2,,1,"85233",0.384120017290115,2,2
1073,"tcrkuyncq80t58we",10/21/2022 00:17:00,4,2,3,2,,0,0,0,1,0,0,0,1,1,1970,0,0,1,0,0,1,5,1,1,0,0,0,1,0,0,0,0,1,0,0,0,0,1,0,0,0,0,0,0,1,1,1,1,1,1,10,1,1,1,1,1,,,,,,,1,1,,,1,1,1,1,1,1,1,1,1,1,1,0,0,1,1,1,1,1,1,1,1,1,1,1,1,1,3,1,3,1,3,1,3,1,1,1,,,1,1,0,0,0,0,,,,,,1,1,0,0,0,0,0,0,1,1,1,1,1,4,0,1,4,336.14,4,,12,,5,6,10/21/2022 00:11:00,1,1,4,4,4,4,1,1,1,1,1,1,,1,1,1,5,10,1,,1,1,1,,1,"85323",2.08205509185791,2,1
1080,"tdq72jw9xg0b325s",10/21/2022 02:34:00,113,2,3,1,,0,0,0,0,1,0,0,1,1,1992,0,1,0,0,0,1,2,2,1,1,0,0,0,1,0,0,0,1,0,0,0,0,0,0,0,0,0,0,0,2,1,1,2,2,4,10,2,4,1,4,2,,,,,,,2,3,,,2,3,1,1,2,1,2,2,3,1,1,1,0,2,1,1,3,1,1,3,3,3,3,3,1,2,1,1,1,1,1,1,1,4,1,1,12,,1,0,0,0,1,0,1,2,3,2,1,3,1,0,0,0,0,0,0,1,1,1,1,2,3,0,1,6,2351.63,14,,10,,1,2,10/21/2022 01:53:00,8,1,2,1,1,6,1,2,1,2,3,3,,1,1,2,1,10,1,,1,3,1,,2,"85335",0.431166261434555,1,1
1084,"z5pt2rsqbtnvcy3t",10/21/2022 03:05:00,3,2,3,1,,0,0,0,0,1,0,0,1,2,2000,1,0,0,0,0,1,3,2,1,0,0,0,1,0,1,1,0,0,0,0,0,0,0,0,0,0,0,0,0,2,3,1,4,2,3,2,5,3,3,4,1,,,,,,,2,2,,,2,4,1,1,1,1,4,4,4,1,1,0,0,2,2,2,1,1,1,3,4,4,2,3,2,3,1,4,1,1,3,1,1,2,1,3,12,,1,1,0,0,0,0,3,4,1,2,3,4,0,1,0,0,0,0,0,1,1,4,4,2,3,1,0,3,628.37,12,,13,,1,1,10/21/2022 02:54:00,8,1,1,6,6,6,1,2,2,1,1,,3,2,3,2,2,10,,1,1,3,1,1,,"85020",0.483492195606232,1,1
1086,"725b1sdrpbym0f4x",10/21/2022 03:58:00,3,2,3,1,,0,0,0,0,1,0,0,1,2,1979,0,0,1,0,0,1,2,5,1,1,0,1,0,0,1,0,0,0,0,0,0,0,0,0,0,0,0,0,0,4,3,2,2,3,2,4,4,1,5,2,3,,,,,,,4,5,,,3,4,1,3,2,1,2,2,3,1,0,1,0,1,2,2,3,2,2,3,3,3,2,3,1,1,2,2,2,2,2,2,2,4,2,2,12,,1,1,0,0,0,0,4,3,3,1,2,2,0,1,0,0,0,0,0,1,2,1,3,5,6,1,0,3,1513.83,13,,10,,5,6,10/21/2022 03:32:00,8,3,3,4,3,6,2,2,2,2,3,,3,2,3,2,1,0,,5,2,3,2,2,,"85249",0.518354594707489,1,3
1089,"bay7z6ptwdnb1c7u",10/21/2022 05:58:00,3,2,3,1,,0,0,0,0,1,0,0,1,2,1999,1,0,0,0,0,1,3,2,1,1,0,0,0,0,1,0,1,0,0,0,0,0,0,0,0,0,0,0,0,3,1,2,3,2,4,10,2,3,6,6,2,,,,,,,2,6,,,2,4,3,2,4,4,4,3,3,1,1,0,0,1,1,1,2,1,1,2,4,3,2,2,1,2,2,3,3,1,2,4,4,3,1,3,12,,2,1,0,0,0,0,1,2,2,3,1,3,1,0,0,0,0,0,0,1,2,2,2,2,1,0,1,3,792.07,12,,11,,1,1,10/21/2022 05:43:00,11,1,6,6,6,6,2,1,2,1,1,3,,2,1,2,1,10,2,,2,2,2,,2,"85756",0.452390402555466,1,1
1091,"jymms8qw2neewmk9",10/21/2022 06:35:00,4,2,3,2,,0,0,0,1,0,0,0,1,1,1980,0,0,1,0,0,1,2,3,1,0,0,0,0,0,0,0,0,0,0,0,0,0,1,0,0,0,0,0,0,1,1,3,1,1,1,10,1,1,1,1,1,,,,,,,1,1,,,4,1,1,1,1,1,1,1,1,1,1,0,0,1,1,1,1,1,1,1,1,1,3,2,1,1,1,1,1,1,1,1,1,1,1,1,,,1,0,0,0,0,1,,,,,,1,0,0,0,0,0,1,0,1,1,1,1,1,4,0,1,4,354.12,4,,12,,5,6,10/21/2022 06:29:00,8,2,4,4,4,4,1,1,1,1,1,1,,1,1,1,5,10,1,,1,1,1,,1,"85255",2.31339430809021,2,2
1092,"j69k0fes07gx93se",10/21/2022 06:50:00,4,2,3,2,,0,0,0,1,0,0,0,1,1,1980,0,0,1,0,0,1,2,3,1,0,0,0,0,0,0,0,0,0,0,0,0,0,1,0,0,0,0,0,0,1,1,1,1,1,1,10,1,1,1,1,1,,,,,,,1,1,,,3,1,1,1,1,1,1,1,1,1,0,0,1,1,1,1,1,1,1,1,1,1,1,1,1,3,1,1,1,1,1,1,1,1,1,1,,,1,0,0,0,0,1,,,,,,1,1,0,0,0,0,0,0,1,1,1,1,1,4,1,0,4,303.5,4,,12,,5,6,10/21/2022 06:43:00,6,2,1,1,1,1,1,1,1,1,1,,1,1,1,1,1,10,,1,4,1,1,1,,"85616",1.91946589946747,2,2
1095,"bj17b2g3hp7k8hnb",10/21/2022 07:33:00,4,2,3,2,,0,0,0,1,0,0,0,1,1,1980,0,0,1,0,0,1,2,3,1,0,0,0,0,0,0,0,0,0,0,0,0,0,1,0,0,0,0,0,0,1,1,1,1,1,1,10,1,1,1,1,1,,,,,,,1,1,,,4,1,1,1,1,1,1,1,1,1,0,1,0,1,1,1,1,1,1,1,1,1,1,2,1,3,1,1,1,1,1,1,1,1,1,1,,,1,0,0,0,0,1,,,,,,1,0,0,0,0,0,1,0,1,1,1,1,1,4,0,1,4,362.07,4,,12,,5,6,10/21/2022 07:25:00,8,2,4,4,4,4,1,1,1,1,1,1,,1,1,1,1,10,1,,4,1,1,,1,"85616",2.31339430809021,2,2
1097,"ckbb4hfznj368ddc",10/21/2022 08:06:00,4,2,3,1,,0,0,0,0,1,0,0,1,2,1986,0,1,0,0,0,1,3,6,1,1,0,0,0,0,0,0,1,0,0,0,0,1,0,0,0,0,0,0,0,4,3,2,4,3,3,2,2,2,4,2,2,,,,,,,2,2,,,6,2,4,1,1,1,4,4,2,1,0,0,1,1,2,2,4,1,1,3,2,3,2,3,2,1,4,2,4,2,3,1,4,2,2,2,12,,2,0,1,0,0,0,1,3,2,1,3,2,0,0,1,0,0,0,0,2,3,3,3,3,3,0,1,4,1736.69,4,,10,,5,6,10/21/2022 07:37:00,8,2,1,2,2,2,2,2,2,2,3,3,,1,2,1,3,3,3,,2,3,2,,1,"85007",0.452724546194077,1,2
1098,"f62vtrr5uc8udt6c",10/21/2022 08:11:00,1,1,3,1,,0,0,0,0,1,0,0,1,1,1993,1,0,0,0,0,1,4,1,1,1,0,0,0,0,0,0,0,0,0,0,1,0,0,0,0,0,1,0,0,1,2,3,2,1,4,8,1,3,1,3,1,,,,,,,2,2,,,2,3,4,3,3,3,3,1,2,1,1,0,0,4,3,2,2,3,2,2,2,3,1,2,2,2,1,1,1,1,1,1,1,1,1,1,5,,2,1,0,0,0,0,1,2,2,3,1,1,0,1,0,0,0,0,0,1,4,1,4,2,4,1,0,1,1759.43,4,,10,,5,6,10/21/2022 07:41:00,14,1,2,2,2,3,1,1,2,1,2,,2,1,3,2,2,10,,1,2,1,2,1,,"86314",0.299421012401581,1,1
1099,"3n54dz8s9bff4zfa",10/21/2022 07:51:00,113,2,3,1,,0,0,0,0,1,0,0,1,1,1980,0,0,1,0,0,1,5,3,1,1,0,0,0,0,0,0,0,0,0,0,0,0,0,0,0,0,0,0,0,4,1,1,1,3,3,9,3,4,4,4,4,,,,,,,2,2,,,6,4,3,4,1,1,4,4,4,1,1,1,0,1,2,1,4,2,2,3,3,3,3,2,1,3,4,4,4,4,4,4,4,2,1,5,12,,1,1,0,0,0,0,6,4,2,3,1,2,1,0,0,0,0,0,0,1,1,4,4,3,6,1,0,6,488.64,12,,13,,1,1,10/21/2022 07:42:00,8,2,1,1,1,6,2,2,2,2,4,,3,1,3,2,2,9,,5,1,2,2,2,,"85345",0.517399489879608,1,2
1100,"e6z6dk2pzv26x0n1",10/21/2022 07:53:00,3,2,3,1,,0,0,0,0,1,0,0,1,2,1996,1,0,0,0,0,1,5,2,1,1,0,0,1,1,0,0,0,0,0,0,0,0,0,0,0,0,0,0,0,3,1,2,2,2,4,0,3,4,3,4,3,,,,,,,3,6,,,2,4,4,4,4,2,2,2,2,2,,,,1,1,1,1,1,1,3,4,4,2,2,1,2,1,1,1,1,1,1,1,4,1,1,20,,2,0,1,0,0,0,1,1,2,1,3,1,0,1,0,0,1,0,1,1,1,1,4,1,3,0,1,3,497.57,12,,13,,1,1,10/21/2022 07:44:00,8,1,2,2,2,3,1,1,1,1,1,4,,1,3,2,2,8,1,,1,1,3,,2,"85281",0.345831274986267,1,1
1101,"q36ngpsgc7ckp8g0",10/21/2022 08:22:00,1,1,3,1,,0,0,0,0,1,0,0,1,1,1996,1,0,0,0,0,1,3,2,1,1,0,0,0,0,0,0,0,0,0,0,0,0,0,0,1,0,1,0,0,1,2,3,2,2,3,7,1,3,2,4,1,,,,,,,2,2,,,2,2,2,1,4,4,3,3,3,2,,,,2,2,2,2,2,2,2,3,3,2,2,1,2,1,1,3,1,1,1,1,1,1,1,6,,1,1,0,0,0,0,2,2,2,1,3,2,1,0,0,0,0,0,0,1,1,1,3,2,4,1,0,1,1716.91,4,,12,,5,6,10/21/2022 07:52:00,8,1,2,2,2,3,2,2,3,2,2,,2,2,1,3,4,5,,2,3,2,2,1,,"85003",0.299421012401581,1,1
1102,"848amuzkvrt49u02",10/21/2022 08:25:00,4,2,3,1,,0,0,0,0,1,0,0,1,1,1970,0,0,1,0,0,1,6,4,1,0,1,0,1,0,0,0,0,0,0,0,0,0,0,0,0,0,0,0,1,4,1,1,2,3,3,5,4,4,4,3,4,,,,,,,3,4,,,3,4,2,3,3,4,1,1,1,1,0,0,1,4,2,1,1,4,1,1,1,4,3,3,2,2,4,4,4,4,4,4,4,2,5,2,12,,2,1,0,0,0,0,2,3,3,2,1,1,1,0,0,0,0,0,0,1,1,1,2,3,3,1,0,4,718.23,4,,10,,5,6,10/21/2022 08:13:00,15,3,6,4,6,4,2,2,2,1,3,,5,1,3,1,5,8,,2,1,1,2,2,,"85364",0.376130342483521,1,3
1103,"11gvv2e5qk834n5m",10/21/2022 08:26:00,4,2,3,2,,0,0,0,1,0,0,0,1,2,1982,0,0,1,0,0,1,4,3,1,1,0,0,0,1,1,0,0,0,0,0,0,0,0,0,0,0,0,0,0,3,1,3,3,2,2,8,3,3,5,5,5,,,,,,,5,5,,,6,4,1,1,2,1,2,2,4,2,,,,2,2,1,1,1,2,3,4,4,3,3,1,2,4,4,4,4,4,4,4,3,2,2,,,1,1,0,0,0,0,,,,,,3,0,0,0,1,0,0,0,1,3,1,3,3,5,0,1,4,516.26,14,,10,,3,2,10/21/2022 08:17:00,12,2,6,6,6,6,1,1,1,1,3,1,,1,3,2,2,5,5,,2,2,2,,2,"85143",1.835453748703,2,2
1105,"nu2btu932cd9rnvh",10/21/2022 08:46:00,4,2,3,1,,0,0,0,0,1,0,0,1,2,1990,0,1,0,0,0,1,3,3,1,0,0,0,0,1,0,0,0,0,0,1,0,0,0,0,0,1,0,0,0,3,3,3,2,3,3,5,5,5,5,5,6,,,,,,,5,5,,,2,4,4,1,3,1,1,1,4,1,1,0,0,1,1,1,4,1,4,4,4,4,3,3,1,2,3,3,3,3,3,3,3,3,5,5,12,,2,1,0,0,0,0,2,2,1,3,2,2,0,1,0,0,0,0,0,3,2,2,2,3,3,0,1,4,1071.5,12,,11,,1,1,10/21/2022 08:28:00,12,2,6,6,6,6,2,1,1,1,1,3,,1,1,1,3,4,3,,4,3,2,,1,"85122",0.411264002323151,1,2
1106,"6wx3bq18k2hdg4vf",10/21/2022 08:58:00,1,1,3,1,,0,0,0,0,1,0,0,1,1,1995,1,0,0,0,0,1,2,4,1,1,0,0,1,0,0,0,1,0,0,0,0,0,0,0,0,0,0,0,0,3,2,3,2,3,2,8,3,1,3,2,3,,,,,,,3,3,,,3,3,3,2,2,3,1,1,3,2,,,,3,3,1,3,3,3,2,3,3,2,2,2,2,2,2,2,2,2,2,2,3,2,2,6,,1,1,0,0,0,0,2,3,2,3,1,2,1,0,0,0,0,0,0,1,1,1,4,4,5,1,0,1,1684.05,4,,10,,5,6,10/21/2022 08:29:00,8,3,3,3,3,2,1,2,3,1,2,,2,1,3,3,2,5,,3,2,2,1,1,,"85345",0.342827081680298,1,3
1107,"vmx3xjr5j0w5de0f",10/21/2022 09:03:00,1,1,3,1,,0,0,0,0,1,0,0,1,2,1994,1,0,0,0,0,1,3,3,1,0,1,0,0,0,0,0,0,0,0,0,0,0,0,0,1,0,1,0,0,2,2,1,3,2,2,7,2,3,2,3,2,,,,,,,3,5,,,6,2,2,2,4,2,2,3,3,1,1,1,0,2,2,2,2,2,2,2,2,3,2,1,1,3,1,3,3,1,2,1,1,2,1,2,17,,1,1,0,0,0,0,2,2,3,1,2,2,1,0,0,0,0,0,0,1,1,1,2,3,6,1,0,1,1796.93,4,,12,,5,6,10/21/2022 08:33:00,11,2,2,2,6,6,2,2,2,2,2,,2,2,1,3,3,5,,2,3,2,2,1,,"85634",0.157196044921875,1,2
1108,"3trgu22h6duaktrb",10/21/2022 09:08:00,4,2,3,1,,0,0,0,0,1,0,0,1,2,1971,0,0,1,0,0,1,3,5,1,1,0,0,0,0,0,0,0,0,0,0,0,0,0,0,1,0,1,0,0,4,2,3,3,3,2,10,4,2,4,2,4,,,,,,,4,3,,,4,4,4,4,2,1,4,3,4,1,1,1,0,3,1,2,2,4,2,1,1,3,1,3,2,1,2,2,2,2,2,2,2,1,2,2,21,1,1,0,0,0,0,1,6,4,2,3,1,1,1,0,0,0,0,0,0,1,4,1,4,5,3,0,1,4,1811.48,14,,10,,1,2,10/21/2022 08:38:00,8,3,4,3,3,1,1,2,3,2,2,1,,3,3,1,2,1,4,,3,4,1,,2,"85006",0.359968513250351,1,3
1110,"de003kqj6f6dv60z",10/21/2022 09:24:00,4,2,3,1,,0,0,0,0,1,0,0,1,2,1989,0,1,0,0,0,1,2,3,1,1,0,0,1,0,0,0,0,0,0,0,0,0,1,0,0,0,0,0,0,4,4,,4,3,3,1,4,4,4,4,4,,,,,,,4,4,,,6,4,1,1,1,1,4,4,4,1,1,1,1,3,2,1,4,1,1,3,4,4,3,3,1,1,4,4,4,4,4,4,4,4,5,2,12,,1,0,0,0,0,1,5,4,1,2,3,4,0,1,1,1,0,0,0,1,4,1,4,4,5,0,1,4,983.76,4,,10,,5,6,10/21/2022 09:06:00,8,2,6,6,6,6,1,1,2,1,1,1,,1,1,1,3,0,5,,2,2,2,,2,"85120",0.411264002323151,1,2
1111,"t60duvswbqkg587c",10/21/2022 09:43:00,113,2,3,6,2,0,0,0,0,0,1,0,1,2,2003,1,0,0,0,0,1,2,3,1,0,0,0,0,0,1,0,0,0,0,0,0,1,0,0,0,0,0,1,0,2,1,1,1,1,1,7,1,2,3,2,3,,,,,,,2,6,,,3,3,1,4,1,1,4,2,3,2,,,,2,1,1,4,3,3,3,3,1,1,2,2,1,2,2,2,2,1,2,1,1,1,1,,,3,1,0,0,0,0,,,,,,1,1,0,0,0,0,0,0,1,4,1,4,1,5,1,0,6,1037.51,12,,13,,1,1,10/21/2022 09:26:00,8,2,1,1,4,1,1,2,1,2,4,,1,1,1,2,3,8,,1,1,2,2,2,,"85008",0.880649983882904,2,2
1113,"fj51rx0xb57trv6p",10/21/2022 10:24:00,1,1,3,1,,0,0,0,0,1,0,0,1,2,1993,1,0,0,0,0,1,2,5,1,1,0,0,0,0,0,0,0,0,0,0,0,0,0,0,1,0,1,0,0,2,2,1,2,4,1,7,4,1,4,1,4,,,,,,,4,4,,,4,2,2,3,3,4,3,3,2,2,,,,2,2,2,2,2,2,2,3,2,2,1,1,1,2,2,2,2,2,2,2,3,2,2,16,,1,1,0,0,0,0,2,2,1,2,3,2,1,0,0,0,0,0,0,1,1,1,2,5,5,0,1,1,2100.37,4,,12,,5,6,10/21/2022 09:48:00,12,3,4,4,4,1,2,2,2,2,2,2,,3,1,3,4,5,4,,3,4,3,,1,"85120",0.359968513250351,1,3
1114,"rhuy5p1ujtfg2kc3",10/21/2022 10:26:00,1,1,3,1,,0,0,0,0,1,0,0,1,1,1995,1,0,0,0,0,1,5,3,1,1,1,0,0,0,0,0,0,0,0,0,0,0,0,0,1,0,0,0,0,2,2,1,3,2,2,7,1,2,2,2,3,,,,,,,2,3,,,6,2,2,2,4,4,3,3,2,2,,,,2,2,2,2,2,2,2,2,2,2,1,1,2,4,2,3,1,2,3,1,2,1,2,17,,1,1,0,0,0,0,2,2,2,1,3,2,1,0,0,0,0,0,0,1,2,1,3,3,6,1,0,1,1928.71,4,,12,,5,6,10/21/2022 09:53:00,9,2,6,2,2,5,2,2,2,2,2,,2,2,3,3,2,5,,2,2,2,2,1,,"86404",0.168096005916595,1,2
1115,"b9b4vs77tb9zmqc6",10/21/2022 10:09:00,4,2,3,1,,0,0,0,0,1,0,0,1,1,1990,0,1,0,0,0,1,5,1,1,0,1,0,1,0,1,0,0,0,0,0,0,0,0,0,0,0,0,0,0,1,1,3,1,1,4,10,1,4,1,4,1,,,,,,,1,1,,,1,1,2,1,1,2,2,3,2,2,,,,1,1,1,1,1,1,1,4,4,2,1,2,3,1,1,1,1,1,1,1,2,1,1,12,,2,0,0,0,0,1,1,1,2,1,3,2,0,0,0,0,0,0,1,1,1,1,1,1,6,0,1,4,893.97,12,,13,,1,1,10/21/2022 09:54:00,11,1,1,1,1,4,2,2,1,1,1,1,,1,1,1,1,10,1,,1,1,2,,2,"85750",0.431166261434555,1,1
1117,"3fujjyvpyx9mymyz",10/21/2022 10:26:00,4,2,3,6,1,0,0,0,0,0,1,0,1,2,1961,0,0,0,1,0,1,3,6,1,0,0,0,0,1,0,0,0,0,0,0,0,0,0,0,0,0,1,1,0,4,5,,4,4,4,1,4,4,4,4,4,,,,,,,4,4,,,5,4,4,2,4,4,4,4,4,2,,,,1,4,2,1,3,1,1,1,1,3,3,2,1,4,4,4,4,4,4,4,4,5,5,,,1,1,0,0,0,0,,,,,,4,0,1,1,1,0,0,1,4,4,4,4,6,1,1,0,4,1150.75,14,,10,,1,2,10/21/2022 10:06:00,8,2,5,5,5,5,3,4,2,1,5,,1,1,2,4,1,0,,5,3,2,4,1,,"85051",0.480000019073486,2,2
1118,"n6wkzxteqay8u6ej",10/21/2022 10:45:00,1,1,3,1,,0,0,0,0,1,0,0,1,1,1975,0,0,1,0,0,2,2,1,1,1,1,0,0,0,0,0,0,0,0,0,1,0,0,0,0,0,0,0,0,1,1,1,1,1,4,9,1,3,2,3,2,,,,,,,2,2,,,2,2,4,2,2,3,1,1,1,2,,,,3,2,2,2,3,2,2,2,3,1,2,1,3,1,1,1,1,1,1,1,1,1,1,17,,,1,0,0,0,0,1,1,3,2,1,1,0,1,0,0,1,0,0,1,1,1,3,2,3,1,0,1,1769.83,4,,10,,5,6,10/21/2022 10:14:00,3,1,2,1,2,3,1,2,2,2,2,,2,1,1,2,2,10,,1,1,1,2,2,,"86001",0.0748552531003952,1,1
1119,"d5v0w6gqj4bj0ndz",10/21/2022 10:55:00,1,1,3,2,,0,0,0,1,0,0,0,1,1,1985,0,1,0,0,0,1,2,5,1,0,1,0,0,0,0,0,1,0,0,0,1,0,0,0,0,0,0,0,0,2,2,2,2,2,2,9,4,1,3,1,4,,,,,,,5,4,,,4,2,2,1,2,4,3,2,4,1,1,1,1,1,2,2,2,1,2,2,3,3,2,2,1,2,3,2,2,2,3,2,2,2,2,2,,,1,1,0,0,0,0,,,,,,2,1,0,0,0,0,0,0,1,1,1,1,5,5,0,1,1,2046.19,4,,10,,5,6,10/21/2022 10:19:00,12,3,4,3,4,1,2,1,2,2,2,3,,1,2,1,4,9,2,,2,4,2,,1,"85193",2.54473376274109,2,3
1120,"8xt9uwdnk3kq1qd4",10/21/2022 11:11:00,1,1,3,2,,0,0,0,1,0,0,0,1,1,1981,0,0,1,0,0,1,5,5,1,1,1,0,0,0,0,0,0,0,0,0,1,0,0,0,0,0,0,0,0,4,1,2,1,4,1,9,3,1,3,1,3,,,,,,,3,3,,,4,1,1,1,1,2,1,1,1,2,,,,3,2,2,2,3,3,2,3,2,1,1,1,2,2,2,2,2,2,2,2,3,2,2,,,3,1,0,0,0,0,,,,,,2,1,0,0,0,0,0,0,1,1,1,1,5,6,0,1,1,2171.59,4,,10,,5,6,10/21/2022 10:34:00,8,3,4,4,4,1,2,1,2,1,1,1,,2,3,2,2,4,4,,2,4,2,,2,"85003",2.54473447799683,2,3
1121,"t32zvmf33p74b611",10/21/2022 11:03:00,1,1,3,2,,0,0,0,1,0,0,0,1,1,1995,1,0,0,0,0,1,4,3,1,0,0,0,1,0,0,0,0,0,0,0,0,0,0,0,0,0,1,1,0,2,2,1,2,2,3,7,1,3,2,4,1,,,,,,,3,3,,,2,2,2,4,3,4,3,3,3,2,,,,2,2,2,2,2,2,2,2,3,2,2,1,3,1,3,3,1,1,3,2,2,1,1,,,1,1,0,0,0,0,,,,,,2,1,0,0,0,0,0,0,1,1,1,2,3,4,1,0,1,1345.81,4,,12,,5,6,10/21/2022 10:39:00,14,2,6,2,2,6,2,2,2,2,2,,2,2,3,2,3,5,,2,3,2,2,1,,"86314",1.89051735401154,2,2
1122,"u94mk2c83vwxqyng",10/21/2022 11:11:00,4,2,3,1,,0,0,0,0,1,0,0,1,1,1978,0,0,1,0,0,1,4,4,1,1,0,0,0,0,0,0,0,0,0,0,0,0,0,0,1,0,1,0,0,4,1,3,2,4,2,10,4,2,4,2,4,,,,,,,4,3,,,4,4,3,1,1,2,3,3,1,2,,,,4,4,2,4,4,3,1,2,2,1,3,2,1,2,2,2,2,2,2,2,1,2,2,12,,3,1,0,0,0,0,1,1,2,3,1,2,0,1,1,0,0,0,0,1,1,1,2,5,3,1,0,4,1071.27,4,,10,,5,6,10/21/2022 10:52:00,8,3,4,4,4,1,1,2,3,4,4,,1,2,3,1,4,2,,3,4,3,2,1,,"85008",0.493671059608459,1,3
1123,"hcyz52zm77rew8w9",10/21/2022 11:43:00,1,1,3,2,,0,0,0,1,0,0,0,1,1,1979,0,0,1,0,0,1,5,1,1,0,0,0,0,0,0,0,0,0,0,0,1,0,0,0,0,0,0,0,0,1,1,1,1,1,3,10,1,4,1,4,1,,,,,,,1,1,,,1,1,1,1,2,1,1,1,1,2,,,,3,2,2,2,3,3,2,2,2,1,1,1,2,1,1,1,1,1,1,1,1,1,1,,,3,1,0,0,0,0,,,,,,2,1,0,0,0,0,0,0,1,1,1,1,1,6,0,1,1,1693.67,4,,12,,5,6,10/21/2022 11:14:00,8,1,1,2,1,4,2,1,2,2,2,3,,2,3,2,2,10,1,,2,2,2,,2,"85009",1.72751939296722,2,1
1126,"3patf4de5ukrqf9g",10/21/2022 11:56:00,1,1,3,2,,0,0,0,1,0,0,0,1,1,1972,0,0,1,0,0,1,5,5,1,0,0,0,1,0,0,0,1,0,0,0,1,0,0,0,0,0,0,0,0,4,2,3,2,3,2,8,4,1,3,2,3,,,,,,,3,3,,,3,2,3,2,3,4,2,1,4,1,0,1,0,2,4,2,3,3,3,2,3,2,2,1,2,2,2,2,2,2,2,2,2,3,2,2,,,1,1,0,0,0,0,,,,,,3,1,0,0,0,0,0,0,1,1,1,3,4,6,0,1,1,1654.04,4,,10,,5,6,10/21/2022 11:27:00,10,3,4,4,3,2,2,2,3,2,3,2,,2,2,4,3,5,3,,2,4,1,,1,"85929",2.54473447799683,2,3
1129,"kf57wp4p2a6va8v2",10/21/2022 12:29:00,1,1,3,2,,0,0,0,1,0,0,0,1,2,1987,0,1,0,0,0,1,5,5,1,1,0,0,0,0,0,1,1,0,0,0,0,0,0,0,0,0,0,0,0,3,3,1,2,3,2,7,4,1,3,2,3,,,,,,,3,3,,,3,2,3,2,3,3,2,1,4,2,,,,3,4,2,2,2,2,2,3,2,2,2,2,3,2,2,2,2,2,2,2,3,4,2,,,1,1,0,0,0,0,,,,,,2,1,0,0,0,0,0,0,4,1,1,4,4,5,0,1,1,1534.97,4,,10,,5,6,10/21/2022 12:02:00,15,3,4,4,3,2,2,2,3,3,2,2,,2,2,4,2,7,2,,2,3,1,,1,"85364",2.4174976348877,2,3
1130,"sztqg3puhf59sree",10/21/2022 12:13:00,4,2,3,2,,0,0,0,1,0,0,0,1,2,1991,0,1,0,0,0,1,3,2,1,0,0,0,1,1,1,0,0,0,0,0,0,0,0,0,0,0,0,0,0,2,2,1,3,2,1,4,1,4,1,4,1,,,,,,,1,6,,,1,4,4,4,2,1,2,4,4,1,1,0,0,1,1,1,1,1,1,4,4,4,2,2,1,3,1,1,1,1,1,1,1,4,1,3,,,1,1,0,0,0,0,,,,,,2,1,0,0,0,0,0,0,1,3,4,4,1,3,1,0,4,643.55,14,,10,,1,2,10/21/2022 12:02:00,11,1,1,1,1,4,2,1,1,1,1,,3,1,1,2,1,10,,5,1,1,1,2,,"85641",1.91946589946747,2,1
1132,"nae71ep4mbydm3gy",10/21/2022 12:39:00,1,1,3,2,,0,0,0,1,0,0,0,1,1,1978,0,0,1,0,0,1,5,1,1,0,0,1,0,0,0,0,0,0,0,0,0,0,0,0,1,0,0,0,0,1,1,2,4,1,4,9,1,3,1,2,1,,,,,,,2,1,,,1,4,4,4,4,4,4,4,4,1,0,0,1,3,2,2,2,3,3,2,2,2,1,1,1,2,1,1,1,1,1,1,1,1,1,1,,,2,1,0,0,0,0,,,,,,1,1,0,0,0,0,0,0,1,1,1,1,1,6,1,0,1,1624.66,4,,12,,5,6,10/21/2022 12:09:00,8,1,1,1,1,4,1,1,2,1,2,,2,3,1,2,2,10,,1,1,1,2,2,,"85085",1.72751939296722,2,1
1134,"8cqnzzeayhjwh704",10/21/2022 13:12:00,4,2,3,1,,0,0,0,0,1,0,0,1,1,1981,0,0,1,0,0,1,2,1,1,1,1,0,0,0,0,0,0,0,0,0,0,0,1,0,0,0,0,0,0,3,1,1,3,2,3,6,2,5,3,4,2,,,,,,,3,3,,,1,4,4,1,1,1,2,4,2,1,1,0,0,3,3,2,3,2,2,3,3,3,2,3,2,2,1,2,1,1,4,1,1,2,1,1,12,,3,0,0,0,1,0,6,4,2,3,1,1,0,1,0,0,0,0,0,1,1,1,1,1,3,1,0,4,1016.44,12,,11,,1,1,10/21/2022 12:43:00,8,1,1,3,6,6,2,2,3,3,1,,2,2,1,1,1,10,,1,1,1,2,2,,"85122",0.401989251375198,1,1
1135,"ebg6zd94su1v7u08",10/21/2022 13:01:00,4,2,3,1,,0,0,0,0,1,0,0,1,2,1984,0,1,0,0,0,1,4,5,1,1,0,1,0,0,0,0,0,0,0,0,0,1,0,0,0,0,0,0,0,3,1,1,2,2,2,9,4,2,2,2,3,,,,,,,2,5,,,3,2,1,4,1,1,2,4,4,1,1,1,0,1,1,1,1,3,2,1,1,1,2,3,1,1,2,2,2,2,2,2,2,2,2,5,12,,2,0,0,0,1,0,1,3,1,2,3,1,1,0,0,0,0,0,0,1,2,3,4,4,4,0,1,4,956.64,13,,11,,5,6,10/21/2022 12:44:00,15,3,3,6,2,3,1,2,2,2,1,3,,1,3,2,1,4,3,,2,4,2,,2,"85364",0.539784014225006,1,3
1136,"6vvzntaxx3s7hxwh",10/21/2022 12:59:00,4,2,3,1,,0,0,0,0,1,0,0,1,2,1979,0,0,1,0,0,1,3,6,1,1,0,1,0,0,0,0,0,0,0,0,0,1,0,0,0,0,0,0,0,4,3,3,3,4,4,3,5,5,5,5,5,,,,,,,5,5,,,5,4,4,4,4,4,4,4,4,2,,,,3,3,3,3,3,3,3,3,3,1,1,1,3,1,1,2,1,1,1,1,4,5,5,12,,2,0,0,0,1,0,5,3,2,1,3,1,1,0,0,0,0,0,0,1,1,1,1,2,2,1,0,4,306.49,14,,10,,1,2,10/21/2022 12:54:00,15,2,6,6,6,6,2,2,2,2,2,,2,1,1,1,1,5,,4,3,3,3,1,,"85364",0.411264002323151,1,2
1137,"7cy2w4357uks6scv",10/21/2022 13:51:00,1,1,3,1,,0,0,0,0,1,0,0,1,1,1983,0,1,0,0,0,2,2,1,1,1,0,0,0,0,0,0,0,0,0,0,1,0,0,0,1,0,0,0,0,1,1,3,1,1,4,9,1,3,1,3,2,,,,,,,1,1,,,2,3,4,4,3,4,1,1,1,1,1,0,0,3,2,2,2,3,2,2,2,4,1,2,1,2,1,1,1,1,1,1,1,1,1,3,17,,,1,0,0,0,0,1,1,3,2,1,1,0,1,0,0,1,0,0,1,1,4,4,2,5,0,1,1,1659.29,4,,10,,5,6,10/21/2022 13:23:00,12,1,1,1,2,3,2,2,2,2,1,2,,1,1,2,2,10,1,,2,1,2,,2,"85143",0.0748552531003952,1,1
1138,"585urb7hcj7udc7w",10/21/2022 14:02:00,1,1,3,2,,0,0,0,1,0,0,0,1,1,1977,0,0,1,0,0,1,5,1,1,0,1,0,0,0,0,0,0,0,0,0,1,0,0,0,0,0,0,0,1,1,1,1,1,1,3,10,1,3,1,4,1,,,,,,,1,1,,,1,1,1,1,2,1,1,1,1,2,,,,3,2,2,2,2,3,2,3,2,1,2,1,2,1,1,1,1,1,1,1,1,1,1,,,2,1,0,0,0,0,,,,,,2,1,0,0,0,0,0,0,1,1,1,1,1,4,0,1,1,1837.27,4,,10,,5,6,10/21/2022 13:31:00,11,1,1,1,1,4,2,1,2,1,2,2,,3,3,3,1,10,1,,1,2,3,,2,"85705",1.72751939296722,2,1
1140,"bkwbvtn6ugnvaq3a",10/21/2022 14:30:00,1,1,3,2,,0,0,0,1,0,0,0,1,2,1974,0,0,1,0,0,1,4,5,1,0,0,0,0,0,0,0,1,0,0,0,0,1,0,0,1,0,0,0,0,4,2,1,1,3,1,8,4,1,3,2,3,,,,,,,4,3,,,3,2,4,2,3,3,2,1,4,1,0,1,0,2,3,2,3,2,3,2,3,2,2,1,2,2,2,2,2,2,2,2,2,3,2,2,,,1,1,0,0,0,0,,,,,,3,1,0,0,0,0,0,0,1,4,1,2,4,6,1,0,1,1775.07,4,,10,,5,6,10/21/2022 14:00:00,11,3,4,4,3,1,2,2,2,2,3,,2,2,2,4,2,5,,3,2,4,1,1,,"85705",2.41749739646912,2,3
1141,"g7ujwnwspjkvy89r",10/21/2022 14:30:00,1,1,3,2,,0,0,0,1,0,0,0,1,1,1980,0,0,1,0,0,1,5,1,1,0,1,0,0,0,0,0,0,0,0,0,0,0,0,0,0,0,0,0,0,1,1,2,3,1,3,8,1,4,1,4,1,,,,,,,1,1,,,1,3,3,2,4,4,3,3,2,1,0,0,1,3,2,1,2,2,3,2,3,2,1,1,1,2,1,1,1,1,1,1,1,1,1,1,,,3,1,0,0,0,0,,,,,,3,1,0,0,0,0,0,0,1,1,1,1,1,6,1,0,1,1611.66,4,,12,,5,6,10/21/2022 14:00:00,8,1,1,1,1,4,2,1,2,1,1,,2,2,3,2,1,9,,1,1,2,2,2,,"85051",1.72751939296722,2,1
1144,"ncx389d0c4czex70",10/21/2022 14:36:00,4,2,3,1,,0,0,0,0,1,0,0,1,2,1991,0,1,0,0,0,1,5,2,1,0,1,0,1,0,1,0,0,0,0,0,0,0,0,0,0,0,0,0,0,3,1,1,2,2,2,10,3,4,3,3,2,,,,,,,2,2,,,2,4,1,1,4,1,3,3,4,1,1,1,1,1,2,1,1,1,1,3,4,3,2,3,1,2,1,1,1,3,3,1,1,2,1,1,12,,1,1,0,0,0,0,5,3,2,3,1,3,0,0,0,1,0,0,0,1,2,2,2,2,2,0,1,4,724.21,4,,10,,5,6,10/21/2022 14:23:00,11,1,2,6,6,6,2,2,1,1,3,3,,2,3,1,2,5,2,,1,1,2,,2,"85745",0.483492195606232,1,1
1146,"0jn2cf40hgke2rma",10/21/2022 14:56:00,1,1,3,2,,0,0,0,1,0,0,0,1,1,1976,0,0,1,0,0,1,5,1,1,0,1,0,0,0,0,0,0,0,1,0,1,0,0,0,0,0,0,0,0,1,1,1,2,1,3,9,1,4,1,4,1,,,,,,,1,1,,,1,2,3,2,4,3,2,2,2,2,,,,3,2,1,2,3,2,2,3,2,1,1,1,2,1,1,1,1,1,1,1,1,1,1,,,2,1,0,0,0,0,,,,,,1,1,0,0,0,0,0,0,1,1,1,1,1,6,1,0,1,1628.65,4,,10,,5,6,10/21/2022 14:26:00,11,1,1,1,1,4,2,1,3,2,1,,2,2,1,1,1,9,,1,1,2,2,2,,"85716",1.72751939296722,2,1
1149,"txpmege6xvjjvk31",10/21/2022 15:02:00,1,1,3,2,,0,0,0,1,0,0,0,1,1,1985,0,1,0,0,0,1,5,2,1,0,0,1,0,0,0,0,0,0,0,0,1,1,0,0,0,0,0,0,0,1,1,3,1,1,3,9,1,4,1,4,1,,,,,,,1,1,,,1,2,2,2,3,2,2,2,4,1,0,1,1,1,2,1,2,2,1,3,3,3,2,2,1,1,3,1,1,1,1,1,1,2,1,1,,,1,1,0,0,0,0,,,,,,2,1,0,0,0,0,0,0,1,1,2,3,1,5,0,1,1,1290.45,4,,10,,5,6,10/21/2022 14:39:00,10,1,1,1,2,4,2,1,3,2,2,2,,2,2,2,2,8,1,,1,2,2,,1,"86047",1.72751939296722,2,1
1151,"ebpsruv9a0umn0y3",10/21/2022 15:28:00,1,1,3,2,,0,0,0,1,0,0,0,1,1,1981,0,0,1,0,0,1,5,1,1,1,0,1,0,0,0,0,0,0,0,0,0,1,0,0,0,0,0,0,0,1,1,2,3,1,3,10,1,4,2,4,1,,,,,,,1,1,,,1,3,2,3,4,3,3,3,2,2,,,,3,2,2,2,2,2,3,3,2,1,2,1,2,1,1,1,1,1,1,1,1,1,1,,,2,1,0,0,0,0,,,,,,1,1,0,0,0,0,0,0,1,1,1,1,1,5,1,0,1,1675.39,4,,12,,5,6,10/21/2022 14:57:00,11,1,1,1,1,4,2,1,2,2,1,,2,2,3,2,2,10,,1,1,2,1,2,,"33130",1.72751939296722,2,1
1152,"batmc7hdy127f3e8",10/21/2022 15:08:00,4,2,3,1,,0,0,0,0,1,0,0,1,2,1980,0,0,1,0,0,1,3,2,1,1,0,0,1,0,0,0,0,0,0,0,1,0,0,0,0,0,0,0,0,2,1,1,3,2,3,10,3,4,3,3,2,,,,,,,4,5,,,6,4,4,4,4,3,4,4,4,1,1,0,0,2,1,3,4,1,2,3,4,2,2,3,2,3,1,3,4,1,1,1,4,3,1,5,12,,1,1,0,0,0,0,6,4,2,3,1,1,0,0,0,1,0,0,0,1,2,4,2,2,3,0,1,4,480.95,14,,10,,1,2,10/21/2022 15:00:00,11,1,5,1,1,6,2,1,2,1,2,1,,1,1,2,1,10,1,,1,1,2,,2,"85746",0.465962111949921,1,1
1154,"9kt0p0u1z9dq796y",10/21/2022 15:38:00,1,1,3,2,,0,0,0,1,0,0,0,1,1,1993,1,0,0,0,0,1,4,2,1,0,1,0,0,0,0,0,0,0,0,0,0,0,0,0,1,0,1,0,0,2,2,1,2,1,3,7,1,4,2,4,1,,,,,,,3,3,,,2,2,2,1,4,4,3,3,3,1,1,0,0,2,2,2,2,2,2,3,3,2,2,1,2,2,1,1,1,1,1,1,1,2,1,1,,,1,1,0,0,0,0,,,,,,2,1,0,0,0,0,0,0,1,1,1,3,4,5,1,0,1,1477.63,4,,12,,5,6,10/21/2022 15:13:00,14,1,2,2,2,3,2,2,2,2,2,,2,2,3,3,3,5,,2,2,2,2,1,,"86301",1.72751927375793,2,1
1156,"4ga727cz5ja08mg0",10/21/2022 15:26:00,4,2,3,1,,0,0,0,0,1,0,0,1,2,1983,0,1,0,0,0,1,5,3,1,1,0,0,0,0,0,0,0,0,0,0,0,0,0,0,0,1,1,0,0,4,3,2,3,4,2,5,4,2,4,2,4,,,,,,,4,5,,,6,4,2,3,1,1,3,1,4,2,,,,4,3,2,4,4,3,1,3,3,1,2,2,1,2,2,3,2,2,2,2,1,5,5,1,,1,0,0,0,1,0,2,4,2,3,1,1,0,0,0,1,0,1,0,3,3,3,2,6,3,0,1,4,589.52,14,,10,,1,2,10/21/2022 15:16:00,8,2,6,6,6,6,2,3,4,2,4,1,,2,3,1,2,10,3,,4,3,1,,1,"85326",0.285600006580353,1,2
1157,"22w998am2a7m3t5y",10/21/2022 15:33:00,4,2,3,1,,0,0,0,0,1,0,0,1,2,1992,0,1,0,0,0,1,2,1,1,0,0,0,0,0,1,1,0,0,0,0,0,1,0,0,0,0,0,0,0,3,1,1,3,3,3,10,3,1,2,5,3,,,,,,,2,6,,,6,2,2,1,1,1,2,3,3,1,1,0,0,1,1,2,1,1,1,1,1,1,1,2,2,3,4,4,1,1,2,4,4,2,1,1,12,,2,1,0,0,0,0,1,1,2,1,3,1,1,0,0,0,0,0,0,1,3,1,3,3,4,1,0,4,965.21,14,,10,,1,2,10/21/2022 15:16:00,8,1,2,6,6,3,1,1,3,1,1,,4,1,3,1,2,10,,1,1,2,2,2,,"85301",0.483492195606232,1,1
1159,"4dw8gfz9vnuxscf1",10/21/2022 15:51:00,1,1,3,1,,0,0,0,0,1,0,0,1,1,1990,0,1,0,0,0,1,2,3,1,0,1,1,0,0,0,0,0,0,0,0,0,0,0,0,1,0,0,0,0,2,2,1,3,2,3,7,2,3,2,3,2,,,,,,,2,5,,,5,3,4,3,3,4,2,2,3,1,0,0,1,3,3,2,2,3,2,3,2,3,2,2,2,2,3,3,3,1,3,1,3,2,5,5,5,,3,1,0,0,0,0,2,3,2,3,1,2,0,1,0,0,0,0,0,1,3,1,4,3,4,0,1,1,1569.07,4,,10,,5,6,10/21/2022 15:24:00,2,2,5,2,5,5,2,2,2,2,1,2,,1,3,3,2,8,2,,1,2,2,,1,"85635",0.336192011833191,1,2
1162,"28r81gaztdm9dtet",10/21/2022 16:04:00,1,1,3,2,,0,0,0,1,0,0,0,1,1,1981,0,0,1,0,0,1,5,1,1,0,1,0,0,0,0,0,0,0,0,0,1,0,0,0,0,0,0,0,0,1,1,2,1,1,3,10,1,4,1,4,1,,,,,,,1,1,,,1,1,1,2,2,1,1,1,1,1,0,0,1,3,2,1,2,2,2,2,2,3,1,1,1,3,1,1,1,1,1,1,1,1,1,1,,,3,1,0,0,0,0,,,,,,1,1,0,0,0,0,0,0,1,1,1,1,1,5,1,0,1,1409.33,4,,12,,5,6,10/21/2022 15:38:00,11,1,1,1,1,4,2,1,2,2,2,,3,2,3,2,1,10,,1,1,2,2,2,,"85712",1.72751939296722,2,1
1166,"x9ya9jj1vdmbm58e",10/21/2022 16:46:00,4,2,3,1,,0,0,0,0,1,0,0,1,2,1991,0,1,0,0,0,1,3,6,1,1,1,0,0,0,0,0,0,0,0,0,0,0,1,0,0,0,0,0,0,1,1,1,3,2,4,1,1,4,1,5,5,,,,,,,1,5,,,6,1,1,1,2,1,3,3,1,2,,,,1,1,1,2,3,1,3,3,4,1,2,1,1,4,4,4,4,4,4,4,1,1,1,12,,3,1,0,0,0,0,1,3,2,1,3,1,0,1,0,0,0,0,0,1,3,1,4,1,2,0,1,4,1690.78,14,,10,,1,2,10/21/2022 16:18:00,8,2,6,6,6,6,1,1,1,2,1,1,,2,1,1,1,9,1,,1,1,1,,1,"85339",0.411264002323151,1,2
1167,"8y1j6z054y85tcwu",10/21/2022 16:30:00,4,2,3,1,,0,0,0,0,1,0,0,1,2,1966,0,0,1,0,0,1,6,2,1,1,1,1,0,0,0,0,0,0,0,0,0,0,0,0,0,0,0,0,0,2,1,1,3,2,3,9,3,4,2,3,2,,,,,,,2,5,,,2,4,2,1,3,2,4,4,4,2,,,,1,2,2,1,2,1,3,3,4,2,3,1,3,4,4,4,1,1,1,4,3,1,1,12,,1,1,0,0,0,0,6,4,1,3,2,4,0,1,0,1,0,0,0,1,4,1,4,2,3,0,1,4,687.1,13,,10,,5,6,10/21/2022 16:18:00,8,1,1,1,6,6,2,2,3,2,2,2,,1,1,3,3,10,1,,1,1,2,,2,"85285",0.497996956110001,1,1
1169,"1kdn66v37frmw92n",10/21/2022 16:51:00,4,2,3,1,,0,0,0,0,1,0,0,1,2,1979,0,0,1,0,0,1,3,5,1,1,0,0,0,0,0,0,0,0,0,0,0,0,0,0,0,1,1,0,0,4,1,1,1,4,2,10,4,1,4,1,4,,,,,,,4,4,,,4,4,4,4,1,4,4,4,4,1,0,0,1,2,4,1,3,3,2,1,1,1,1,3,2,1,2,2,2,2,2,2,2,1,2,4,12,,1,0,0,0,0,1,6,4,2,3,1,1,0,1,0,0,0,0,0,1,3,2,2,4,1,1,0,4,1293.43,14,,10,,1,2,10/21/2022 16:29:00,8,3,3,4,6,1,1,1,2,1,3,,2,2,3,1,1,0,,4,3,4,3,2,,"85303",0.518354594707489,1,3
1170,"5tnfp8znawxw8myz",10/21/2022 16:42:00,113,2,3,1,,0,0,0,0,1,0,0,1,2,1968,0,0,1,0,0,1,5,2,1,0,0,0,0,0,0,0,0,0,0,0,0,1,0,0,0,0,0,0,0,1,1,3,1,1,3,7,1,4,1,3,1,,,,,,,1,6,,,1,4,1,2,1,1,2,1,4,1,1,1,0,1,1,1,1,1,1,1,1,1,2,1,2,2,3,1,1,1,1,1,1,1,1,2,17,,1,0,1,0,0,0,1,1,1,2,3,1,0,0,1,0,0,0,0,1,1,1,1,1,4,0,1,6,493.09,12,,13,,1,1,10/21/2022 16:34:00,15,1,1,4,6,6,2,2,2,2,2,2,,1,1,2,2,8,2,,2,1,2,,1,"85711",0.16121444106102,1,1
1171,"2kt432t08fcpmeaj",10/21/2022 17:05:00,113,2,3,2,,0,0,0,1,0,0,0,1,2,2003,1,0,0,0,0,1,1,4,1,1,0,0,0,0,0,0,0,0,0,0,1,0,1,0,0,0,0,0,0,3,3,1,3,2,2,6,3,1,4,5,5,,,,,,,2,5,,,3,4,1,1,1,2,4,4,4,2,,,,1,2,1,2,2,2,2,3,3,2,3,1,2,2,2,3,2,2,2,3,1,4,4,,,1,1,0,0,0,0,,,,,,1,0,0,1,0,0,0,0,4,4,4,4,4,2,1,0,6,1679.23,14,,10,,3,2,10/21/2022 16:35:00,14,3,3,2,2,6,1,1,2,2,3,,3,1,3,3,3,3,,4,2,3,2,2,,"86337",2.72943449020386,2,3
1174,"999cbcz2p5abeb4q",10/21/2022 16:48:00,113,2,3,1,,0,0,0,0,1,0,0,1,2,1983,0,1,0,0,0,1,2,3,1,1,0,0,0,0,1,0,0,0,0,0,0,0,0,0,0,0,0,1,0,4,2,3,2,2,2,6,4,4,4,3,3,,,,,,,4,3,,,3,3,1,1,2,1,3,3,4,2,,,,1,1,1,1,4,2,4,4,4,3,2,1,2,3,3,3,3,3,4,3,3,2,2,17,,1,1,0,0,0,0,3,2,2,1,3,2,0,0,0,0,0,1,0,2,1,1,1,3,1,0,1,6,283.56,14,,10,,1,2,10/21/2022 16:43:00,8,2,5,3,5,5,2,2,2,2,1,2,,2,1,2,2,6,5,,3,2,2,,2,"85281",0.137130841612816,1,2
1177,"47qgv3atfgdr0xjn",10/21/2022 17:42:00,113,2,3,2,,0,0,0,1,0,0,0,1,1,1980,0,0,1,0,0,1,5,1,1,0,0,0,1,0,1,0,1,0,0,0,0,0,0,0,0,0,0,0,0,1,1,1,1,1,4,10,1,4,1,4,1,,,,,,,1,3,,,1,4,3,2,1,2,1,4,4,2,,,,1,1,1,1,1,1,3,4,4,2,2,1,3,1,1,1,1,1,1,1,4,1,1,,,1,1,0,0,0,0,,,,,,3,1,0,0,0,0,0,0,1,1,1,4,1,4,1,0,6,724.12,4,,10,,5,6,10/21/2022 17:30:00,8,1,1,1,1,4,2,2,2,2,1,,4,1,1,5,2,10,,1,1,1,2,2,,"85224",1.72751939296722,2,1
1180,"4bss7q1ymu9mf9cq",10/21/2022 18:36:00,113,2,3,1,,0,0,0,0,1,0,0,1,2,1991,0,1,0,0,0,1,3,5,1,0,0,0,0,0,0,0,1,0,0,0,0,0,0,0,0,0,1,0,0,4,2,1,2,3,2,5,4,1,4,1,4,,,,,,,4,2,,,4,4,1,1,1,4,2,2,4,2,,,,1,4,1,4,1,2,1,1,4,3,2,1,1,2,2,2,2,2,2,2,1,2,2,21,1,1,1,0,0,0,0,6,4,2,3,1,4,1,0,0,0,0,0,0,1,4,4,4,5,5,0,1,6,1875.02,12,,13,,1,1,10/21/2022 18:04:00,11,3,4,4,4,1,2,2,3,2,1,1,,3,1,3,3,0,5,,4,4,4,,2,"85730",0.359968513250351,1,3
1182,"skk4an64k5j6ukch",10/21/2022 19:07:00,4,2,3,1,,0,0,0,0,1,0,0,1,2,1960,0,0,0,1,0,1,2,3,1,1,1,1,0,0,0,0,0,0,0,0,0,0,0,0,0,0,0,0,0,2,1,1,1,2,2,5,5,5,5,4,5,,,,,,,6,5,,,6,3,2,2,3,1,1,1,1,2,,,,4,4,4,4,4,4,4,3,4,2,2,1,2,3,4,3,3,4,3,4,2,1,1,12,,1,0,0,0,1,0,1,1,2,3,1,1,1,0,0,0,0,0,0,4,4,4,4,2,1,1,0,4,1722.94,12,,11,,1,1,10/21/2022 18:38:00,8,2,6,6,6,6,3,2,2,2,3,,3,2,2,3,3,5,,2,2,2,2,2,,"85301",0.411264002323151,1,2
1186,"wzegzw1bdmxwgffa",10/21/2022 21:17:00,4,2,3,1,,0,0,0,0,1,0,0,1,2,1968,0,0,1,0,0,1,2,6,1,0,0,0,1,0,1,0,0,0,0,0,0,0,0,0,0,0,0,1,0,1,2,1,4,2,2,6,1,5,1,3,5,,,,,,,1,3,,,3,4,1,1,1,4,4,4,4,2,,,,1,2,1,1,3,1,4,1,1,2,3,1,2,3,3,3,4,4,3,3,2,1,1,22,1,1,1,0,0,0,0,6,4,2,3,1,1,1,0,0,0,0,0,0,1,1,1,1,3,3,0,1,4,7161.05,14,,10,,1,2,10/21/2022 19:17:00,11,2,2,2,5,6,1,1,1,1,3,3,,2,1,3,1,4,1,,1,1,1,,2,"85706",0.31439208984375,1,2
1188,"ukmn9jxpyqryg0wt",10/21/2022 19:55:00,4,2,3,1,,0,0,0,0,1,0,0,1,2,1970,0,0,1,0,0,1,1,3,1,1,0,0,1,0,0,1,0,0,0,0,0,0,0,0,0,0,0,0,0,1,5,,1,4,4,0,1,4,6,6,5,,,,,,,5,5,,,6,1,2,1,4,1,4,1,4,2,,,,4,1,1,1,1,4,4,1,4,3,3,2,1,4,3,4,4,4,3,4,4,1,1,12,,1,0,1,1,0,0,1,3,1,3,2,1,1,0,0,0,0,0,0,3,3,4,4,3,2,1,0,4,1584.98,12,,13,,1,1,10/21/2022 19:28:00,8,2,6,4,6,6,4,4,2,1,5,,3,2,1,3,3,5,,1,4,3,4,1,,"85382",0.394936829805374,1,2
1190,"ff8jaaehwwkh5kba",10/22/2022 01:44:00,113,2,3,1,,0,0,0,0,1,0,0,1,2,1990,0,1,0,0,0,3,5,4,1,1,0,0,0,0,0,0,0,0,0,0,0,0,0,0,1,1,0,0,0,3,2,3,2,3,3,7,3,2,3,2,2,,,,,,,3,6,,,3,1,4,3,2,1,2,2,2,2,,,,1,1,1,4,1,1,1,1,1,2,2,2,2,2,2,2,2,2,3,2,2,2,2,12,,,1,0,0,0,0,1,1,2,1,3,2,0,0,0,0,0,0,1,1,1,1,2,4,4,0,1,6,21655.62,12,,13,,1,1,10/21/2022 19:43:00,8,3,3,4,3,2,1,1,2,1,1,1,,2,3,1,2,5,2,,4,4,1,,2,"85226",0.673860907554626,1,3
1191,"1jt76kxhupgmm0t7",10/21/2022 20:10:00,4,2,3,1,,0,0,0,0,1,0,0,1,2,1992,0,1,0,0,0,1,3,2,1,1,0,0,1,0,0,0,0,0,0,0,0,0,0,1,0,0,0,0,0,2,1,1,2,2,4,9,2,4,2,3,2,,,,,,,2,3,,,1,4,2,2,2,1,2,4,3,1,0,1,0,2,1,2,2,1,1,1,3,4,3,2,1,2,1,3,1,1,2,1,1,3,1,5,12,,1,1,0,0,0,0,2,3,3,2,1,2,0,1,1,0,0,0,0,1,2,1,2,2,3,1,0,4,1022.95,12,,13,,1,1,10/21/2022 19:53:00,11,1,1,4,1,1,2,2,2,1,2,,2,1,1,2,1,10,,5,1,1,1,2,,"85713",0.464297562837601,1,1
1194,"u3y3jzx8he9fb52b",10/21/2022 21:20:00,4,2,3,2,,0,0,0,1,0,0,0,1,2,1973,0,0,1,0,0,1,4,2,1,1,0,0,1,0,0,0,0,0,0,0,0,1,0,0,0,0,0,0,0,2,1,1,3,2,1,10,2,4,2,3,3,,,,,,,2,3,,,6,4,4,3,4,4,2,4,4,2,,,,2,2,2,2,1,1,2,4,4,1,2,1,2,4,2,1,1,3,1,2,2,1,1,,,3,1,0,0,0,0,,,,,,1,0,0,1,0,0,0,0,1,3,1,3,3,3,0,1,4,872.16,12,,13,,1,1,10/21/2022 21:05:00,8,1,1,6,1,6,2,3,2,1,1,1,,1,3,3,4,10,5,,1,1,2,,2,"85051",1.86355912685394,2,1
1196,"x0gva6ghhejp7am2",10/21/2022 22:35:00,4,2,3,1,,0,0,0,0,1,0,0,1,2,1984,0,1,0,0,0,1,4,2,1,0,0,1,0,0,1,0,0,0,0,0,0,0,0,0,0,0,1,0,0,2,2,1,3,1,2,5,2,4,2,3,4,,,,,,,1,3,,,1,2,1,1,2,4,4,4,4,1,1,0,0,2,3,2,1,2,2,3,3,3,3,2,2,2,3,2,3,2,3,1,1,2,1,1,12,,1,0,0,0,0,1,1,2,1,2,3,1,1,0,0,0,0,0,0,1,2,1,2,2,2,0,1,4,4708.74,14,,10,,1,2,10/21/2022 21:16:00,8,1,1,1,2,3,2,1,1,2,3,2,,1,1,2,1,10,1,,2,1,1,,2,"84257",0.497996956110001,1,1
1198,"euuj667q9k0yk3xr",10/21/2022 21:40:00,4,2,3,1,,0,0,0,0,1,0,0,1,2,1992,0,1,0,0,0,1,4,5,1,1,0,1,1,0,0,0,0,0,0,0,0,0,0,0,0,0,0,0,0,3,3,1,3,2,2,4,3,1,3,2,3,,,,,,,3,3,,,3,3,2,2,2,1,1,1,4,1,0,1,0,2,4,2,4,3,3,4,3,3,3,2,1,1,2,2,1,1,2,3,2,2,2,2,12,,3,1,0,0,0,0,6,3,2,1,3,2,1,0,0,0,0,0,0,1,2,3,4,4,6,0,1,4,559.91,14,,10,,1,2,10/21/2022 21:30:00,12,3,5,3,6,6,2,2,2,2,3,1,,2,3,3,4,5,5,,2,2,1,,1,"85132",0.394936829805374,1,3
1199,"74tuqsk1zqu6d89e",10/21/2022 21:49:00,113,2,3,1,,0,0,0,0,1,0,0,1,2,1983,0,1,0,0,0,1,2,3,1,1,0,0,0,0,1,0,0,0,0,0,0,0,0,0,0,0,0,1,0,4,2,3,2,2,2,5,4,4,4,2,3,,,,,,,4,3,,,3,4,1,1,2,1,3,3,4,2,,,,1,1,1,1,4,1,4,4,4,3,2,1,2,3,3,3,3,3,3,3,4,2,2,17,,1,1,0,0,0,0,3,3,2,1,3,2,0,0,0,0,0,1,0,1,1,1,1,3,1,0,1,6,462.24,14,,10,,1,2,10/21/2022 21:41:00,8,2,5,3,5,2,2,3,2,2,1,1,,2,1,2,1,6,5,,3,3,2,,2,"85281",0.137130841612816,1,2
1200,"vyz9ac946pdwvya0",10/21/2022 21:59:00,113,2,3,1,,0,0,0,0,1,0,0,1,2,1977,0,0,1,0,0,3,6,1,1,1,0,0,0,1,0,0,0,0,0,0,0,0,0,0,1,0,0,0,0,2,1,3,3,2,3,8,2,4,1,4,1,,,,,,,1,4,,,1,4,2,1,1,1,1,4,1,1,1,0,0,1,1,1,1,3,1,1,3,1,2,3,1,3,1,1,1,1,1,3,1,4,1,1,12,,,0,0,1,1,0,1,3,3,1,2,1,0,1,0,1,0,0,1,1,1,1,2,1,3,1,0,6,1007.64,14,,10,,1,2,10/21/2022 21:41:00,11,1,1,1,1,3,2,2,2,2,1,,4,1,3,2,2,10,,1,1,1,1,2,,"85712",0.647396087646484,1,1
1201,"rse7d456a35y41zm",10/21/2022 21:55:00,4,2,3,1,,0,0,0,0,1,0,0,1,1,1985,0,1,0,0,0,1,3,1,1,0,0,0,1,1,1,0,0,0,0,0,0,0,0,0,0,0,0,0,0,1,1,1,2,1,2,9,1,4,2,3,1,,,,,,,1,3,,,1,4,2,1,2,1,3,3,3,2,,,,1,1,1,1,1,1,3,4,4,2,3,1,2,2,3,1,1,1,1,1,3,1,1,12,,2,1,0,0,0,0,2,3,1,3,2,4,1,0,0,0,0,0,0,1,2,1,2,1,1,1,0,4,748.34,12,,13,,1,1,10/21/2022 21:42:00,8,1,1,1,2,3,2,2,1,1,1,,4,2,3,2,1,10,,1,1,1,1,2,,"85040",0.431166261434555,1,1
1202,"m1jd9jr8mpkxa433",10/21/2022 23:20:00,4,2,3,1,,0,0,0,0,1,0,0,1,2,1992,0,1,0,0,0,1,3,1,1,1,0,0,0,0,0,0,0,0,0,0,0,0,0,0,0,0,0,0,0,2,3,1,4,2,2,5,6,4,6,6,6,,,,,,,6,6,,,6,4,1,1,2,4,4,4,1,1,1,0,0,1,1,1,1,3,2,4,1,1,3,3,1,2,3,3,3,1,3,1,3,1,1,5,21,1,2,1,0,0,0,0,1,1,1,3,2,1,1,0,0,0,0,0,0,3,4,4,4,2,1,1,0,4,5208.22,12,,11,,1,6,10/21/2022 21:53:00,8,1,6,6,6,6,1,2,2,1,1,,3,1,3,2,1,10,,5,1,2,2,2,,"85286",0.314159989356995,1,1
1205,"vk16grrsd52gbxnj",10/21/2022 22:25:00,4,2,3,1,,0,0,0,0,1,0,0,1,2,1980,0,0,1,0,0,1,3,6,1,0,0,1,0,0,0,0,0,0,0,0,0,0,1,0,0,0,0,1,0,2,4,,4,2,2,5,5,5,5,5,5,,,,,,,5,5,,,6,4,4,4,2,4,4,4,4,2,,,,3,2,3,3,4,2,2,3,3,2,3,1,2,4,4,4,4,4,4,4,4,5,5,12,,3,1,0,0,0,0,1,4,2,1,3,1,1,0,0,0,0,0,0,3,3,3,3,5,1,0,1,4,913.54,14,,10,,1,2,10/21/2022 22:09:00,10,2,6,6,6,6,1,1,3,2,3,3,,2,1,2,1,5,5,,3,2,1,,1,"86047",0.411264002323151,1,2
1208,"cggbq4bchtcwewhg",10/21/2022 22:31:00,4,2,3,1,,0,0,0,0,1,0,0,1,2,1982,0,0,1,0,0,1,4,2,1,1,1,0,0,0,0,0,0,0,0,0,0,1,0,0,0,0,0,0,0,3,3,1,3,3,3,3,3,3,3,2,2,,,,,,,3,3,,,3,4,2,1,1,1,2,2,4,1,1,0,0,3,2,2,2,2,2,3,2,2,3,3,1,2,4,4,4,1,2,1,2,2,1,3,12,,2,1,0,0,0,0,2,3,2,3,1,1,0,0,1,0,0,0,1,1,4,4,4,2,3,1,0,4,939,14,,10,,1,2,10/21/2022 22:15:00,8,1,2,3,6,2,2,2,4,2,2,,3,1,3,1,2,7,,5,1,3,1,2,,"85295",0.464297562837601,1,1
1209,"f0au0kk9pj8d3fzt",10/21/2022 22:38:00,4,2,3,6,2,0,0,0,0,0,1,0,1,2,1985,0,1,0,0,0,1,3,2,1,1,0,0,1,0,0,0,0,0,0,0,1,0,0,0,0,0,0,0,0,2,1,2,3,2,2,10,2,4,6,5,5,,,,,,,5,5,,,6,4,1,4,1,1,2,3,4,2,,,,1,2,1,3,1,2,3,4,4,3,3,1,3,4,4,4,4,4,1,4,3,5,1,,,1,1,0,0,0,0,,,,,,1,1,0,0,0,0,0,0,2,2,2,2,2,3,0,1,4,1095.19,12,,11,,1,1,10/21/2022 22:19:00,8,1,6,6,6,6,2,1,2,1,2,3,,1,3,3,3,5,5,,1,2,1,,2,"85020",0.800000011920929,2,1
1213,"k7d24zqr0qhgnjub",10/21/2022 23:16:00,4,2,3,1,,0,0,0,0,1,0,0,1,1,1959,0,0,0,1,0,1,3,3,1,1,1,0,0,0,1,0,0,0,0,0,0,0,0,0,0,0,0,0,0,1,1,1,2,1,3,10,1,4,3,4,2,,,,,,,2,4,,,1,4,4,2,1,4,2,4,3,1,1,0,0,2,2,1,2,3,1,1,3,3,2,3,1,2,4,1,1,3,4,4,1,4,1,3,12,,1,1,0,0,0,0,5,4,3,2,1,4,1,0,0,0,0,0,0,1,4,3,1,2,2,1,0,4,1549.5,4,,10,,5,6,10/21/2022 22:48:00,11,2,1,1,1,4,2,2,2,3,2,,4,1,3,4,1,10,,1,1,1,1,2,,"85710",0.517399489879608,1,2
1214,"3tf8k1tt5a53dt3m",10/21/2022 23:12:00,4,2,3,1,,0,0,0,0,1,0,0,1,2,1991,0,1,0,0,0,1,2,6,1,1,0,0,0,0,0,0,0,0,0,0,1,1,0,0,0,0,0,0,0,3,3,1,3,3,3,4,5,3,6,3,5,,,,,,,6,3,,,6,4,2,4,4,2,4,4,2,1,0,0,1,1,2,2,4,2,2,2,3,2,3,2,2,2,4,4,4,3,4,4,4,2,5,1,21,2,1,1,0,0,0,0,1,2,1,2,3,2,1,0,0,0,0,0,0,4,4,1,4,6,4,1,0,4,1186.5,12,,13,,1,1,10/21/2022 22:51:00,8,2,2,5,6,5,2,2,2,2,2,,3,2,3,3,3,5,,5,3,2,2,2,,"85017",0.183141022920609,1,2
1222,"qz6hzdgzcy5gqbnq",10/22/2022 01:06:00,4,2,3,1,,0,0,0,0,1,0,0,1,1,1990,0,1,0,0,0,1,4,4,1,0,0,1,0,0,0,0,0,0,0,1,0,0,0,0,1,0,0,0,0,4,1,3,2,1,4,10,4,1,4,1,1,,,,,,,3,2,,,1,2,1,3,2,1,3,3,2,2,,,,1,1,1,4,1,1,1,1,1,2,2,1,1,1,2,3,1,1,1,3,4,2,2,12,,3,1,0,0,0,0,1,2,1,2,3,4,0,1,0,0,0,0,1,1,3,1,3,3,5,1,0,4,438.91,12,,13,,1,1,10/22/2022 00:58:00,8,3,1,1,6,1,1,2,2,1,1,,5,1,1,1,3,0,,5,3,4,1,2,,"85033",0.431166261434555,1,3
1227,"s34gbp9th30gv715",10/22/2022 02:01:00,113,2,3,2,,0,0,0,1,0,0,0,1,2,1990,0,1,0,0,0,1,5,4,1,0,0,1,0,1,0,0,0,1,0,0,0,0,0,0,0,0,0,0,0,4,3,3,1,1,1,8,2,2,3,3,4,,,,,,,3,4,,,3,2,1,2,2,3,2,2,2,1,0,1,0,1,2,1,1,2,2,2,2,2,2,2,1,2,3,2,2,2,2,2,2,2,2,4,,,1,1,0,0,0,0,,,,,,1,1,0,0,0,0,0,0,1,1,3,3,5,6,1,0,6,1234.73,3,,10,,5,6,10/22/2022 01:38:00,3,3,4,4,4,1,1,1,2,2,2,,3,1,1,2,3,8,,3,1,3,1,1,,"85001",2.4174976348877,2,3
1228,"m76bq2t0uecmp6w2",10/22/2022 01:49:00,113,2,3,2,,0,0,0,1,0,0,0,1,2,1987,0,1,0,0,0,1,5,1,1,0,0,0,1,0,0,0,0,0,0,0,0,0,0,0,0,1,0,1,0,1,1,1,1,1,1,10,2,3,1,2,1,,,,,,,1,1,,,1,1,1,2,1,2,2,2,1,1,1,1,0,1,2,1,2,2,1,1,1,1,1,1,1,1,1,1,2,2,1,1,2,1,1,1,,,1,0,1,1,0,0,,,,,,1,0,1,0,0,0,0,0,1,2,2,1,1,6,0,1,6,430.45,13,,10,,5,6,10/22/2022 01:41:00,1,1,1,1,1,1,1,1,1,1,1,1,,1,1,1,1,9,1,,1,1,1,,1,"85001",1.91946601867676,2,1
1229,"c0pbq49a8vx6n7ad",10/22/2022 02:15:00,113,2,3,2,,0,0,0,1,0,0,0,1,2,1987,0,1,0,0,0,1,5,1,1,0,0,0,0,1,0,0,0,0,1,0,0,0,0,0,0,0,0,1,0,1,2,2,1,1,1,9,2,1,2,3,2,,,,,,,1,1,,,2,2,1,1,1,2,1,1,1,1,1,0,0,1,2,1,2,1,1,1,1,1,2,1,1,1,1,1,1,1,1,1,1,1,1,1,,,1,0,1,0,0,0,,,,,,1,0,1,0,0,0,0,0,1,1,1,1,2,6,0,1,6,453.11,13,,10,,5,6,10/22/2022 02:06:00,1,1,1,2,2,3,2,1,1,2,1,1,,1,1,1,4,7,1,,1,1,1,,1,"85001",1.91946601867676,2,1
1230,"3nxgpf722am01b0g",10/22/2022 02:27:00,113,2,3,1,,0,0,0,0,1,0,0,1,2,1985,0,1,0,0,0,1,1,6,1,0,0,0,0,0,0,0,0,0,0,0,0,0,0,0,0,1,0,0,0,4,5,,4,4,3,2,2,4,3,3,1,,,,,,,3,4,,,6,1,4,2,2,3,2,1,2,2,,,,3,4,2,3,2,3,2,3,2,3,3,2,3,2,3,4,1,3,2,3,2,5,5,12,,3,0,1,0,0,0,1,1,3,2,1,3,1,0,0,0,0,0,0,2,3,2,3,6,2,0,1,6,708.77,14,,10,,1,2,10/22/2022 02:14:00,8,2,6,6,6,6,2,4,2,3,2,3,,2,2,4,3,5,5,,4,3,4,,2,"85335",0.411264002323151,1,2
1231,"eew8ugjqnrduty8n",10/22/2022 02:53:00,113,2,3,2,,0,0,0,1,0,0,0,1,1,1987,0,1,0,0,0,1,5,1,1,0,1,0,0,0,0,0,0,0,1,0,0,0,0,0,0,0,0,0,1,1,1,1,1,1,1,10,1,1,1,1,1,,,,,,,1,1,,,4,1,1,1,1,1,1,1,1,1,1,0,0,1,1,1,1,1,1,1,1,1,1,1,1,1,1,1,1,1,1,1,1,1,1,1,,,1,1,0,0,0,0,,,,,,1,1,0,0,0,0,0,0,1,1,1,1,1,6,1,0,6,405.56,4,,10,,5,6,10/22/2022 02:44:00,11,1,4,4,4,4,1,1,1,1,1,,1,1,1,1,1,8,,1,1,1,1,1,,"75001",2.08205509185791,2,1
1234,"e9198dw1b15ax9tf",10/22/2022 04:24:00,113,2,3,1,,0,0,0,0,1,0,0,1,1,1973,0,0,1,0,0,1,5,2,1,0,1,0,0,0,1,0,0,0,0,0,1,0,0,0,0,0,0,0,0,1,1,2,1,2,4,8,1,4,1,4,1,,,,,,,1,5,,,1,2,2,4,1,1,4,4,2,1,1,0,0,1,1,1,1,1,1,4,1,4,2,1,2,2,1,1,1,1,1,1,1,2,1,1,3,,1,0,0,0,1,0,2,3,2,1,3,2,0,0,1,0,0,0,0,1,1,1,1,1,5,0,1,6,665.53,12,,13,,1,1,10/22/2022 04:13:00,13,1,1,1,1,1,2,1,1,1,1,1,,1,3,3,3,10,1,,1,1,2,,2,"95060",0.299421012401581,1,1
1241,"pun44q9aa6urzy4g",10/22/2022 09:06:00,1,1,3,1,,0,0,0,0,1,0,0,1,2,1969,0,0,1,0,0,1,3,2,1,0,1,0,0,0,0,0,0,0,0,0,0,1,0,0,0,0,1,0,0,2,2,1,2,2,3,8,2,3,1,3,2,,,,,,,2,2,,,2,1,3,2,2,1,2,2,3,1,1,0,0,2,2,2,1,3,2,2,2,2,2,3,1,2,1,3,3,1,3,1,1,2,1,3,4,,1,1,0,0,0,0,3,2,1,2,3,1,1,0,0,0,0,0,0,1,3,3,2,2,3,1,0,1,2317.23,3,,12,,5,6,10/22/2022 08:26:00,12,1,2,2,2,3,1,2,3,1,2,,2,2,1,2,2,8,,2,2,2,2,2,,"85132",0.345831274986267,1,1
1243,"zjucak7y3pmgdfuh",10/22/2022 09:08:00,1,1,3,2,,0,0,0,1,0,0,0,1,1,1984,0,1,0,0,0,1,5,5,1,0,0,0,1,0,0,0,1,0,0,0,0,0,0,0,1,0,0,0,0,3,2,1,2,3,1,8,4,1,3,2,3,,,,,,,3,3,,,3,2,3,3,3,3,2,2,4,1,0,1,0,2,4,2,3,3,3,2,3,2,2,1,2,2,2,2,2,2,2,2,2,3,2,2,,,1,1,0,0,0,0,,,,,,2,1,0,0,0,0,0,0,1,4,1,1,4,6,1,0,1,1520.78,4,,10,,5,6,10/22/2022 08:40:00,10,3,4,4,3,2,2,2,3,2,2,,2,1,2,4,3,4,,3,2,4,1,1,,"85901",2.54473447799683,2,3
1244,"f85j1zj5jc827anz",10/22/2022 09:12:00,4,2,3,1,,0,0,0,0,1,0,0,1,2,1978,0,0,1,0,0,1,3,1,1,0,0,0,0,0,1,0,0,0,0,0,1,0,0,0,0,0,1,0,0,3,1,3,3,2,3,6,2,5,1,2,1,,,,,,,5,5,,,1,2,2,1,2,1,2,2,1,1,1,0,0,1,2,1,1,1,2,3,3,3,2,2,2,2,4,4,3,3,1,3,1,4,1,5,12,,3,1,0,0,0,0,1,2,3,1,2,1,0,1,1,0,0,0,1,1,1,1,1,2,4,0,1,4,1212.94,14,,10,,1,2,10/22/2022 08:51:00,11,1,2,5,2,2,1,1,1,1,1,1,,2,3,2,1,5,1,,1,1,1,,2,"85713",0.290095329284668,1,1
1246,"tsf50fjxfpy26kxj",10/22/2022 10:01:00,4,2,3,1,,0,0,0,0,1,0,0,1,2,1976,0,0,1,0,0,1,5,1,1,0,0,0,0,0,1,0,0,0,0,0,1,0,0,0,0,0,0,0,0,1,1,3,1,3,1,9,1,2,2,1,4,,,,,,,1,1,,,2,3,1,1,2,2,1,1,1,1,1,0,0,1,1,1,1,2,2,1,2,1,2,1,1,1,2,1,1,1,1,1,2,1,1,2,12,,1,0,1,0,0,0,2,1,2,1,3,1,0,1,0,0,0,0,0,1,1,1,2,1,5,1,0,4,2548.97,4,,10,,5,6,10/22/2022 09:18:00,1,1,1,1,4,1,2,1,1,1,1,,1,2,1,1,1,10,,1,1,2,1,1,,"85142",0.497996956110001,1,1
1247,"hyb391xmac2qrgwz",10/22/2022 10:13:00,98,1,3,1,,0,0,0,0,1,0,0,1,2,1980,0,0,1,0,0,3,2,4,1,0,0,0,1,0,0,1,1,0,0,0,0,0,0,0,0,0,0,0,0,4,1,3,1,4,2,10,4,1,4,1,4,,,,,,,4,4,,,4,4,4,1,2,2,2,2,4,1,0,1,0,3,4,3,3,3,3,1,1,1,1,3,1,1,2,2,2,2,2,2,2,4,2,2,3,,,1,0,0,0,0,1,3,3,2,1,1,1,0,0,0,0,0,0,1,1,1,1,5,3,0,1,5,2494.33,4,,10,,5,6,10/22/2022 09:31:00,8,3,4,4,4,4,1,1,1,1,2,1,,3,2,1,5,10,4,,4,4,1,,1,"85054",0.467959016561508,1,3
1248,"b614cexypg99r350",10/22/2022 09:49:00,113,2,3,1,,0,0,0,0,1,0,0,1,2,1990,0,1,0,0,0,1,3,6,1,0,0,0,1,0,0,0,1,0,0,0,1,0,0,0,0,0,0,0,0,3,1,3,2,3,3,6,3,3,6,6,6,,,,,,,5,5,,,6,1,2,1,1,1,3,3,3,2,,,,2,2,2,2,1,2,1,3,3,3,3,1,3,4,4,4,4,4,4,4,3,5,5,12,,2,1,0,0,0,0,1,2,3,1,2,3,0,0,0,1,0,0,1,3,3,3,3,3,2,0,1,6,842.03,14,,10,,1,2,10/22/2022 09:34:00,15,2,6,6,6,6,2,1,2,2,3,2,,2,3,2,3,5,5,,1,2,2,,1,"85350",0.411264002323151,1,2
1249,"dmfra4jyjrd8a7k0",10/22/2022 10:17:00,1,1,3,1,,0,0,0,0,1,0,0,1,1,1968,0,0,1,0,0,1,5,1,1,0,1,0,1,0,0,0,0,0,0,0,0,0,0,0,0,0,0,0,0,1,1,1,1,1,4,9,1,4,1,4,1,,,,,,,2,2,,,1,1,3,1,2,1,1,1,3,1,1,0,0,2,1,2,1,4,2,1,1,2,1,2,2,3,1,3,3,1,1,1,1,1,1,1,12,,1,1,0,0,0,0,4,2,1,3,2,1,1,0,0,0,0,0,0,1,1,1,1,1,4,1,0,1,2391.26,3,,12,,5,6,10/22/2022 09:35:00,14,1,1,1,1,3,1,1,3,1,2,,1,2,1,1,1,9,,5,3,1,1,2,,"86351",0.431166261434555,1,1
1250,"ugsvugx6tf319v74",10/22/2022 10:06:00,1,1,3,1,,0,0,0,0,1,0,0,1,1,1970,0,0,1,0,0,1,4,4,1,1,0,0,1,0,0,0,1,0,0,0,0,0,0,0,0,0,0,0,0,3,2,3,2,3,2,7,3,2,3,2,3,,,,,,,3,3,,,3,2,3,2,3,3,2,2,3,2,,,,2,3,2,2,3,3,2,3,3,2,1,2,2,2,2,2,2,3,3,2,3,4,2,17,,1,1,0,0,0,0,2,3,2,3,1,3,1,0,0,0,0,0,0,4,1,1,4,4,6,1,0,1,1527.61,4,,10,,5,6,10/22/2022 09:40:00,11,3,3,3,3,2,2,2,3,2,4,,2,1,3,3,2,4,,3,3,3,1,1,,"85710",0.171413540840149,1,3
1253,"w60crrjds4kr131e",10/22/2022 10:32:00,98,1,3,1,,0,0,0,0,1,0,0,1,1,1973,0,0,1,0,0,3,2,2,1,1,0,1,0,0,1,0,0,0,0,0,0,0,0,0,0,0,0,0,0,2,2,2,2,2,3,9,2,3,1,3,2,,,,,,,5,5,,,2,2,2,4,4,4,2,2,2,2,,,,2,2,1,2,3,2,2,4,2,2,2,1,3,1,1,1,1,1,4,1,3,1,1,12,,,1,0,0,0,0,1,1,1,2,3,1,1,0,0,0,0,0,0,1,1,1,3,2,2,0,1,5,1325.51,3,,10,,5,6,10/22/2022 10:10:00,8,1,2,2,2,3,1,1,1,1,3,3,,1,3,5,3,10,2,,1,2,1,,2,"85017",0.560516059398651,1,1
1255,"0kctp6ryckqv7u1c",10/22/2022 10:33:00,4,2,3,1,,0,0,0,0,1,0,0,1,2,1964,0,0,1,0,0,1,2,1,1,1,0,0,1,0,0,0,0,0,0,0,0,1,0,0,0,0,0,0,0,2,1,1,1,3,4,10,2,4,2,4,2,,,,,,,1,5,,,1,4,1,1,4,3,1,4,4,2,,,,4,2,1,4,1,1,2,4,4,1,2,1,2,1,3,4,3,3,1,4,4,1,2,12,,1,1,0,0,0,0,1,4,2,3,1,1,0,1,0,0,0,0,0,1,1,1,1,2,3,1,0,4,1075,12,,11,,1,1,10/22/2022 10:15:00,11,1,1,1,1,6,1,1,1,1,2,,2,1,3,1,2,10,,1,1,1,2,1,,"85629",0.497996956110001,1,1
1257,"xpnsvn37aggpdp8j",10/22/2022 10:30:00,4,2,3,1,,0,0,0,0,1,0,0,1,1,1974,0,0,1,0,0,1,3,2,1,0,0,0,1,0,1,0,0,0,0,0,1,0,0,0,0,0,0,0,0,1,1,1,1,1,3,10,1,4,2,4,2,,,,,,,1,3,,,1,4,1,1,2,1,1,4,4,1,0,0,1,1,1,1,1,1,1,3,4,4,2,1,1,3,1,1,1,1,3,1,1,3,1,1,12,,3,0,0,0,0,1,3,4,3,2,1,3,0,0,1,0,0,0,0,1,1,1,1,2,6,0,1,4,819.61,12,,13,,1,1,10/22/2022 10:16:00,8,1,1,1,1,4,2,2,1,1,1,3,,1,1,3,2,10,1,,1,1,2,,2,"85249",0.431166261434555,1,1
1258,"xkva7qfn5fpwft6k",10/22/2022 11:02:00,98,1,3,1,,0,0,0,0,1,0,0,1,1,1965,0,0,1,0,0,3,5,1,1,0,0,0,1,0,1,0,0,0,0,0,0,0,1,0,0,0,0,0,0,1,1,2,1,1,4,10,1,4,1,4,1,,,,,,,1,1,,,1,4,4,1,1,4,4,2,1,2,,,,4,1,1,3,1,4,4,4,1,1,1,2,2,1,1,1,1,1,1,1,1,1,1,8,,,0,0,0,1,0,1,1,1,2,3,1,1,0,0,0,0,0,0,1,1,1,1,1,2,0,1,5,2532.26,4,,10,,5,6,10/22/2022 10:19:00,8,1,1,1,1,4,1,1,1,1,1,1,,1,1,1,1,9,1,,1,1,1,,2,"85374",0.389247298240662,1,1
1260,"tzv1jj0zkhdf6eb3",10/22/2022 11:08:00,1,1,3,1,,0,0,0,0,1,0,0,1,1,1977,0,0,1,0,0,1,5,2,1,0,1,0,0,0,0,0,1,0,0,0,0,0,0,0,0,0,0,0,0,2,2,1,2,2,3,8,1,3,2,3,2,,,,,,,2,2,,,2,1,3,2,2,1,2,2,3,1,1,0,0,2,1,2,1,4,2,1,2,2,2,1,2,2,3,3,3,1,1,1,1,2,1,3,12,,1,1,0,0,0,0,3,2,1,2,3,1,1,0,0,0,0,0,0,1,2,3,2,2,6,0,1,1,2368.81,3,,12,,5,6,10/22/2022 10:25:00,8,1,2,1,2,3,1,2,3,1,2,2,,2,3,2,2,8,2,,2,2,2,,2,"85383",0.431166261434555,1,1
1268,"tgqzgvm16vzb7wbs",10/22/2022 11:03:00,98,1,3,1,,0,0,0,0,1,0,0,1,2,1965,0,0,1,0,0,3,3,2,1,1,1,0,0,0,1,0,0,0,0,0,0,0,0,0,0,0,0,0,0,2,2,1,3,2,2,6,2,3,2,2,2,,,,,,,2,2,,,2,1,1,2,1,2,4,4,1,2,,,,1,1,1,1,2,2,2,3,2,2,2,2,2,3,3,3,1,1,3,3,3,1,1,12,,,0,0,0,1,0,1,2,3,1,2,1,0,0,0,0,0,0,1,1,2,1,2,2,3,1,0,5,1310.7,4,,10,,5,6,10/22/2022 10:40:00,8,1,2,2,6,6,2,2,2,2,1,,2,2,3,1,1,10,,2,2,1,1,2,,"85209",0.647396087646484,1,1
1270,"hajkbvqyxd1bed01",10/22/2022 11:20:00,4,2,3,3,2,1,0,0,0,0,0,0,1,1,1979,0,0,1,0,0,1,4,3,1,0,0,0,0,0,0,0,0,0,0,0,0,0,1,0,0,0,0,0,0,1,1,3,1,1,3,10,2,2,1,2,2,,,,,,,2,2,,,1,4,4,4,4,4,4,4,4,2,,,,2,2,2,2,2,2,2,2,2,1,1,2,3,1,1,1,1,1,1,1,1,1,1,,,1,1,0,0,0,0,,,,,,1,1,0,0,0,0,0,0,1,4,2,2,1,1,1,0,4,2038.92,4,,12,,5,6,10/22/2022 10:45:00,13,2,1,1,1,1,1,1,2,1,2,,3,1,2,2,2,10,,1,1,1,1,2,,"85034",0.440324991941452,2,2
1271,"rc8s7yckgbabh346",10/22/2022 12:00:00,113,2,3,2,,0,0,0,1,0,0,0,1,1,1977,0,0,1,0,0,1,5,5,1,1,1,0,0,1,0,0,0,0,0,0,0,0,0,0,0,0,0,0,0,2,1,3,2,2,1,8,2,2,1,2,2,,,,,,,2,3,,,4,2,2,3,1,4,1,1,1,1,0,1,0,2,3,2,1,2,2,3,2,3,2,2,1,1,2,2,2,2,3,3,2,2,2,2,,,3,1,0,0,0,0,,,,,,1,1,0,0,0,0,0,0,1,2,1,1,3,6,1,0,6,3964.33,4,,10,,5,6,10/22/2022 10:51:00,8,3,4,3,2,3,2,1,2,2,3,,4,1,3,2,3,3,,3,1,3,2,1,,"85308",2.54473447799683,2,3
1274,"bfwg4t2u2bdhavhq",10/22/2022 11:21:00,4,2,3,1,,0,0,0,0,1,0,0,1,2,1967,0,0,1,0,0,1,4,1,1,1,0,0,0,1,0,0,0,0,0,0,0,0,0,0,0,0,1,0,0,2,1,1,2,2,3,10,1,4,1,4,1,,,,,,,2,5,,,1,3,1,1,2,4,4,4,4,1,1,0,0,1,2,2,1,1,2,2,4,4,2,3,1,1,3,1,3,1,3,1,1,4,1,1,21,2,1,1,0,0,0,0,4,4,3,2,1,2,1,0,0,0,0,0,0,1,2,3,3,2,1,0,1,4,1459.65,14,,10,,1,2,10/22/2022 10:57:00,11,1,1,6,1,6,2,2,1,2,3,1,,1,3,5,1,10,1,,1,1,2,,2,"85741",0.33575850725174,1,1
1275,"g9p421q4syswyucx",10/22/2022 11:29:00,1,1,3,2,,0,0,0,1,0,0,0,1,2,1988,0,1,0,0,0,1,5,5,1,0,0,0,0,0,0,0,1,0,0,0,0,1,0,0,1,0,0,0,0,3,1,1,1,4,1,9,4,1,3,2,3,,,,,,,3,3,,,3,2,3,3,3,3,1,1,4,1,0,1,0,2,4,2,3,3,3,3,3,2,2,1,2,2,2,2,2,2,2,2,2,3,2,2,,,1,1,0,0,0,0,,,,,,2,1,0,0,0,0,0,0,1,4,1,4,4,6,1,0,1,1648.41,4,,10,,5,6,10/22/2022 11:01:00,8,3,4,4,3,2,1,2,3,2,3,,2,1,3,4,3,5,,3,2,4,1,1,,"85345",2.4174976348877,2,3
1276,"33fy3sbjpph8k5a8",10/22/2022 11:59:00,98,1,3,1,,0,0,0,0,1,0,0,1,1,1985,0,1,0,0,0,3,4,1,1,0,1,0,0,0,0,0,0,0,0,0,0,0,0,0,1,0,1,0,0,1,1,3,1,1,4,10,1,4,1,4,1,,,,,,,1,1,,,1,4,4,4,1,2,4,4,1,1,1,0,0,1,1,1,4,1,1,4,4,4,1,2,2,2,1,1,1,1,1,1,1,1,1,1,15,,,1,0,0,0,0,1,1,1,2,3,1,1,0,0,0,0,0,0,1,1,1,1,1,2,0,1,5,3253.88,4,,10,,5,6,10/22/2022 11:05:00,12,1,1,1,1,4,1,1,1,1,1,1,,1,1,1,1,10,1,,1,1,1,,2,"85193",0.389247298240662,1,1
1277,"x3ku0zx4phjwyqyt",10/22/2022 11:51:00,98,1,3,1,,0,0,0,0,1,0,0,1,2,1975,0,0,1,0,0,3,5,1,1,0,1,0,0,0,1,0,1,0,0,0,0,0,0,0,0,0,0,0,0,1,1,3,1,1,4,9,1,4,1,4,1,,,,,,,1,1,,,1,4,4,4,1,4,4,2,1,1,1,0,0,1,1,1,4,1,1,4,4,4,2,2,2,2,1,1,1,1,1,1,1,1,1,1,8,,,1,0,0,0,0,1,1,1,2,3,1,1,0,0,0,0,0,0,1,1,1,1,1,3,1,0,5,2542.53,4,,10,,5,6,10/22/2022 11:08:00,8,1,1,1,1,4,1,1,1,1,1,,1,1,1,1,5,9,,1,1,1,2,2,,"85353",0.449580609798431,1,1
1282,"rsey127zy3g7jm4p",10/22/2022 11:43:00,113,2,3,1,,0,0,0,0,1,0,0,1,2,1974,0,0,1,0,0,1,5,5,1,0,1,0,1,0,0,0,0,0,0,0,0,1,0,0,0,0,0,0,0,4,4,,4,1,1,9,4,1,4,1,5,,,,,,,2,4,,,4,4,1,1,3,4,4,4,4,2,,,,3,4,1,3,3,4,4,4,4,3,3,1,3,2,2,2,2,2,2,2,1,2,2,22,1,1,1,0,0,0,0,6,4,1,3,2,4,1,0,0,0,0,0,0,4,4,4,4,5,3,0,1,6,440.66,14,,10,,1,2,10/22/2022 11:35:00,8,3,6,4,6,6,4,4,4,1,1,3,,3,3,3,3,2,4,,4,3,3,,2,"85037",0.274261683225632,1,3
1287,"e2dc5rzrwsf1s5c9",10/22/2022 12:25:00,1,1,3,1,,0,0,0,0,1,0,0,1,2,1967,0,0,1,0,0,1,5,1,1,0,0,0,1,0,0,0,1,0,0,0,1,0,0,0,0,0,0,0,0,1,1,1,1,1,4,9,1,4,2,4,1,,,,,,,1,2,,,1,1,3,1,2,1,1,1,3,1,1,0,0,2,1,2,1,4,2,1,2,2,1,1,2,3,1,3,3,1,1,1,1,1,1,1,4,,1,1,0,0,0,0,4,3,1,3,2,1,1,0,0,0,0,0,0,1,1,1,2,1,5,0,1,1,1575.05,3,,12,,5,6,10/22/2022 11:56:00,8,1,1,1,1,3,1,1,3,1,1,1,,2,1,1,1,9,5,,3,2,1,,2,"85395",0.345831274986267,1,1
1296,"b52kgr7ud1q6zk5p",10/22/2022 12:39:00,4,2,3,1,,0,0,0,0,1,0,0,1,1,1976,0,0,1,0,0,1,3,3,1,1,0,1,0,0,0,0,0,0,0,0,0,0,0,0,0,0,0,1,0,2,3,1,2,2,3,5,2,4,2,4,1,,,,,,,2,6,,,2,4,4,4,4,4,4,2,4,1,0,0,1,2,2,2,3,3,3,3,4,3,2,2,1,3,2,2,1,1,1,1,1,3,3,1,12,,1,0,0,0,1,0,5,1,2,1,3,1,0,1,0,1,0,1,0,3,3,1,3,2,4,1,0,4,932.16,15,,10,,5,6,10/22/2022 12:23:00,3,2,2,3,2,3,1,2,2,2,1,,4,1,3,2,1,10,,1,1,1,2,2,,"86005",0.482387095689774,1,2
1297,"cap0uym1k426yr1j",10/22/2022 13:03:00,1,1,3,1,,0,0,0,0,1,0,0,1,1,1978,0,0,1,0,0,1,3,2,1,0,1,0,0,0,0,0,0,0,0,0,0,1,0,0,0,0,0,0,0,2,2,3,2,2,3,8,2,3,2,3,2,,,,,,,2,2,,,2,1,3,1,2,2,2,2,3,1,1,0,0,2,1,2,2,3,2,2,2,2,2,2,2,2,1,3,3,1,1,1,1,2,1,3,12,,1,1,0,0,0,0,3,3,1,3,2,1,1,0,0,0,0,0,0,1,2,3,2,2,3,0,1,1,1775.71,3,,12,,5,6,10/22/2022 12:32:00,12,1,2,1,2,3,1,2,3,1,2,2,,2,1,2,2,8,2,,2,2,2,,1,"85137",0.431166261434555,1,1
1300,"hjdycwkt3y5tg1mm",10/22/2022 13:22:00,98,1,3,1,,0,0,0,0,1,0,0,1,2,1975,0,0,1,0,0,3,3,1,1,0,0,0,0,1,0,0,0,0,0,0,1,0,0,0,1,0,0,0,0,1,1,3,1,1,4,10,1,4,1,4,1,,,,,,,1,1,,,1,1,1,1,1,2,2,2,1,2,,,,1,1,1,1,1,1,3,3,4,1,2,2,3,1,1,1,1,1,1,1,1,1,1,12,,,1,0,0,0,0,1,2,1,2,3,1,1,0,0,0,0,0,0,1,1,1,1,1,2,0,1,5,1775.89,4,,10,,5,6,10/22/2022 12:51:00,8,1,1,1,1,4,1,1,2,1,3,2,,2,1,1,1,9,1,,2,4,3,,2,"85041",0.647396087646484,1,1
1301,"jp18a12ypmp8bajz",10/22/2022 13:12:00,98,1,3,1,,0,0,0,0,1,0,0,1,2,1977,0,0,1,0,0,2,5,3,1,0,0,0,1,0,1,0,0,0,0,1,0,0,0,0,0,0,0,0,0,2,2,1,3,3,3,6,2,3,2,2,2,,,,,,,2,2,,,2,4,4,1,1,1,2,2,2,1,1,1,0,2,1,2,2,4,2,1,2,1,1,2,1,3,4,2,4,1,3,2,4,2,5,1,17,,,1,0,0,0,0,1,1,2,1,3,1,1,0,0,0,0,0,0,1,1,1,1,3,6,1,0,5,821.45,4,,10,,5,6,10/22/2022 12:52:00,11,2,2,6,6,3,1,2,1,4,2,,1,1,3,1,3,9,,2,1,1,3,2,,"85756",0.0763087570667267,1,2
1302,"14yf94a2zk0r63g3",10/22/2022 13:31:00,1,1,3,1,,0,0,0,0,1,0,0,1,1,1981,0,0,1,0,0,1,5,3,1,1,0,0,0,0,0,0,0,0,0,0,1,0,0,0,1,0,0,0,0,2,2,1,3,2,3,8,2,3,1,3,2,,,,,,,3,2,,,5,4,4,3,3,4,2,2,3,2,,,,3,3,2,2,3,2,2,2,3,2,2,2,2,1,2,3,1,3,1,1,2,5,5,12,,1,1,0,0,0,0,2,3,2,3,1,2,1,0,0,0,0,0,0,1,4,1,1,3,5,1,0,1,1894.68,4,,10,,5,6,10/22/2022 12:59:00,12,2,5,5,2,3,1,2,3,2,2,,2,1,3,2,2,8,,2,2,2,1,1,,"85122",0.28200963139534,1,2
1304,"wf675dtmwfe1emu8",10/22/2022 13:50:00,1,1,3,1,,0,0,0,0,1,0,0,1,1,1977,0,0,1,0,0,2,5,3,1,0,1,0,0,0,0,0,0,0,0,0,1,0,0,0,0,0,0,0,0,2,3,3,3,2,2,7,2,2,2,2,2,,,,,,,2,3,,,6,1,3,2,2,1,2,3,3,1,1,1,0,2,2,2,3,3,2,1,2,2,2,2,1,2,1,3,2,1,3,3,3,2,1,2,12,,,1,0,0,0,0,3,3,1,3,2,1,1,0,0,0,0,0,0,1,2,1,2,3,3,1,0,1,1649.57,3,,12,,5,6,10/22/2022 13:18:00,9,2,2,3,3,3,1,1,3,1,3,,3,2,3,3,2,7,,2,2,3,1,2,,"86404",0.241193547844887,1,2
1306,"3gpfzjvy2p65yh0m",10/22/2022 13:59:00,1,1,3,2,,0,0,0,1,0,0,0,1,1,1976,0,0,1,0,0,1,2,5,1,1,0,1,0,0,0,0,1,0,0,0,0,0,0,0,0,0,0,0,0,3,2,1,2,3,2,8,3,1,3,2,3,,,,,,,3,3,,,4,2,3,3,3,3,2,1,4,1,0,1,0,3,3,2,2,3,2,2,3,2,2,2,2,2,2,2,2,2,2,2,2,3,2,2,,,1,1,0,0,0,0,,,,,,3,1,0,0,0,0,0,0,1,1,1,3,4,4,0,1,1,1361.54,4,,10,,5,6,10/22/2022 13:35:00,3,3,4,4,4,1,1,2,2,2,2,2,,1,2,4,2,5,3,,2,3,1,,1,"86004",2.54473376274109,2,3
1311,"xrh845rre3c7n23w",10/22/2022 14:06:00,98,1,3,1,,0,0,0,0,1,0,0,1,2,1977,0,0,1,0,0,1,3,3,1,1,0,0,0,0,1,0,0,0,0,0,0,0,0,0,0,0,0,0,0,3,2,1,2,3,3,7,3,3,5,3,3,,,,,,,5,5,,,6,2,2,3,3,4,2,2,2,2,,,,2,1,1,2,3,1,2,4,4,2,3,1,2,4,4,4,1,4,4,1,3,5,5,17,,2,1,0,0,0,0,1,1,1,2,3,1,1,0,0,0,0,0,0,1,3,3,3,3,2,0,1,5,1540.61,3,,10,,5,6,10/22/2022 13:40:00,8,2,6,6,6,6,1,1,1,1,2,4,,1,3,5,4,5,5,,3,2,2,,2,"85017",0.142800003290176,1,2
1312,"h9jjj5ca53specsg",10/22/2022 14:14:00,98,1,3,1,,0,0,0,0,1,0,0,1,2,1987,0,1,0,0,0,3,6,1,1,1,0,1,0,0,0,0,0,0,0,0,1,0,0,0,0,0,0,0,0,2,1,1,2,1,4,8,2,4,2,4,1,,,,,,,2,1,,,2,4,4,2,3,4,4,2,3,2,,,,2,1,1,1,1,1,1,4,2,2,2,1,2,1,3,1,1,3,1,3,3,1,3,12,,,1,0,0,0,0,1,2,2,1,3,2,1,0,0,0,0,0,0,1,1,4,4,2,4,1,0,5,1632.78,4,,10,,5,6,10/22/2022 13:45:00,8,1,1,2,1,3,1,2,2,2,1,,3,1,1,2,2,10,,1,2,2,2,2,,"85037",0.647396087646484,1,1
1314,"3q9cn7rd6t3dbdpx",10/22/2022 14:21:00,98,1,3,1,,0,0,0,0,1,0,0,1,2,1972,0,0,1,0,0,3,5,5,1,0,0,1,0,0,0,0,0,0,1,0,0,1,0,0,0,0,0,0,0,3,1,3,2,3,1,9,4,1,4,1,4,,,,,,,6,5,,,4,3,3,4,4,4,2,2,1,1,0,0,1,2,3,1,1,2,1,3,1,2,2,3,2,1,2,2,2,2,2,2,2,1,2,2,12,,,1,0,0,0,0,1,1,3,1,2,1,1,0,0,0,0,0,0,1,1,1,1,4,3,0,1,5,1845.56,4,,10,,5,6,10/22/2022 13:50:00,8,3,4,4,3,2,1,1,1,2,2,3,,1,3,1,1,3,4,,2,2,2,,1,"85381",0.673860907554626,1,3
1315,"065nm6wq08r0c9jt",10/22/2022 14:26:00,1,1,3,1,,0,0,0,0,1,0,0,1,2,1976,0,0,1,0,0,1,3,1,1,1,0,0,0,0,0,0,0,0,0,0,1,1,0,0,0,0,0,0,0,1,1,1,1,1,4,9,1,3,2,3,2,,,,,,,1,2,,,1,1,3,2,2,1,1,1,3,1,1,0,0,2,1,2,1,4,2,1,2,1,1,2,2,3,1,3,3,1,1,1,1,1,1,1,4,,1,1,0,0,0,0,3,3,1,3,2,1,1,0,0,0,0,0,0,1,2,1,2,1,4,1,0,1,1545.71,3,,12,,5,6,10/22/2022 13:58:00,8,1,1,1,2,4,1,1,3,1,1,,2,2,1,1,1,10,,5,3,2,1,2,,"85382",0.345831274986267,1,1
1317,"dybv2uw1zmrf8h89",10/22/2022 14:30:00,98,1,3,1,,0,0,0,0,1,0,0,1,2,1977,0,0,1,0,0,3,3,3,1,1,0,1,0,0,1,0,0,0,0,0,0,0,0,0,0,0,0,0,0,2,1,3,2,2,2,9,2,3,2,5,2,,,,,,,6,5,,,6,2,2,2,2,4,2,2,2,1,1,1,0,2,1,1,2,2,1,2,4,2,3,2,1,3,4,4,1,1,2,4,3,3,5,5,12,,,0,0,0,1,1,1,1,1,2,3,1,1,0,0,0,0,0,0,1,3,3,3,3,3,1,0,5,1445.36,3,,10,,5,6,10/22/2022 14:06:00,8,2,6,6,6,6,1,1,1,1,3,,4,1,3,5,4,8,,2,3,2,2,2,,"85326",0.534643173217773,1,2
1321,"5a3brpcufa4rp4kg",10/22/2022 14:53:00,98,1,3,1,,0,0,0,0,1,0,0,1,1,1980,0,0,1,0,0,3,6,1,1,1,0,1,0,0,0,0,0,0,0,0,1,0,0,0,0,0,0,0,0,1,1,3,2,1,4,10,1,5,1,4,1,,,,,,,1,1,,,1,1,4,1,4,2,3,3,2,2,,,,2,1,1,1,1,1,1,4,2,2,1,1,3,1,1,1,1,1,1,1,3,1,1,12,,,0,0,0,1,0,1,2,2,1,3,2,1,0,0,0,0,0,0,1,1,1,4,1,6,0,1,5,1678.71,4,,10,,5,6,10/22/2022 14:24:00,6,1,1,1,1,3,2,2,2,2,1,1,,1,1,2,1,10,1,,2,2,2,,2,"95534",0.560516059398651,1,1
1323,"2bt5nsjbqssvjcxc",10/22/2022 15:02:00,98,1,3,1,,0,0,0,0,1,0,0,1,1,1987,0,1,0,0,0,2,4,2,1,0,0,0,1,0,1,0,1,0,0,0,0,0,0,0,0,0,0,0,0,2,2,3,1,3,2,7,2,1,2,3,1,,,,,,,2,2,,,2,3,2,1,3,4,4,4,1,1,1,0,0,2,1,2,1,3,1,3,3,3,2,2,1,2,1,1,1,1,1,1,1,2,2,5,5,,,1,0,0,0,0,2,1,2,3,1,1,1,0,0,0,0,0,0,1,1,1,2,2,3,1,0,5,2075.2,4,,10,,5,6,10/22/2022 14:27:00,8,1,2,2,1,3,1,2,2,1,2,,2,2,1,1,4,7,,5,2,1,3,2,,"85325",0.14971050620079,1,1
1324,"5tevgc25khx91m1a",10/22/2022 15:03:00,98,1,3,1,,0,0,0,0,1,0,0,1,2,1980,0,0,1,0,0,1,3,3,1,1,0,0,0,0,1,0,0,0,1,0,0,0,0,0,0,0,0,0,0,2,3,3,2,2,2,7,2,3,3,2,3,,,,,,,2,3,,,6,1,2,2,3,2,1,1,2,2,,,,2,2,1,1,2,2,4,2,3,2,2,2,3,2,1,2,2,2,4,4,2,5,1,17,,2,0,0,0,0,1,2,2,2,3,1,1,1,0,0,0,0,0,0,2,3,3,2,6,4,0,1,5,1710.04,4,,10,,5,6,10/22/2022 14:34:00,8,2,6,6,6,6,2,2,2,2,3,1,,1,3,1,2,6,2,,3,2,2,,1,"85208",0.142800003290176,1,2
1326,"5rsjubcab4zxxqvm",10/22/2022 15:08:00,98,1,3,1,,0,0,0,0,1,0,0,1,2,1971,0,0,1,0,0,3,3,2,1,1,0,0,0,0,1,0,1,0,0,0,0,0,0,0,0,0,0,0,0,2,2,3,2,2,3,8,2,4,3,3,2,,,,,,,2,2,,,2,2,1,4,4,4,4,3,1,2,,,,1,1,1,1,2,2,2,3,3,2,2,2,2,3,3,3,1,1,3,3,3,1,1,12,,,0,0,0,1,0,1,2,3,1,2,2,0,0,0,0,0,0,1,1,1,1,2,2,3,0,1,5,1603.55,4,,10,,5,6,10/22/2022 14:41:00,8,1,6,2,6,3,2,2,2,2,1,2,,3,2,1,1,10,2,,2,1,2,,2,"85209",0.605750739574432,1,1
1327,"j2yty9817rhrx64b",10/22/2022 15:06:00,1,1,3,1,,0,0,0,0,1,0,0,1,1,1975,0,0,1,0,0,1,3,2,1,0,0,0,0,0,0,0,0,0,0,0,1,1,0,0,0,0,0,0,0,2,2,1,2,2,3,8,2,3,2,3,2,,,,,,,2,2,,,2,1,3,1,2,1,2,2,3,1,1,0,0,1,1,2,2,3,1,1,2,2,2,2,2,2,1,1,3,1,1,1,3,2,1,3,12,,1,1,0,0,0,0,3,3,1,2,3,1,1,0,0,0,0,0,0,1,2,2,2,2,4,0,1,1,1319.37,3,,12,,5,6,10/22/2022 14:42:00,11,1,2,1,2,3,1,1,3,2,2,2,,2,1,2,1,8,2,,2,2,2,,1,"85645",0.431166261434555,1,1
1330,"ga3rt3gen3wrr7he",10/22/2022 16:38:00,98,1,3,1,,0,0,0,0,1,0,0,1,1,1990,0,1,0,0,0,3,4,1,1,1,0,0,0,0,0,0,0,0,1,0,1,0,0,0,0,0,0,0,0,1,1,1,1,1,4,10,1,1,1,1,1,,,,,,,1,1,,,1,4,4,4,2,4,4,1,4,1,1,0,0,1,1,1,2,1,4,4,4,4,1,2,2,2,1,1,1,1,1,1,1,1,1,1,12,,,1,0,0,0,0,1,2,1,2,3,1,1,0,0,0,0,0,0,1,1,1,1,1,2,1,0,5,5331.29,4,,10,,5,6,10/22/2022 15:09:00,8,1,1,1,1,4,1,1,1,1,1,,1,1,1,1,1,9,,1,1,1,2,2,,"85043",0.560516059398651,1,1
1331,"z8dwqdpsn3zn74mh",10/22/2022 16:07:00,98,1,3,1,,0,0,0,0,1,0,0,1,1,1985,0,1,0,0,0,3,5,1,1,0,0,0,0,0,0,0,1,0,0,1,0,0,0,0,1,0,0,0,0,1,1,3,2,1,4,10,1,4,1,4,1,,,,,,,2,1,,,1,4,4,4,2,4,4,1,2,1,1,0,0,1,1,1,2,2,1,4,1,1,1,2,2,2,1,1,1,1,1,1,1,1,1,1,5,,,1,0,0,0,0,1,1,1,2,3,1,1,0,0,0,0,0,0,1,1,1,1,1,2,1,0,5,3284.68,4,,10,,5,6,10/22/2022 15:11:00,8,1,1,2,1,4,1,1,1,1,1,,1,1,1,1,5,10,,1,2,1,2,2,,"85253",0.389247298240662,1,1
1332,"mzyyu3rwbr0gr6cm",10/22/2022 15:50:00,1,1,3,1,,0,0,0,0,1,0,0,1,1,1974,0,0,1,0,0,2,5,1,1,1,1,0,0,0,0,0,0,0,0,0,0,0,0,0,0,0,0,0,0,1,1,3,1,1,4,9,1,4,1,4,1,,,,,,,1,2,,,1,1,3,1,2,1,1,1,3,1,1,0,0,1,1,2,2,3,1,1,2,2,1,3,2,3,1,1,1,1,1,3,3,1,1,1,17,,,1,0,0,0,0,3,3,1,3,2,1,1,0,0,0,0,0,0,1,2,1,1,1,3,1,0,1,1595.64,3,,12,,5,6,10/22/2022 15:22:00,9,1,1,1,1,4,1,1,3,2,2,,2,2,1,2,1,9,,5,3,2,1,2,,"86429",0.0748552531003952,1,1
1333,"ks597vt72n0ja2du",10/22/2022 15:39:00,4,2,3,2,,0,0,0,1,0,0,0,1,2,1965,0,0,1,0,0,1,4,5,1,1,0,0,0,0,0,0,1,0,0,0,0,0,0,0,0,1,0,0,0,4,1,3,1,3,1,10,4,1,4,2,4,,,,,,,3,2,,,4,4,2,4,2,4,4,4,4,1,1,0,0,4,1,1,4,2,4,3,3,4,1,3,2,1,2,2,2,3,2,2,2,1,2,2,,,3,0,0,1,0,0,,,,,,1,0,1,1,0,0,1,1,1,1,1,2,4,1,1,0,4,985.15,12,,11,,1,1,10/22/2022 15:22:00,12,3,4,4,4,6,2,2,2,3,4,,5,3,3,1,1,0,,5,3,4,1,2,,"85631",2.41749739646912,2,3
1334,"k3y3vj08auqg194y",10/22/2022 15:58:00,98,1,3,1,,0,0,0,0,1,0,0,1,2,1990,0,1,0,0,0,1,3,1,1,1,0,0,0,0,0,0,0,0,0,1,0,1,0,0,0,0,0,0,0,2,3,3,2,3,3,10,2,2,3,3,1,,,,,,,2,3,,,1,1,1,2,2,3,1,1,1,1,0,0,1,2,1,3,3,2,2,4,2,3,2,2,2,2,2,2,1,2,3,1,3,2,5,5,17,,2,1,0,0,0,0,2,2,1,2,3,1,1,0,0,0,0,0,0,1,2,2,2,1,4,0,1,5,1953.2,4,,10,,5,6,10/22/2022 15:25:00,8,1,2,1,6,6,2,3,3,2,3,2,,2,2,3,2,5,2,,3,3,3,,1,"85050",0.172915637493134,1,1
1336,"gc4nb6nphbtyu827",10/22/2022 15:57:00,98,1,3,1,,0,0,0,0,1,0,0,1,2,1982,0,0,1,0,0,2,4,2,1,0,0,0,1,0,0,1,1,0,0,0,0,0,0,0,0,0,0,0,0,2,2,3,3,2,3,9,2,1,2,1,1,,,,,,,2,2,,,2,1,1,2,4,4,4,1,2,2,,,,3,1,1,1,3,1,1,3,1,2,2,1,2,3,1,3,1,1,1,1,2,2,1,3,,,1,0,0,0,0,2,2,2,1,3,2,1,0,0,0,0,0,0,1,1,1,2,3,3,1,0,5,1753.32,4,,10,,5,6,10/22/2022 15:28:00,11,1,1,1,1,3,1,1,1,2,2,,3,1,3,3,2,6,,5,2,1,3,1,,"85202",0.172915637493134,1,1
1337,"b5yym69k7zgh8jmr",10/22/2022 16:02:00,98,1,3,1,,0,0,0,0,1,0,0,1,1,1965,0,0,1,0,0,3,3,1,1,0,0,1,0,0,1,0,0,0,0,0,0,1,0,0,0,0,0,0,0,1,1,3,2,1,3,9,1,4,1,3,1,,,,,,,1,2,,,1,1,1,2,4,4,3,2,1,2,,,,1,1,1,2,1,1,3,4,4,2,2,2,1,1,1,1,1,1,1,1,1,1,1,7,,,0,0,1,1,1,1,1,1,2,3,2,1,0,0,0,0,0,0,1,1,1,1,1,2,0,1,5,1735.48,4,,10,,5,6,10/22/2022 15:29:00,8,1,1,1,1,4,1,1,2,1,2,3,,2,3,1,1,10,5,,2,1,2,,2,"85204",0.389247298240662,1,1
1338,"dkbrf9b3u5s0tqq8",10/22/2022 16:31:00,4,2,3,1,,0,0,0,0,1,0,0,1,2,1973,0,0,1,0,0,1,3,1,1,1,0,0,1,0,1,0,0,0,0,0,0,0,0,0,0,0,0,0,0,2,2,1,3,1,3,7,2,4,2,3,2,,,,,,,2,2,,,1,4,3,1,2,3,4,4,4,1,1,0,0,3,3,1,2,1,2,3,4,4,3,3,1,2,1,3,1,4,2,1,3,3,1,1,12,,1,1,0,0,0,0,6,4,2,3,1,2,1,0,0,0,0,0,0,1,2,1,3,2,3,1,0,4,3215.75,4,,12,,5,6,10/22/2022 15:37:00,11,1,1,1,1,3,2,2,2,1,3,,3,2,1,2,2,9,,2,1,2,3,1,,"85756",0.497996956110001,1,1
1340,"wqd2kn7erh7rze6t",10/22/2022 16:25:00,1,1,3,1,,0,0,0,0,1,0,0,1,2,1980,0,0,1,0,0,1,5,1,1,0,1,0,1,0,0,0,0,0,0,0,1,0,0,0,0,0,0,0,0,1,1,3,1,1,4,9,1,4,2,4,1,,,,,,,1,2,,,1,1,3,1,1,1,1,1,3,1,1,0,0,2,1,2,2,1,2,1,2,2,1,3,2,3,1,3,1,1,1,1,1,1,1,1,4,,1,1,0,0,0,0,3,3,1,3,2,1,1,0,0,0,0,0,0,1,2,1,2,1,3,0,1,1,1658.62,3,,12,,5,6,10/22/2022 15:53:00,9,1,1,1,1,4,1,1,3,2,1,2,,2,1,2,1,9,1,,3,2,1,,2,"86406",0.345831274986267,1,1
1343,"cw3pgjbfpuxd1gg5",10/22/2022 16:35:00,4,2,3,2,,0,0,0,1,0,0,0,1,2,1979,0,0,1,0,0,1,3,2,1,1,0,0,1,1,0,0,0,0,0,0,0,0,0,0,0,0,0,0,0,2,1,1,3,1,1,8,2,4,2,3,2,,,,,,,2,6,,,2,4,2,4,4,1,3,4,4,1,1,0,0,2,2,1,2,1,2,3,4,3,2,3,1,2,4,3,1,1,1,1,1,3,1,1,,,3,1,0,0,0,0,,,,,,3,0,0,0,1,0,0,0,1,3,1,1,2,2,0,1,4,1130.58,13,,12,,5,6,10/22/2022 16:16:00,11,1,1,1,6,6,2,2,1,1,3,2,,1,3,4,2,10,5,,1,2,2,,2,"85716",1.91946589946747,2,1
1347,"zw91su805a521cze",10/22/2022 16:27:00,4,2,3,5,1,0,1,0,0,0,0,0,1,1,1987,0,1,0,0,0,1,3,4,1,1,0,0,0,1,0,1,0,0,0,0,0,0,0,0,0,0,0,0,0,3,2,2,2,3,3,10,3,2,5,1,4,,,,,,,1,5,,,3,4,2,4,2,4,2,4,4,1,0,1,0,2,2,2,4,2,2,3,2,2,1,2,1,3,4,4,4,4,4,2,4,2,4,4,,,1,1,0,0,0,0,,,,,,2,1,0,0,0,0,0,0,1,1,4,4,4,3,1,0,4,497.66,14,,10,,3,2,10/22/2022 16:18:00,8,3,4,3,6,6,2,2,2,2,2,,3,2,1,1,3,7,,3,2,3,4,1,,"85032",1.00831496715546,2,3
1348,"whet6nzqhm2jf8ay",10/22/2022 16:30:00,4,2,3,2,,0,0,0,1,0,0,0,1,1,1974,0,0,1,0,0,1,5,1,1,0,0,0,0,1,0,1,0,1,0,0,0,0,0,0,0,0,0,0,0,2,1,2,2,1,2,9,2,4,1,4,1,,,,,,,1,2,,,1,4,2,4,4,4,2,4,4,2,,,,1,1,1,1,1,1,2,4,3,2,2,1,3,1,1,1,1,1,1,1,4,1,1,,,1,1,0,0,0,0,,,,,,1,1,0,0,0,0,0,0,1,1,1,1,1,5,1,0,4,678.06,4,,10,,5,6,10/22/2022 16:19:00,11,1,1,1,4,4,1,1,1,1,3,,5,2,3,2,1,10,,1,1,1,1,1,,"85756",1.72751939296722,2,1
1350,"e3n5epbbpkzwnr58",10/22/2022 16:35:00,4,2,3,2,,0,0,0,1,0,0,0,1,2,1968,0,0,1,0,0,1,3,4,1,1,0,0,0,0,0,0,0,0,0,0,0,0,1,0,1,0,0,0,0,3,1,2,2,3,2,9,4,2,3,2,3,,,,,,,2,2,,,3,4,2,1,3,1,1,1,4,2,,,,4,2,1,3,1,2,1,3,2,1,2,2,1,2,2,3,3,2,1,2,2,4,4,,,1,1,0,0,0,0,,,,,,3,1,0,0,0,0,0,0,4,4,4,4,4,6,0,1,4,927.98,14,,10,,1,2,10/22/2022 16:20:00,10,3,3,3,3,6,2,2,2,2,2,2,,2,3,2,2,8,2,,2,3,2,,2,"85901",2.41749739646912,2,3
1351,"1rz6jxwwk33qfbs4",10/22/2022 16:34:00,4,2,3,1,,0,0,0,0,1,0,0,1,2,1964,0,0,1,0,0,1,5,1,1,1,1,0,0,1,0,0,0,0,0,0,0,0,0,0,0,0,0,0,0,1,1,2,2,1,4,10,1,4,1,4,2,,,,,,,1,5,,,1,4,2,1,2,4,2,4,4,1,1,0,0,2,2,1,1,2,1,3,4,3,3,3,1,3,1,1,1,1,1,1,1,2,1,1,12,,1,1,0,0,0,0,4,3,3,2,1,1,1,0,0,0,0,0,0,1,1,1,1,1,2,1,0,4,854.21,4,,10,,5,6,10/22/2022 16:20:00,11,1,1,1,2,6,1,2,2,3,3,,3,2,3,3,2,10,,1,1,1,2,2,,"85735",0.497996956110001,1,1
1352,"bhz6mzz9aaga9g2q",10/22/2022 16:37:00,4,2,3,2,,0,0,0,1,0,0,0,1,2,1991,0,1,0,0,0,1,6,4,1,1,0,0,0,0,0,1,0,0,0,0,0,1,0,0,0,0,0,0,0,3,3,2,3,3,2,1,3,2,3,2,3,,,,,,,3,3,,,3,4,2,1,3,1,4,4,4,1,1,1,0,2,2,2,3,2,2,2,3,3,2,1,1,2,2,2,1,1,2,1,2,2,2,2,,,1,1,0,0,0,0,,,,,,3,1,0,0,0,0,0,0,1,3,1,4,4,5,0,1,4,1037.79,12,,13,,1,1,10/22/2022 16:20:00,3,3,3,3,3,3,2,2,2,2,2,2,,2,3,2,3,4,2,,2,2,2,,2,"86046",2.41749739646912,2,3
1353,"0yu3nnnun5547j0c",10/22/2022 16:30:00,4,2,3,2,,0,0,0,1,0,0,0,1,2,1990,0,1,0,0,0,1,2,4,1,0,0,0,0,0,0,0,0,0,0,0,0,1,1,0,0,0,0,0,0,4,3,3,2,4,2,5,4,5,5,2,4,,,,,,,5,5,,,3,4,4,4,4,4,4,4,4,1,1,1,0,4,3,1,4,2,3,2,2,4,3,3,1,1,2,2,2,2,2,3,2,1,2,2,,,1,1,0,0,0,0,,,,,,2,1,0,0,0,0,0,0,1,4,4,4,3,1,0,1,4,570.89,14,,10,,1,2,10/22/2022 16:20:00,8,3,6,6,6,6,1,2,2,2,3,3,,3,3,3,3,1,4,,1,4,3,,2,"85208",1.835453748703,2,3
1355,"4rj4szxcjvdfvzq8",10/22/2022 16:38:00,4,2,3,2,,0,0,0,1,0,0,0,1,2,1966,0,0,1,0,0,1,2,4,1,1,0,0,0,0,0,0,1,0,0,0,0,0,0,0,0,0,1,0,0,4,2,1,3,4,2,10,4,2,4,3,4,,,,,,,4,3,,,4,4,4,1,1,1,4,4,4,2,,,,4,4,2,3,4,4,1,1,2,3,3,2,1,2,2,2,2,2,2,2,1,2,2,,,1,1,0,0,0,0,,,,,,4,1,0,0,0,0,0,0,1,2,1,2,4,5,1,0,4,1008.3,14,,10,,1,2,10/22/2022 16:21:00,8,3,4,4,4,4,2,2,4,4,5,,1,3,3,2,2,2,,3,4,4,2,1,,"85033",2.41749739646912,2,3
1356,"1ansqj60a0uatqu3",10/22/2022 16:29:00,4,2,3,2,,0,0,0,1,0,0,0,1,1,1966,0,0,1,0,0,1,5,3,1,1,0,0,0,0,0,1,0,0,1,0,0,0,0,0,0,0,0,0,0,1,1,1,1,1,1,8,2,4,2,4,1,,,,,,,2,3,,,2,3,1,1,1,1,1,1,1,1,1,1,1,2,1,1,1,1,1,3,1,1,1,2,1,2,1,1,1,1,1,1,1,2,1,1,,,1,0,0,0,0,1,,,,,,4,1,0,0,0,0,0,0,1,1,1,1,2,6,1,0,4,379.81,12,,13,,1,1,10/22/2022 16:22:00,8,2,2,1,1,1,2,2,2,2,2,,2,2,1,4,4,8,,2,1,3,2,1,,"85254",1.91946601867676,2,2
1357,"azjxhnpjaab2ydtn",10/22/2022 16:29:00,4,2,3,2,,0,0,0,1,0,0,0,1,2,2003,1,0,0,0,0,1,2,3,1,1,0,0,1,0,0,0,0,0,0,0,1,0,0,0,0,0,0,0,0,3,3,1,4,2,1,1,3,3,3,3,3,,,,,,,2,3,,,2,2,2,4,1,4,4,4,4,1,0,0,1,2,3,2,3,1,3,3,4,4,3,3,1,2,2,4,1,2,2,1,1,2,5,5,,,1,1,0,0,0,0,,,,,,2,0,0,0,0,0,1,0,4,4,4,4,2,6,0,1,4,371.9,12,,11,,1,1,10/22/2022 16:23:00,8,2,2,2,2,3,2,2,2,2,2,1,,2,3,2,2,5,2,,1,2,2,,1,"85226",1.91946589946747,2,2
1358,"5w5n7yp2gj01dt1j",10/22/2022 16:32:00,4,2,3,2,,0,0,0,1,0,0,0,1,2,1981,0,0,1,0,0,1,4,5,1,1,0,1,0,0,0,0,0,0,0,0,0,1,0,0,0,0,0,0,0,4,1,3,3,4,1,5,4,2,4,2,4,,,,,,,4,4,,,4,4,4,2,4,4,4,4,4,2,,,,4,3,2,4,4,3,1,2,4,1,1,2,1,2,4,4,2,2,2,2,1,2,2,,,1,1,0,0,0,0,,,,,,4,1,0,0,0,0,0,0,1,2,1,2,5,6,1,0,4,427.88,12,,13,,1,1,10/22/2022 16:24:00,12,3,4,4,4,1,3,2,4,2,3,,1,3,3,5,3,0,,4,4,4,3,2,,"85138",2.41749739646912,2,3
1359,"jrkbhw2cd1cmmp6h",10/22/2022 16:39:00,4,2,3,2,,0,0,0,1,0,0,0,1,2,1967,0,0,1,0,0,1,3,5,1,1,0,0,0,0,0,0,0,0,0,1,0,0,0,0,0,0,1,0,0,4,1,1,2,3,2,10,4,1,4,2,3,,,,,,,3,2,,,4,4,2,1,4,4,4,2,4,1,1,1,1,3,2,1,3,2,1,1,1,1,1,3,2,1,2,2,2,2,2,2,2,1,2,2,,,1,1,0,0,0,0,,,,,,1,0,0,0,1,0,0,0,1,2,1,4,4,1,1,0,4,712.04,14,,10,,1,2,10/22/2022 16:26:00,9,3,4,4,4,1,2,2,3,2,3,,1,1,2,2,1,2,,5,2,3,3,2,,"86442",2.41749739646912,2,3
1361,"j9rcjrxcvfg773x6",10/22/2022 16:41:00,4,2,3,2,,0,0,0,1,0,0,0,1,2,1978,0,0,1,0,0,1,5,6,1,1,1,0,0,0,1,0,0,0,0,0,0,0,0,0,0,0,0,0,0,3,4,,2,2,2,0,5,5,5,5,5,,,,,,,5,5,,,6,4,3,4,4,4,2,2,4,1,1,1,1,2,1,1,1,1,1,1,1,1,3,3,1,2,4,4,4,4,4,4,4,4,5,1,,,1,0,0,0,0,1,,,,,,2,0,0,0,1,0,0,0,4,4,1,4,3,3,0,1,4,813.12,12,,13,,1,1,10/22/2022 16:27:00,8,2,1,2,6,6,1,1,1,1,3,1,,3,3,1,3,5,5,,3,2,2,,2,"85388",1.91946601867676,2,2
1362,"67bbpmevjd6tvjsk",10/22/2022 16:47:00,4,2,3,2,,0,0,0,1,0,0,0,1,2,1969,0,0,1,0,0,1,6,1,1,0,0,0,1,0,0,1,0,0,1,0,0,0,0,0,0,0,0,0,0,2,1,1,2,2,1,9,2,4,1,4,2,,,,,,,1,3,,,1,4,3,1,1,4,3,4,4,2,,,,1,2,2,1,1,2,3,3,4,1,3,1,3,1,1,1,1,1,1,1,3,1,1,,,1,1,0,0,0,0,,,,,,2,1,0,0,0,0,0,0,1,1,1,1,1,1,0,1,4,1152.78,4,,10,,5,6,10/22/2022 16:28:00,8,1,1,1,1,4,2,2,2,1,2,5,,2,3,5,2,10,1,,1,1,2,,1,"85016",1.91946589946747,2,1
1363,"0kk9jmwck9xzxkz4",10/22/2022 16:45:00,4,2,3,2,,0,0,0,1,0,0,0,1,2,1960,0,0,0,1,0,1,3,3,1,1,0,0,0,0,1,0,0,0,0,0,1,0,0,0,0,0,0,0,0,2,1,1,2,2,1,10,6,4,6,4,2,,,,,,,2,2,,,1,4,1,1,4,1,1,4,4,2,,,,2,2,1,1,1,1,4,4,4,2,3,1,2,4,4,1,1,1,1,4,3,1,1,,,1,1,0,0,0,0,,,,,,2,0,0,0,1,0,0,0,1,1,1,1,2,3,1,0,4,970.41,12,,13,,1,1,10/22/2022 16:29:00,8,2,1,1,2,4,1,1,2,1,3,,3,1,1,4,2,10,,5,1,2,2,2,,"85032",1.91946589946747,2,2
1364,"xtvm9zr3g9xtt5jp",10/22/2022 17:47:00,4,2,3,2,,0,0,0,1,0,0,0,1,1,1966,0,0,1,0,0,1,3,3,1,1,1,0,0,0,0,0,0,0,0,0,0,0,0,0,0,0,1,0,0,2,1,1,3,1,4,10,2,4,4,4,2,,,,,,,1,3,,,1,4,4,3,1,4,4,4,4,2,,,,4,4,1,1,2,1,1,1,1,1,2,1,3,1,1,1,4,4,4,1,2,1,5,,,1,1,0,0,0,0,,,,,,3,1,0,0,0,0,0,0,1,4,4,4,2,1,1,0,4,4594.05,14,,10,,1,2,10/22/2022 16:29:00,1,2,1,1,1,1,4,2,3,4,5,,1,1,2,1,4,10,,1,1,1,3,1,,"85936",1.91946589946747,2,2
1365,"ttny15tcds30r480",10/22/2022 17:07:00,4,2,3,2,,0,0,0,1,0,0,0,1,1,1957,0,0,0,1,0,1,3,5,1,0,0,0,0,0,0,1,0,0,0,1,0,0,0,0,0,0,1,0,0,4,1,1,2,4,1,9,4,1,4,2,4,,,,,,,2,5,,,4,1,1,4,3,1,1,1,4,1,0,1,0,3,3,1,3,2,2,2,3,2,1,3,1,1,2,2,2,2,2,2,2,1,2,2,,,1,1,0,0,0,0,,,,,,1,0,0,1,0,0,0,0,1,1,1,1,4,4,0,1,4,2030.76,14,,10,,3,2,10/22/2022 16:32:00,8,3,4,4,4,2,2,2,3,3,2,2,,2,3,1,3,1,3,,1,4,4,,2,"85340",2.54473376274109,2,3
1366,"kexxnqtmxcbhtm13",10/22/2022 16:45:00,4,2,3,2,,0,0,0,1,0,0,0,1,2,1990,0,1,0,0,0,1,5,1,1,0,1,0,0,0,1,0,0,0,0,0,1,0,0,0,0,0,0,0,0,1,1,1,2,2,1,5,1,4,1,4,1,,,,,,,1,6,,,1,4,4,4,4,4,4,4,4,1,1,0,0,1,1,1,1,1,2,4,4,4,2,2,1,3,1,2,1,1,2,1,1,3,1,1,,,1,1,0,0,0,0,,,,,,4,1,0,0,0,0,0,0,1,1,1,1,1,5,0,1,4,722.08,13,,10,,5,6,10/22/2022 16:32:00,12,1,1,1,6,6,2,1,2,2,2,2,,2,1,2,1,10,1,,1,1,2,,2,"85194",1.91946601867676,2,1
1367,"k801ktxy0z9t0cs5",10/22/2022 16:46:00,4,2,3,2,,0,0,0,1,0,0,0,1,2,1990,0,1,0,0,0,1,6,3,1,1,0,0,0,0,0,0,0,0,0,0,1,1,0,0,0,0,0,0,0,2,1,1,4,3,2,5,3,2,3,6,6,,,,,,,3,5,,,6,4,1,4,4,4,4,4,4,1,1,1,1,1,2,2,3,1,2,3,4,4,3,3,1,2,2,2,3,1,2,1,4,2,5,2,,,1,1,0,0,0,0,,,,,,2,0,0,0,1,0,0,0,1,2,1,2,4,6,1,0,4,636.08,12,,11,,1,1,10/22/2022 16:35:00,11,2,6,6,6,6,2,1,3,1,1,,3,2,1,3,1,4,,5,2,2,2,2,,"85711",1.835453748703,2,2
1368,"53fevn90rhckguz2",10/22/2022 17:01:00,4,2,3,2,,0,0,0,1,0,0,0,1,2,1970,0,0,1,0,0,1,3,4,1,1,0,0,0,0,0,1,0,0,0,0,0,1,0,0,0,0,0,0,0,4,1,1,4,3,1,7,4,3,4,2,4,,,,,,,2,3,,,4,4,4,2,1,2,4,4,4,1,1,0,0,1,4,4,4,1,1,4,4,2,1,2,1,1,2,2,1,1,2,1,2,3,4,4,,,1,1,0,0,0,0,,,,,,4,1,0,0,0,0,0,0,1,3,1,2,5,3,0,1,4,1406.4,12,,13,,1,1,10/22/2022 16:37:00,12,3,5,5,5,5,1,1,4,2,3,4,,1,3,1,1,5,2,,1,2,4,,1,"85120",1.10127222537994,2,3
1371,"x11yp5pbqs5qnxwb",10/22/2022 16:52:00,4,2,3,2,,0,0,0,1,0,0,0,1,2,1973,0,0,1,0,0,1,4,1,1,1,0,0,1,0,0,0,1,0,0,0,0,0,0,0,0,0,0,0,0,1,1,3,2,2,4,10,1,4,1,4,1,,,,,,,1,5,,,1,4,1,1,1,1,3,2,4,2,,,,1,1,1,1,1,1,3,4,4,3,3,2,3,1,1,1,1,1,1,1,4,1,1,,,1,1,0,0,0,0,,,,,,3,1,0,0,0,0,0,0,1,1,1,1,1,2,1,0,4,766.43,14,,10,,1,2,10/22/2022 16:39:00,9,1,1,1,1,4,2,2,2,1,3,,3,1,1,2,2,10,,5,1,1,2,2,,"86406",1.91946589946747,2,1
1372,"nq3t9ynem9hf9xw9",10/22/2022 16:54:00,4,2,3,2,,0,0,0,1,0,0,0,1,2,1986,0,1,0,0,0,1,3,2,1,1,0,0,0,0,0,0,0,0,0,0,0,0,0,0,0,0,0,0,0,2,1,1,2,3,1,4,2,4,2,4,2,,,,,,,2,2,,,1,2,2,2,2,2,2,2,2,1,1,0,0,2,2,2,2,1,2,2,4,2,2,2,1,3,1,1,1,1,1,1,1,1,1,1,,,1,1,0,0,0,0,,,,,,4,0,0,0,1,0,1,0,1,1,1,1,2,1,1,0,4,794.92,12,,13,,1,1,10/22/2022 16:40:00,11,1,1,1,1,6,2,2,2,2,2,,2,2,3,1,1,6,,1,2,2,3,2,,"85743",1.91946589946747,2,1
1373,"4hsvvkujxbnczznk",10/22/2022 16:54:00,4,2,3,2,,0,0,0,1,0,0,0,1,3,1999,1,0,0,0,0,1,3,1,1,0,1,0,1,0,0,0,0,0,1,0,0,0,0,0,0,0,0,0,0,2,1,1,4,2,4,8,2,4,5,4,2,,,,,,,2,5,,,1,4,4,4,4,4,4,4,4,1,1,1,0,1,1,1,1,1,1,4,4,4,2,3,1,2,1,1,1,1,1,1,1,4,1,1,,,1,1,0,0,0,0,,,,,,4,1,0,0,0,0,0,0,1,2,1,4,2,1,1,0,4,725.3,14,,10,,1,2,10/22/2022 16:41:00,11,1,2,2,2,3,3,2,2,1,1,,3,1,3,4,1,10,,5,2,1,2,2,,"85716",2.0204906463623,2,1
1375,"cme8u6jqkj7f6nhk",10/22/2022 16:55:00,4,2,3,2,,0,0,0,1,0,0,0,1,2,1969,0,0,1,0,0,3,4,5,1,0,0,0,0,0,0,0,0,0,0,0,0,0,0,0,0,1,0,0,0,3,1,1,3,3,2,6,3,1,3,3,3,,,,,,,5,6,,,6,4,2,2,1,2,4,4,4,2,,,,2,3,2,3,2,2,3,3,3,3,3,1,1,3,4,3,1,4,3,3,1,2,2,,,,1,0,0,0,0,,,,,,2,1,0,0,0,0,0,0,1,1,1,1,4,1,0,1,4,762.64,14,,10,,1,2,10/22/2022 16:42:00,11,3,6,6,6,6,1,1,2,2,3,3,,2,3,3,3,5,3,,4,4,2,,1,"85641",1.835453748703,2,3
1378,"2sbvfn5bygfz5nt3",10/22/2022 16:50:00,4,2,3,3,1,1,0,0,0,0,0,0,1,2,1958,0,0,0,1,0,1,4,1,1,0,0,0,1,0,1,0,0,0,1,0,0,0,0,0,0,0,0,0,0,2,1,1,2,1,4,10,1,4,2,4,1,,,,,,,1,4,,,1,4,4,3,4,4,1,4,4,2,,,,1,1,1,1,1,1,4,4,4,3,2,2,3,1,1,1,1,1,1,1,3,1,1,,,1,1,0,0,0,0,,,,,,4,0,1,0,0,0,0,0,1,1,1,1,1,3,0,1,4,325.01,4,,12,,5,6,10/22/2022 16:44:00,8,1,1,1,1,3,4,2,2,1,1,4,,1,1,4,1,10,5,,1,1,2,,2,"85303",0.440324991941452,2,1
1379,"rcs19y4s9fgyd928",10/22/2022 17:00:00,4,2,3,3,1,1,0,0,0,0,0,0,1,2,1970,0,0,1,0,0,1,4,1,1,1,0,0,0,0,1,0,0,0,1,0,0,0,0,0,0,0,0,0,0,1,4,,3,2,4,3,2,4,2,4,2,,,,,,,2,5,,,1,4,1,1,1,1,1,2,4,1,1,0,0,1,2,1,1,1,1,1,3,2,1,3,1,1,1,1,1,1,1,1,1,2,3,3,,,1,1,0,0,0,0,,,,,,1,0,1,1,0,0,0,0,3,4,4,4,1,3,0,1,4,869.94,12,,11,,1,1,10/22/2022 16:45:00,8,1,2,6,2,3,1,1,2,1,2,2,,1,1,2,5,10,1,,1,1,2,,2,"85202",0.427499979734421,2,1
1382,"xhhfpszw496bbdvc",10/22/2022 17:02:00,4,2,3,2,,0,0,0,1,0,0,0,1,2,1962,0,0,0,1,0,1,5,4,1,1,1,0,0,0,0,0,1,0,0,0,0,0,0,0,0,0,0,0,0,4,1,2,2,3,2,4,4,1,4,3,4,,,,,,,4,3,,,3,3,1,1,3,1,2,2,4,1,1,1,1,1,2,1,1,1,1,4,4,4,1,3,1,2,2,2,2,4,2,4,2,1,2,2,,,1,1,0,0,0,0,,,,,,1,0,0,0,1,0,0,0,1,1,1,1,4,4,1,0,4,911.38,4,,10,,5,6,10/22/2022 16:46:00,8,3,6,6,2,1,2,2,2,2,2,,1,1,3,3,2,4,,3,1,3,3,2,,"85331",1.83545398712158,2,3
1385,"tzvzpx5915qevqzs",10/22/2022 16:59:00,4,2,3,2,,0,0,0,1,0,0,0,1,1,1975,0,0,1,0,0,1,5,5,1,1,0,0,0,0,1,0,0,0,0,0,0,0,0,0,0,0,1,0,0,2,2,2,2,3,2,8,2,4,3,2,3,,,,,,,1,5,,,3,2,2,1,1,1,1,1,4,2,,,,1,4,1,1,1,1,2,4,2,2,2,1,1,2,2,2,4,4,4,4,2,1,1,,,1,1,0,0,0,0,,,,,,1,1,0,0,0,0,0,0,1,2,1,1,4,5,0,1,4,643.69,12,,13,,1,1,10/22/2022 16:48:00,12,3,1,1,2,1,1,2,1,1,2,2,,1,3,2,3,10,1,,1,1,1,,2,"85140",2.11141276359558,2,3
1386,"afxqg3kn2ryra5ec",10/22/2022 17:57:00,4,2,3,1,,0,0,0,0,1,0,0,1,1,1986,0,1,0,0,0,1,3,3,1,0,1,0,0,0,0,0,0,1,1,0,0,0,0,0,0,0,0,0,0,1,4,,3,3,3,2,1,4,1,4,1,,,,,,,1,2,,,1,4,2,2,1,1,3,3,4,2,,,,1,1,1,3,1,1,4,4,4,2,3,2,3,3,3,3,3,3,3,1,3,1,1,12,,1,1,0,0,0,0,6,4,2,3,1,3,0,0,1,0,0,0,0,3,3,1,3,3,2,1,0,4,4078.25,14,,10,,1,2,10/22/2022 16:48:00,11,2,1,1,1,4,3,2,3,2,2,,2,1,3,2,3,10,,1,1,3,1,2,,"85743",0.517399489879608,1,2
1387,"s51kcdk2tcm4r1pz",10/22/2022 17:05:00,4,2,3,2,,0,0,0,1,0,0,0,1,2,1988,0,1,0,0,0,1,2,3,1,0,0,0,0,0,0,0,0,0,1,1,0,0,0,0,1,0,0,0,0,3,3,1,3,2,1,4,3,2,6,6,6,,,,,,,2,5,,,6,4,2,3,1,1,3,3,3,2,,,,1,2,2,3,1,2,3,4,4,2,2,1,2,3,4,4,4,3,4,4,2,5,5,,,1,1,0,0,0,0,,,,,,2,0,0,0,1,0,0,0,2,3,1,2,3,2,0,1,4,936.41,12,,13,,1,1,10/22/2022 16:50:00,13,2,6,6,6,6,2,2,2,1,3,3,,1,3,3,2,4,3,,3,2,2,,2,"85225",1.835453748703,2,2
1389,"xydv3dwqsfx2x79h",10/22/2022 17:20:00,4,2,3,2,,0,0,0,1,0,0,0,1,1,1960,0,0,0,1,0,1,3,3,1,0,0,0,0,1,0,0,0,1,0,0,0,0,0,1,0,0,0,0,0,2,2,3,3,2,2,2,2,4,2,5,5,,,,,,,4,5,,,6,4,4,2,2,2,1,4,4,2,,,,2,2,2,2,2,2,3,3,2,2,2,2,3,3,3,3,3,3,3,3,4,1,5,,,1,1,0,0,0,0,,,,,,2,1,0,0,0,0,0,0,1,1,1,1,3,4,0,1,4,1633.29,5,,10,,5,6,10/22/2022 16:51:00,2,2,5,4,6,6,3,3,3,3,3,3,,2,3,3,3,8,5,,2,4,1,,2,"85635",1.76258623600006,2,2
1391,"j303raud1udsppag",10/22/2022 17:07:00,4,2,3,2,,0,0,0,1,0,0,0,1,1,1963,0,0,1,0,0,1,2,5,1,1,0,0,0,0,0,0,1,0,0,0,0,0,0,0,0,0,1,0,0,3,1,2,1,4,1,10,4,1,4,1,4,,,,,,,4,3,,,4,4,4,1,1,1,4,1,4,2,,,,4,4,2,2,2,2,1,1,1,1,3,2,1,2,2,2,2,2,2,2,1,2,2,,,1,1,0,0,0,0,,,,,,2,1,0,0,0,0,0,0,1,1,1,1,5,3,0,1,4,915.49,12,,11,,1,1,10/22/2022 16:52:00,8,3,4,4,4,1,2,2,3,3,5,1,,3,2,1,3,0,4,,4,4,3,,1,"85338",2.54473376274109,2,3
1392,"48s1k3r4jtgnuupk",10/22/2022 17:09:00,4,2,3,2,,0,0,0,1,0,0,0,1,1,1959,0,0,0,1,0,1,2,1,1,0,1,0,0,0,1,0,0,0,0,0,0,0,0,0,0,0,0,0,0,2,1,3,1,1,4,5,2,4,2,4,2,,,,,,,1,4,,,1,4,4,2,4,4,4,4,4,1,1,0,1,2,2,2,2,2,2,3,3,3,2,3,1,3,1,1,1,1,1,1,1,4,1,1,,,1,0,0,0,0,1,,,,,,4,1,0,0,0,0,0,0,1,1,1,1,2,2,0,1,4,851.01,4,,10,,5,6,10/22/2022 16:54:00,8,1,1,1,1,4,2,2,2,2,2,3,,1,3,4,1,10,1,,1,1,1,,2,"85051",1.72751927375793,2,1
1393,"h5as7n2ehnmx588d",10/22/2022 17:18:00,4,2,3,2,,0,0,0,1,0,0,0,1,2,1963,0,0,1,0,0,1,3,1,1,1,0,0,1,0,0,0,0,0,0,0,0,1,0,0,0,0,0,0,0,2,1,1,1,1,2,10,1,4,3,4,2,,,,,,,1,6,,,1,4,4,1,3,3,1,4,4,2,,,,1,2,1,1,1,2,3,3,4,2,3,2,3,1,4,1,1,1,1,1,2,1,1,,,1,1,0,0,0,0,,,,,,2,1,0,0,0,0,0,0,1,1,1,1,1,2,1,0,4,1067.15,14,,10,,1,2,10/22/2022 16:54:00,11,1,1,1,1,6,3,2,2,2,1,,3,1,1,1,3,10,,1,1,1,2,2,,"85706",1.91946589946747,2,1
1396,"v9qa8npzggaxx80c",10/22/2022 17:13:00,4,2,3,2,,0,0,0,1,0,0,0,1,2,1959,0,0,0,1,0,1,4,5,1,1,0,0,0,0,0,0,0,0,0,0,0,1,0,0,0,0,1,0,0,4,1,3,1,4,1,10,4,1,4,2,4,,,,,,,4,4,,,4,4,3,1,2,1,3,1,4,2,,,,4,2,1,4,2,3,1,3,4,1,2,2,1,2,2,2,2,2,2,2,1,2,2,,,1,1,0,0,0,0,,,,,,1,1,0,0,0,0,0,0,1,1,1,1,5,2,0,1,4,780.65,12,,13,,1,1,10/22/2022 17:00:00,14,3,4,4,6,1,1,1,4,3,5,5,,3,3,1,1,1,5,,3,4,1,,1,"86315",2.41749739646912,2,3
1398,"60kma8r8g3bus79s",10/22/2022 17:15:00,4,2,3,3,1,1,0,0,0,0,0,0,1,2,2000,1,0,0,0,0,1,1,3,1,0,0,0,0,1,0,0,1,0,0,1,0,0,0,0,0,0,0,0,0,1,1,1,1,4,1,10,1,1,1,1,1,,,,,,,1,1,,,5,4,4,4,4,4,4,4,4,1,1,0,0,1,1,1,1,1,1,1,1,1,1,1,1,3,3,3,3,3,1,1,3,1,5,5,,,1,1,0,0,0,0,,,,,,1,1,0,0,0,0,0,0,4,4,4,4,6,1,0,1,4,766.04,14,,10,,1,2,10/22/2022 17:02:00,8,2,5,5,5,6,1,1,1,1,1,1,,1,1,1,1,10,1,,1,1,1,,1,"85301",0.240000009536743,2,2
1400,"xeejuf0ten93v2h0",10/22/2022 17:10:00,4,2,3,2,,0,0,0,1,0,0,0,1,2,1975,0,0,1,0,0,1,5,5,1,0,0,0,0,0,0,0,0,0,0,0,0,0,0,0,1,0,1,1,0,4,1,3,2,4,2,9,3,1,4,1,5,,,,,,,4,3,,,4,4,4,2,1,2,4,4,4,1,0,0,1,3,2,3,2,3,3,1,1,1,2,2,1,2,2,2,2,2,2,2,2,1,2,4,,,1,1,0,0,0,0,,,,,,1,1,0,0,0,0,0,0,3,2,3,3,4,2,1,0,4,355.18,4,,10,,5,6,10/22/2022 17:04:00,8,3,4,4,4,1,2,2,2,2,3,,3,2,2,3,3,5,,4,4,4,3,2,,"85374",2.4174976348877,2,3
1401,"0zbqxcadvphqz7bs",10/22/2022 17:45:00,4,2,3,2,,0,0,0,1,0,0,0,1,2,1969,0,0,1,0,0,1,3,4,1,1,0,0,1,0,0,0,0,0,0,0,0,0,0,0,0,0,1,0,0,4,1,3,3,3,2,10,4,1,4,2,4,,,,,,,2,6,,,3,4,2,1,2,1,1,2,4,2,,,,2,3,1,4,4,1,4,1,1,2,3,1,1,4,4,4,4,4,4,4,2,2,2,,,1,1,0,0,0,0,,,,,,1,0,0,0,1,0,0,0,1,1,1,4,4,2,0,1,4,1538.5,12,,11,,1,1,10/22/2022 17:04:00,2,3,1,6,6,6,2,2,2,2,3,1,,2,2,1,1,0,4,,2,4,3,,1,"85650",1.86355912685394,2,3
1403,"rx9dhjwdeg86c3hn",10/22/2022 17:15:00,4,2,3,2,,0,0,0,1,0,0,0,1,2,1987,0,1,0,0,0,1,3,3,1,0,0,1,1,0,0,0,0,0,0,0,0,1,0,0,0,0,0,0,0,3,4,,3,4,4,1,3,6,6,6,6,,,,,,,4,6,,,6,4,3,3,1,4,3,3,4,2,,,,3,3,2,2,2,2,3,3,3,3,3,1,2,4,4,4,4,4,4,4,3,5,5,,,1,1,0,0,0,0,,,,,,2,1,0,0,0,0,0,0,4,4,4,4,6,3,1,0,4,495.92,14,,10,,1,2,10/22/2022 17:07:00,8,2,6,6,6,6,1,1,1,1,3,,3,2,3,3,3,1,,4,4,4,4,2,,"85335",1.835453748703,2,2
1404,"stqatp9jkpbkqu39",10/22/2022 17:18:00,4,2,3,2,,0,0,0,1,0,0,0,1,2,2004,1,0,0,0,0,1,2,1,1,0,0,0,0,0,0,1,1,0,1,0,0,0,0,0,0,0,0,0,0,2,2,1,3,2,2,4,2,4,2,3,2,,,,,,,2,6,,,2,4,4,4,4,2,3,4,4,2,,,,2,1,2,2,1,2,3,4,4,2,3,1,2,3,3,1,1,1,1,1,2,3,5,,,1,1,0,0,0,0,,,,,,2,0,0,0,1,0,1,0,4,4,4,4,2,6,1,0,4,606.18,12,,13,,1,1,10/22/2022 17:07:00,11,1,1,1,2,3,2,2,2,1,1,,4,1,1,5,1,10,,1,2,1,2,2,,"85719",1.91946589946747,2,1
1410,"syrky8qsfrxn4cek",10/22/2022 17:22:00,4,2,3,1,,0,0,0,0,1,0,0,1,2,1986,0,1,0,0,0,1,5,1,1,0,1,0,1,1,0,0,0,0,0,0,0,0,0,0,0,0,0,0,0,2,1,1,1,2,4,10,2,4,2,4,2,,,,,,,1,4,,,1,4,4,4,1,2,2,4,4,1,1,0,0,1,1,1,1,1,1,2,4,4,1,2,1,3,1,1,1,1,1,1,1,4,1,1,22,2,1,0,0,0,0,1,6,4,3,1,2,4,0,0,0,1,0,0,0,1,1,1,1,2,4,1,0,4,538.63,14,,10,,1,2,10/22/2022 17:12:00,8,1,1,1,1,4,2,2,2,1,1,,5,1,1,4,1,10,,5,1,1,2,2,,"85283",0.345831274986267,1,1
1414,"c9dc2ycg4rp460sq",10/22/2022 17:40:00,4,2,3,2,,0,0,0,1,0,0,0,1,1,1965,0,0,1,0,0,1,4,3,1,1,0,1,0,0,0,0,0,0,0,0,0,1,0,0,0,0,0,0,0,3,1,1,3,2,2,9,2,2,4,3,3,,,,,,,1,1,,,6,4,4,4,4,4,2,4,4,1,1,1,0,3,2,2,3,1,1,2,3,2,2,3,1,3,2,3,4,1,1,1,1,3,1,2,,,1,1,0,0,0,0,,,,,,1,1,0,0,0,0,0,0,1,1,1,1,3,3,1,0,4,850.41,12,,11,,1,1,10/22/2022 17:26:00,8,2,1,1,1,6,2,2,2,2,3,,4,2,3,3,2,9,,1,1,1,2,2,,"85296",1.91946589946747,2,2
1416,"fnazhtnmssfpnq5n",10/22/2022 17:35:00,4,2,3,2,,0,0,0,1,0,0,0,1,1,1967,0,0,1,0,0,1,6,1,1,0,0,0,1,1,1,0,0,0,0,0,0,0,0,0,0,0,0,0,0,1,1,1,1,1,4,10,1,4,2,4,1,,,,,,,1,1,,,1,4,3,4,4,4,2,4,4,1,1,0,0,1,1,1,2,1,1,1,4,4,2,1,1,3,1,1,1,1,1,1,1,4,1,1,,,1,1,0,0,0,0,,,,,,3,1,0,0,0,0,0,0,1,1,1,1,2,6,1,0,4,516.02,12,,13,,1,1,10/22/2022 17:26:00,8,1,1,1,1,4,2,2,2,1,1,,5,1,1,2,2,10,,5,1,1,2,2,,"85253",1.72751927375793,2,1
1418,"uyvu6jaxajwb918p",10/22/2022 17:41:00,4,2,3,2,,0,0,0,1,0,0,0,1,2,1970,0,0,1,0,0,1,5,3,1,1,1,0,0,0,0,0,0,0,0,0,0,1,0,0,0,0,0,0,0,4,1,1,3,2,2,6,4,4,4,5,5,,,,,,,5,1,,,6,4,1,1,1,3,4,4,4,1,0,0,1,1,2,1,2,1,1,3,4,4,3,3,1,2,3,4,3,4,4,4,4,2,5,5,,,1,1,0,0,0,0,,,,,,2,1,0,0,0,0,0,0,1,1,1,1,3,2,0,1,4,717.14,12,,13,,1,1,10/22/2022 17:29:00,8,2,6,6,1,4,2,2,2,2,2,1,,1,3,2,3,7,5,,1,2,2,,2,"85037",1.83545398712158,2,2
1420,"bfppjq7kf6cqcefg",10/22/2022 17:38:00,4,2,3,2,,0,0,0,1,0,0,0,1,2,1983,0,1,0,0,0,1,5,3,1,0,1,0,0,0,0,0,0,0,1,0,0,1,0,0,0,0,0,0,0,3,3,1,2,3,2,6,3,2,4,2,2,,,,,,,2,3,,,3,4,2,1,1,1,1,3,4,2,,,,3,2,2,3,2,2,2,3,3,1,2,2,2,2,2,2,1,2,1,1,2,1,2,,,1,0,0,0,0,1,,,,,,2,1,0,0,0,0,0,0,1,2,1,1,3,6,1,0,4,404.19,12,,13,,1,1,10/22/2022 17:31:00,8,2,2,3,6,6,2,2,2,2,3,,2,2,1,2,3,7,,2,2,3,2,2,,"85298",1.7000972032547,2,2
1422,"v917xdhx8hrju144",10/22/2022 17:49:00,4,2,3,3,1,1,0,0,0,0,0,0,1,2,1965,0,0,1,0,0,1,2,3,1,0,0,0,0,0,1,0,0,0,0,0,0,0,1,0,0,0,0,1,0,3,1,1,3,2,4,2,2,4,2,5,5,,,,,,,2,6,,,6,4,1,1,2,4,4,4,4,2,,,,3,3,1,2,3,1,3,3,3,3,2,2,1,4,4,4,1,4,4,3,2,1,1,,,1,1,0,0,0,0,,,,,,1,0,0,1,0,0,0,0,1,1,1,1,2,2,1,0,4,848.09,14,,10,,1,2,10/22/2022 17:33:00,8,2,1,6,1,6,2,1,2,3,3,,4,1,3,4,1,10,,5,1,1,3,2,,"85029",0.427499979734421,2,2
1423,"c0cevckxhkrak4s3",10/22/2022 17:46:00,4,2,3,2,,0,0,0,1,0,0,0,1,2,1984,0,1,0,0,0,1,4,5,1,1,0,0,0,0,0,0,1,0,0,0,0,0,0,0,0,0,1,0,0,4,1,1,2,3,2,8,4,1,4,2,4,,,,,,,4,2,,,4,4,1,1,1,1,2,2,4,2,,,,2,3,1,3,3,2,1,2,2,1,2,2,1,2,2,2,3,2,2,3,1,2,2,,,1,0,0,0,1,1,,,,,,1,0,0,0,0,0,1,0,1,2,1,2,4,6,0,1,4,718.98,12,,13,,1,1,10/22/2022 17:34:00,8,3,4,4,4,1,1,2,4,3,3,1,,2,3,1,2,2,5,,3,3,2,,1,"85353",2.41749739646912,2,3
1424,"jynghxs66jkhbuag",10/22/2022 18:05:00,4,2,3,2,,0,0,0,1,0,0,0,1,2,1995,1,0,0,0,0,1,3,5,1,0,0,0,0,0,0,0,0,0,0,0,0,0,0,0,0,0,0,1,0,4,4,,2,3,2,3,4,1,4,2,3,,,,,,,3,2,,,4,4,1,1,1,1,1,1,4,1,1,1,0,1,2,2,4,3,2,3,3,3,2,2,1,1,2,2,2,3,2,2,2,2,2,2,,,2,1,0,0,0,0,,,,,,2,0,0,1,1,0,1,1,1,1,1,1,4,2,0,1,4,1798.42,12,,11,,1,1,10/22/2022 17:34:00,8,3,4,4,4,1,1,2,3,2,3,4,,2,2,2,4,6,3,,2,2,2,,2,"85032",2.41749739646912,2,3
1425,"tmdh95474qh5wg98",10/22/2022 17:49:00,4,2,3,3,1,1,0,0,0,0,0,0,1,2,1988,0,1,0,0,0,1,6,3,1,0,0,1,0,1,0,0,0,0,0,0,0,0,0,0,1,0,0,0,0,2,2,1,4,2,2,6,2,3,2,3,2,,,,,,,2,2,,,6,4,3,3,4,4,4,4,4,2,,,,1,2,1,1,2,1,2,4,3,2,3,1,2,3,3,3,1,2,1,1,3,1,1,,,1,1,0,0,0,0,,,,,,4,0,1,1,0,0,0,0,1,4,1,4,2,6,1,0,4,783.04,14,,10,,1,2,10/22/2022 17:34:00,12,2,6,6,6,6,1,2,2,2,2,,2,1,1,2,2,10,,5,1,2,2,2,,"85118",0.400000005960464,2,2
1427,"840kmqq8epphztpx",10/22/2022 17:44:00,4,2,3,2,,0,0,0,1,0,0,0,1,2,1965,0,0,1,0,0,1,3,3,1,1,0,0,0,0,0,0,1,0,0,0,0,0,1,0,0,0,0,0,0,4,1,1,2,4,2,10,4,4,4,2,2,,,,,,,4,3,,,4,4,2,1,1,1,4,4,4,1,0,0,1,2,2,1,1,2,1,1,4,4,2,3,2,3,2,2,1,1,2,2,2,2,2,5,,,1,1,0,0,0,0,,,,,,2,1,0,0,0,0,0,0,1,1,1,1,4,1,1,0,4,498.9,14,,10,,1,2,10/22/2022 17:35:00,11,2,4,4,4,1,2,2,2,2,2,,1,1,1,1,1,10,,1,1,2,2,2,,"85705",2.41749739646912,2,2
1428,"gydtsm85530r219g",10/22/2022 17:56:00,4,2,3,2,,0,0,0,1,0,0,0,1,1,1970,0,0,1,0,0,1,3,6,1,1,0,1,0,0,0,0,0,0,0,0,0,0,1,0,0,0,0,0,0,2,3,1,4,3,3,0,4,1,5,3,3,,,,,,,1,5,,,6,4,4,1,3,3,3,2,4,1,0,0,1,3,3,3,3,2,2,4,2,3,3,3,1,2,4,4,4,4,4,4,4,1,5,5,,,3,1,0,0,0,0,,,,,,4,1,0,0,0,0,0,0,3,3,3,3,6,1,0,1,4,1133.51,14,,10,,1,2,10/22/2022 17:36:00,11,2,1,6,5,5,4,4,4,4,4,4,,1,3,4,2,4,5,,3,4,4,,1,"85706",1.86355912685394,2,2
1432,"cwnjfxebyej5q7vt",10/22/2022 17:57:00,4,2,3,2,,0,0,0,1,0,0,0,1,2,1964,0,0,1,0,0,1,2,5,1,0,0,1,0,0,0,0,0,0,0,0,1,0,0,0,0,0,1,0,0,4,3,1,4,3,3,5,4,4,6,5,4,,,,,,,2,5,,,6,4,4,1,4,4,4,3,4,2,,,,1,4,1,4,1,1,1,4,4,3,2,1,1,4,4,4,4,4,4,4,2,2,2,,,1,1,0,0,0,0,,,,,,2,1,0,0,0,0,0,0,1,2,1,2,6,2,0,1,4,848.33,12,,13,,1,1,10/22/2022 17:42:00,8,3,6,6,6,6,2,2,2,2,2,1,,1,3,3,2,3,5,,2,2,4,,2,"85205",1.835453748703,2,3
1436,"egg28jsg6abtunmm",10/22/2022 18:03:00,4,2,3,2,,0,0,0,1,0,0,0,1,2,1977,0,0,1,0,0,1,5,3,1,1,0,0,0,0,0,0,0,0,0,0,0,0,1,0,1,0,0,0,0,3,2,1,2,1,2,7,2,4,3,3,2,,,,,,,1,2,,,1,4,3,2,3,2,2,1,4,1,0,0,1,4,2,1,1,1,1,2,3,3,3,2,1,3,4,4,1,1,2,1,1,4,3,5,,,1,1,0,0,0,0,,,,,,3,0,0,0,1,0,1,0,4,1,1,2,3,3,1,0,4,1107.71,14,,10,,1,2,10/22/2022 17:44:00,8,2,1,1,1,6,1,2,2,2,2,,2,1,3,2,3,10,,5,1,2,2,2,,"85008",1.91946601867676,2,2
1437,"4mkruqgt38en2xsd",10/22/2022 18:05:00,4,2,3,2,,0,0,0,1,0,0,0,1,2,1971,0,0,1,0,0,1,3,3,1,0,0,0,0,0,1,0,0,0,1,1,0,0,0,0,0,0,0,0,0,2,1,1,3,2,4,8,2,4,2,4,2,,,,,,,2,6,,,1,4,2,4,1,4,4,4,4,2,,,,2,2,2,1,1,1,3,4,4,2,3,1,3,1,1,4,1,1,1,1,3,5,5,,,1,1,0,0,0,0,,,,,,3,1,0,0,0,0,0,0,1,3,4,4,2,2,0,1,4,1195.95,12,,11,,1,1,10/22/2022 17:44:00,8,2,1,1,1,3,2,2,2,2,2,1,,1,3,3,1,10,1,,1,1,3,,2,"85037",1.91946589946747,2,2
1439,"7m8qwe963pd475yf",10/22/2022 18:38:00,4,2,3,2,,0,0,0,1,0,0,0,1,2,1968,0,0,1,0,0,1,2,6,1,1,0,0,0,0,0,0,0,0,0,0,0,0,1,0,0,0,0,0,0,3,1,3,4,3,4,9,3,3,3,3,3,,,,,,,3,3,,,6,4,4,4,4,4,4,4,4,2,,,,2,2,1,3,1,1,1,4,3,3,3,1,1,4,4,4,4,4,4,4,1,2,2,,,1,1,0,0,0,0,,,,,,1,1,0,0,0,0,0,0,1,1,1,1,4,1,1,0,4,3048.17,14,,10,,1,2,10/22/2022 17:47:00,8,2,6,6,6,6,1,1,1,1,3,,5,2,3,3,3,5,,2,1,1,1,1,,"85268",1.835453748703,2,2
1441,"05v99z5032wcmuev",10/22/2022 18:11:00,4,2,3,3,2,1,0,0,0,0,0,0,1,1,1978,0,0,1,0,0,1,6,6,1,1,0,0,0,1,0,1,0,0,0,0,0,0,0,0,0,0,0,0,0,4,1,1,1,4,4,10,4,4,4,4,4,,,,,,,3,4,,,6,4,4,4,4,4,3,3,3,1,1,1,0,1,4,1,4,1,1,1,4,1,1,3,1,3,4,4,3,4,4,4,4,4,5,5,,,1,0,0,0,1,0,,,,,,4,0,1,1,1,1,1,1,1,1,1,1,6,2,0,1,4,1405.48,14,,10,,1,2,10/22/2022 17:47:00,8,2,6,6,5,6,2,1,1,1,1,1,,1,1,1,3,0,1,,1,1,3,,2,"85021",0.400000005960464,2,2
1443,"x4cs4cdkhu4vs2e0",10/22/2022 17:58:00,4,2,3,2,,0,0,0,1,0,0,0,1,1,1960,0,0,0,1,0,1,5,3,1,1,1,0,0,1,0,0,0,0,0,0,0,0,0,0,0,0,0,0,0,2,1,1,2,3,3,9,2,4,4,4,2,,,,,,,2,4,,,2,4,3,4,2,4,2,3,4,2,,,,2,3,2,2,1,1,4,2,4,2,3,1,3,4,4,1,4,4,1,4,4,1,1,,,1,0,0,0,0,1,,,,,,4,1,0,0,0,0,0,0,1,1,1,1,2,2,1,0,4,451.58,4,,10,,5,6,10/22/2022 17:51:00,8,2,2,1,1,2,2,2,2,1,3,,5,1,3,1,1,10,,1,1,1,3,2,,"85208",1.91946601867676,2,2
1445,"g1rmcz5su7rn0uv2",10/22/2022 18:04:00,3,2,3,1,,0,0,0,0,1,0,0,1,1,1963,0,0,1,0,0,1,3,1,1,0,0,0,0,1,1,0,0,0,0,0,0,0,1,0,0,0,0,0,0,2,1,1,1,1,3,10,2,4,1,4,2,,,,,,,1,2,,,1,4,1,1,1,1,2,2,3,2,,,,1,1,1,1,1,1,3,4,4,2,3,1,3,1,1,1,1,1,1,1,4,1,1,12,,1,1,0,0,0,0,6,3,2,3,1,2,1,0,0,0,0,0,0,1,1,1,1,2,2,0,1,3,664.86,14,,10,,1,2,10/22/2022 17:52:00,15,1,1,1,1,4,2,2,2,2,1,5,,1,1,3,1,10,1,,1,1,1,,2,"85364",0.431166261434555,1,1
1447,"5r37rwzrbxjxjhyy",10/22/2022 18:07:00,4,2,3,2,,0,0,0,1,0,0,0,1,2,1967,0,0,1,0,0,1,4,3,1,0,1,0,0,0,0,0,0,0,0,1,0,0,0,0,0,1,0,0,0,2,1,1,2,4,4,10,2,4,1,4,4,,,,,,,2,2,,,1,3,4,2,4,4,3,4,4,2,,,,1,4,1,3,1,1,3,4,4,2,3,1,2,4,3,1,4,2,4,4,3,1,5,,,1,1,0,0,0,0,,,,,,3,0,0,0,0,0,0,1,1,1,1,1,1,3,0,1,4,859.31,4,,12,,5,6,10/22/2022 17:53:00,8,2,1,1,2,3,2,2,2,1,1,3,,1,3,1,2,10,1,,1,1,2,,2,"85032",1.91946589946747,2,2
1449,"b8jfns2vm42tcqdg",10/22/2022 18:05:00,4,2,3,2,,0,0,0,1,0,0,0,1,1,1974,0,0,1,0,0,1,2,4,1,1,0,0,0,0,0,0,0,0,0,0,0,0,0,0,0,0,0,0,0,3,2,2,2,2,2,8,3,2,4,2,2,,,,,,,2,2,,,3,4,2,2,3,2,2,2,4,2,,,,2,2,3,3,3,2,2,2,2,2,2,2,2,3,4,3,3,3,4,2,1,2,2,,,3,1,0,0,0,0,,,,,,4,1,0,0,0,0,0,0,1,1,1,1,3,2,1,0,4,584.18,14,,10,,1,2,10/22/2022 17:55:00,8,3,1,1,3,3,3,2,2,3,3,,2,2,1,2,4,7,,2,2,3,2,2,,"85382",2.11141228675842,2,3
1453,"8xgq4mhk1afy1kst",10/22/2022 18:18:00,4,2,3,2,,0,0,0,1,0,0,0,1,1,1964,0,0,1,0,0,1,4,3,1,0,0,0,1,0,1,0,0,0,1,0,0,0,0,0,0,0,0,0,0,2,1,3,2,3,3,9,2,4,1,3,3,,,,,,,1,2,,,1,4,4,4,4,4,1,4,4,2,,,,1,1,1,1,1,1,4,4,3,2,2,1,3,1,1,4,3,1,1,1,3,1,1,,,1,0,0,0,1,0,,,,,,2,0,1,1,0,0,1,0,1,4,1,1,2,5,0,1,4,750.58,4,,10,,5,6,10/22/2022 18:04:00,8,2,1,1,6,6,2,2,2,2,2,1,,1,1,1,3,10,1,,1,1,2,,2,"85017",1.91946589946747,2,2
1454,"uq8quphk25d6mdhb",10/22/2022 18:32:00,4,2,3,2,,0,0,0,1,0,0,0,1,2,1979,0,0,1,0,0,1,4,5,1,1,0,0,0,0,0,0,0,0,0,0,0,0,0,0,0,0,1,0,1,4,1,1,1,4,1,10,4,1,4,1,5,,,,,,,4,5,,,4,4,3,3,1,4,4,1,4,2,,,,4,4,4,4,4,1,4,4,4,3,1,2,1,1,2,2,1,2,1,1,1,2,2,,,1,1,0,0,0,0,,,,,,2,1,0,0,0,0,0,0,1,1,1,1,5,6,1,0,4,1447.26,14,,10,,1,2,10/22/2022 18:08:00,9,3,4,4,4,1,1,1,3,4,3,,3,3,3,3,3,10,,1,1,4,1,1,,"86404",2.41749739646912,2,3
1461,"6zmfrwmt54jrb7wp",10/22/2022 18:34:00,4,2,3,2,,0,0,0,1,0,0,0,1,2,1965,0,0,1,0,0,1,3,4,1,0,0,0,1,1,0,0,0,0,0,0,0,0,0,0,0,0,0,1,0,2,1,3,2,3,1,10,2,4,1,4,2,,,,,,,1,3,,,2,4,4,4,1,1,3,3,4,2,,,,1,2,1,1,1,1,4,4,4,2,3,1,3,3,3,1,1,1,1,1,2,1,5,,,1,0,0,0,0,1,,,,,,2,1,0,0,0,0,0,0,1,3,1,3,3,3,0,1,4,1039.21,14,,10,,1,2,10/22/2022 18:14:00,15,3,1,1,6,2,2,2,1,1,3,3,,1,1,3,1,10,1,,1,1,2,,2,"85364",1.91946589946747,2,3
1463,"jkv8mc666vc1fb2p",10/22/2022 18:21:00,4,2,3,2,,0,0,0,1,0,0,0,1,1,1966,0,0,1,0,0,1,5,3,1,1,0,0,0,0,0,0,0,0,0,0,0,1,0,0,0,0,0,0,1,3,1,1,2,3,3,7,4,4,3,4,4,,,,,,,2,2,,,5,4,3,2,3,1,1,1,4,1,1,1,1,3,2,2,2,2,2,3,3,3,1,2,2,2,4,4,4,4,4,4,4,2,1,5,,,1,1,0,0,0,0,,,,,,4,0,1,1,0,0,0,0,1,1,1,1,3,3,1,0,4,369.33,12,,13,,1,1,10/22/2022 18:14:00,8,2,2,1,2,6,1,2,2,2,2,,2,2,3,2,2,8,,1,2,3,3,2,,"85388",1.91946601867676,2,2
1473,"fwrvxvxq5h5pum33",10/22/2022 18:40:00,4,2,3,2,,0,0,0,1,0,0,0,1,2,1992,0,1,0,0,0,1,3,5,1,1,0,1,0,0,0,0,0,0,0,0,0,0,0,0,0,1,0,0,0,4,1,3,3,2,1,10,4,1,4,2,3,,,,,,,4,3,,,4,4,3,4,3,4,4,4,4,2,,,,1,3,1,4,2,1,1,1,1,1,3,2,1,2,2,2,2,2,2,2,2,2,2,,,1,1,0,0,0,0,,,,,,3,1,0,0,0,0,0,0,1,4,1,1,4,3,1,0,4,1006.48,12,,13,,1,1,10/22/2022 18:22:00,8,3,4,4,4,1,2,2,3,2,2,,1,1,3,2,2,1,,4,3,3,2,1,,"85396",2.41749739646912,2,3
1478,"cccfeyj1npc8gjap",10/22/2022 18:38:00,113,2,3,1,,0,0,0,0,1,0,0,1,1,1987,0,1,0,0,0,1,5,3,1,1,0,1,0,0,0,0,0,0,0,1,0,0,0,0,0,0,0,0,0,3,3,2,3,2,4,5,3,4,6,4,2,,,,,,,1,6,,,6,4,3,1,1,1,3,3,4,2,,,,1,1,1,4,1,1,1,1,1,2,3,1,2,1,1,1,1,1,1,1,3,3,3,12,,1,0,0,0,1,0,6,4,3,2,1,4,0,1,0,0,0,0,0,4,4,4,4,3,3,0,1,6,673.92,14,,10,,1,2,10/22/2022 18:26:00,8,2,1,1,6,6,1,1,2,1,1,1,,1,3,1,2,5,1,,4,1,1,,2,"85008",0.517399489879608,1,2
1483,"efwj1pug3h3fg2u3",10/22/2022 18:50:00,4,2,3,2,,0,0,0,1,0,0,0,1,2,1962,0,0,0,1,0,1,4,3,1,0,0,0,1,1,0,1,0,0,0,0,0,0,0,0,0,0,0,0,0,4,2,1,2,4,4,5,4,4,4,4,4,,,,,,,2,4,,,6,4,4,2,1,4,4,4,4,2,,,,2,1,1,1,1,1,2,4,4,2,3,1,2,4,4,4,4,4,4,4,4,1,5,,,1,1,0,0,0,0,,,,,,4,1,0,0,0,0,0,0,1,1,1,3,2,2,0,1,4,899.54,14,,10,,1,2,10/22/2022 18:33:00,11,2,1,1,6,6,2,2,1,1,1,4,,1,1,4,1,10,1,,1,1,1,,2,"85710",1.91946589946747,2,2
1485,"0aqubw55zx16cjhk",10/22/2022 18:48:00,4,2,3,2,,0,0,0,1,0,0,0,1,1,1959,0,0,0,1,0,1,3,5,1,0,0,0,0,0,0,0,0,0,0,0,0,1,0,0,0,1,1,0,0,4,1,3,1,4,2,10,4,1,4,2,4,,,,,,,4,4,,,4,4,4,2,1,2,1,1,4,1,0,1,0,4,4,2,4,4,4,1,2,1,1,3,1,1,2,2,4,2,2,4,4,1,2,2,,,1,1,0,0,0,0,,,,,,1,1,0,0,0,0,0,0,1,1,1,1,5,4,1,0,4,774.41,4,,10,,5,6,10/22/2022 18:35:00,8,3,4,4,4,1,1,2,4,4,5,,1,3,3,5,4,0,,5,4,4,2,1,,"85225",2.54473376274109,2,3
1488,"q4m4qd64qj1p21tf",10/22/2022 18:51:00,4,2,3,2,,0,0,0,1,0,0,0,1,1,1967,0,0,1,0,0,1,3,3,1,0,0,0,0,0,0,0,0,0,0,1,0,0,0,0,0,1,1,0,0,4,1,2,2,3,2,10,4,2,4,2,4,,,,,,,4,1,,,3,4,4,2,2,4,4,4,4,2,,,,4,4,1,4,1,1,1,4,3,1,3,2,2,4,4,2,2,2,1,2,1,2,2,,,1,0,0,0,0,1,,,,,,4,0,0,1,0,0,0,0,1,1,1,1,4,2,0,1,4,705.48,4,,10,,5,6,10/22/2022 18:38:00,4,2,3,3,6,2,2,3,4,2,4,1,,1,3,1,2,5,5,,3,4,4,,1,"85541",2.31339430809021,2,2
1489,"z0r7zabt915f7thf",10/22/2022 18:47:00,4,2,3,2,,0,0,0,1,0,0,0,1,2,1963,0,0,1,0,0,1,4,3,1,1,0,1,0,0,0,0,0,0,0,0,0,0,0,0,0,0,0,1,0,4,2,1,2,2,2,5,4,2,4,2,6,,,,,,,2,6,,,2,4,3,1,1,4,3,4,4,2,,,,2,3,2,3,2,2,2,3,3,3,3,2,2,4,2,1,4,4,4,4,2,2,2,,,1,1,0,0,0,0,,,,,,2,1,0,0,0,0,0,0,1,1,1,1,3,1,1,0,4,500.41,14,,10,,1,2,10/22/2022 18:38:00,11,2,2,6,6,6,2,2,2,2,3,,3,2,3,3,3,5,,5,2,2,2,1,,"85705",1.86355912685394,2,2
1490,"qqczf4cah6n96vmn",10/22/2022 18:55:00,4,2,3,2,,0,0,0,1,0,0,0,1,2,1960,0,0,0,1,0,1,4,6,1,0,1,0,0,0,0,0,0,0,0,0,0,1,1,0,0,0,0,0,0,4,2,3,1,4,3,7,4,1,4,4,4,,,,,,,4,4,,,4,4,1,2,1,1,4,4,4,1,1,0,0,2,2,2,4,2,2,4,2,2,1,2,2,1,2,2,2,2,2,4,2,1,2,2,,,1,1,0,0,0,0,,,,,,1,0,1,0,1,0,0,0,1,4,1,4,6,1,0,1,4,997.28,12,,11,,1,1,10/22/2022 18:39:00,8,2,6,4,6,6,2,2,2,2,4,2,,2,3,1,3,0,5,,4,4,1,,2,"85281",1.67445707321167,2,2
1493,"ad84ybqghme149th",10/22/2022 21:37:00,4,2,3,2,,0,0,0,1,0,0,0,1,2,2001,1,0,0,0,0,1,3,4,1,0,0,0,1,0,0,0,0,0,0,1,1,0,0,0,0,0,0,0,0,3,5,,3,2,1,1,3,2,2,2,2,,,,,,,1,6,,,6,4,4,4,2,1,4,4,4,1,1,1,0,1,2,2,3,1,2,1,4,4,3,3,1,3,3,2,1,1,2,1,1,2,2,4,,,3,1,0,0,0,0,,,,,,4,0,0,1,1,0,1,0,1,4,4,4,3,6,0,1,4,3481.22,14,,10,,1,2,10/22/2022 18:39:00,8,3,1,6,6,6,3,2,3,1,2,2,,2,3,2,2,5,5,,1,2,2,,2,"85326",1.86355912685394,2,3
1494,"nt8txejzb7ey2dpn",10/22/2022 18:51:00,4,2,3,2,,0,0,0,1,0,0,0,1,2,1982,0,0,1,0,0,1,6,4,1,1,0,0,1,0,0,0,0,0,0,0,1,0,0,0,0,0,0,0,0,4,1,1,3,3,2,5,4,3,4,2,3,,,,,,,4,4,,,4,4,1,1,2,1,2,2,4,1,1,1,0,3,1,2,2,4,2,1,1,1,3,3,2,1,2,2,2,2,2,2,2,3,2,5,,,1,1,0,0,0,0,,,,,,1,0,0,0,0,0,1,0,1,1,1,2,4,3,1,0,4,685.85,12,,11,,1,1,10/22/2022 18:39:00,8,3,4,4,4,1,2,2,3,2,1,,1,1,3,5,2,2,,3,2,3,2,2,,"85086",2.41749739646912,2,3
1495,"am55xmwb7v9dt0u1",10/22/2022 18:49:00,4,2,3,2,,0,0,0,1,0,0,0,1,2,1998,1,0,0,0,0,1,5,3,1,1,0,0,0,1,0,1,0,0,0,0,0,0,0,0,0,0,0,0,0,4,2,1,2,2,3,10,4,3,4,4,2,,,,,,,3,3,,,2,1,2,1,1,1,3,2,4,1,0,0,1,3,2,2,1,1,2,3,1,4,2,1,1,2,2,3,2,3,2,1,1,3,2,2,,,1,0,0,0,0,1,,,,,,3,1,0,0,0,0,0,0,1,2,1,4,3,5,1,0,4,452.19,14,,10,,1,2,10/22/2022 18:40:00,8,2,2,1,2,1,1,1,2,2,2,,2,1,2,2,3,5,,3,3,3,3,1,,"85308",1.91946601867676,2,2
1496,"f26hgt1275xbwgvz",10/22/2022 19:04:00,4,2,3,2,,0,0,0,1,0,0,0,1,2,1994,1,0,0,0,0,1,4,4,1,1,0,0,0,0,0,0,0,0,0,0,0,0,0,0,1,0,1,0,0,4,1,1,2,3,1,10,4,2,4,2,4,,,,,,,3,5,,,4,4,4,4,2,4,4,3,4,1,1,0,0,2,3,2,4,2,3,1,1,1,1,3,2,1,2,2,2,2,2,3,2,1,1,5,,,1,1,0,0,0,0,,,,,,2,0,0,0,0,0,1,0,1,3,4,4,4,1,0,1,4,1335.12,12,,13,,1,1,10/22/2022 18:41:00,8,3,3,1,3,2,1,2,3,2,3,2,,2,3,1,4,0,4,,3,4,2,,1,"85142",2.72943449020386,2,3
1500,"v5chzedban276v4s",10/22/2022 18:58:00,113,2,3,1,,0,0,0,0,1,0,0,1,1,1987,0,1,0,0,0,1,5,3,1,1,0,1,0,0,0,0,0,0,0,1,0,0,0,0,0,0,0,0,0,3,3,2,4,1,4,5,3,4,6,4,2,,,,,,,1,4,,,6,4,1,1,1,1,4,4,4,2,,,,1,1,1,4,1,1,1,1,1,2,3,1,3,1,1,1,1,2,1,1,4,3,3,12,,1,0,0,0,1,0,6,4,3,2,1,4,0,1,0,0,0,0,0,4,4,4,4,3,3,0,1,6,512.86,14,,10,,1,2,10/22/2022 18:49:00,8,2,1,1,6,6,1,2,2,1,1,1,,1,3,3,1,5,1,,4,1,1,,2,"85008",0.517399489879608,1,2
1504,"pbwbb20xwyup5d1b",10/22/2022 19:21:00,4,2,3,2,,0,0,0,1,0,0,0,1,2,1987,0,1,0,0,0,1,4,3,1,1,0,0,1,0,0,0,0,0,0,0,0,0,0,0,1,0,0,0,0,3,3,3,3,3,1,2,3,2,6,5,3,,,,,,,3,6,,,6,4,2,1,1,1,3,3,4,1,0,0,1,2,2,2,3,1,3,2,3,4,1,3,1,1,4,4,4,1,2,4,4,2,4,2,,,1,0,0,0,0,1,,,,,,2,0,0,1,0,0,0,0,1,4,1,4,4,4,1,0,4,1567.88,12,,13,,1,1,10/22/2022 18:54:00,8,2,6,6,6,6,1,2,2,1,2,,4,1,3,4,3,2,,4,3,3,2,2,,"85007",1.835453748703,2,2
1507,"5pw1ungr63hzty04",10/22/2022 19:14:00,4,2,3,2,,0,0,0,1,0,0,0,1,2,1983,0,1,0,0,0,1,3,3,1,0,0,0,0,0,0,1,0,0,0,0,0,0,0,0,1,0,1,0,0,4,5,,2,3,3,10,4,4,4,3,4,,,,,,,4,3,,,4,4,1,3,1,1,1,1,4,2,,,,4,2,2,4,4,2,1,3,1,1,3,2,2,2,2,3,3,2,2,2,3,2,4,,,1,0,0,0,1,0,,,,,,1,0,1,0,0,0,0,0,1,4,4,4,4,5,0,1,4,708.05,13,,10,,5,6,10/22/2022 18:59:00,8,2,4,4,4,1,1,1,3,1,4,1,,2,3,1,2,4,5,,3,3,2,,1,"85205",2.41749739646912,2,2
1514,"rthr6ekhp65fv754",10/22/2022 19:39:00,4,2,3,2,,0,0,0,1,0,0,0,1,1,1978,0,0,1,0,0,1,4,5,1,1,0,0,0,0,0,0,0,0,0,0,0,1,0,0,0,0,1,0,0,4,1,3,1,4,3,10,4,1,4,2,4,,,,,,,4,4,,,4,4,2,1,1,1,4,2,4,2,,,,4,4,2,4,4,3,1,1,1,1,3,2,1,2,2,4,2,2,2,2,1,2,2,,,1,1,0,0,0,0,,,,,,1,0,0,1,0,0,0,0,1,1,1,1,4,5,1,0,4,731.7,14,,10,,1,2,10/22/2022 19:26:00,8,3,4,4,6,6,2,2,4,2,5,,1,3,2,1,4,1,,4,4,4,4,2,,"85306",2.54473376274109,2,3
1516,"rgu6nagrz6gsakr6",10/22/2022 19:40:00,4,2,3,2,,0,0,0,1,0,0,0,1,1,1989,0,1,0,0,0,1,5,4,1,0,0,1,0,0,0,0,0,0,0,0,0,1,0,0,0,0,0,1,0,3,1,1,4,1,1,3,4,4,4,4,4,,,,,,,4,4,,,3,4,3,1,1,1,1,1,4,1,0,1,0,1,1,1,3,1,1,4,4,4,1,3,1,2,2,1,3,1,2,2,2,2,1,2,,,1,0,0,0,1,0,,,,,,1,1,0,0,0,0,0,0,1,3,3,3,3,2,0,1,4,494.78,12,,13,,1,1,10/22/2022 19:32:00,8,3,5,5,5,5,3,3,3,3,1,3,,1,2,3,3,7,2,,1,1,3,,2,"85032",1.21139979362488,2,3
1520,"fndy5wdj9nyya68e",10/22/2022 19:50:00,4,2,3,2,,0,0,0,1,0,0,0,1,1,1989,0,1,0,0,0,1,2,3,1,1,0,0,1,0,0,0,0,0,0,0,0,0,1,0,0,0,0,0,0,3,3,1,4,2,2,0,3,3,3,3,3,,,,,,,3,3,,,6,4,3,4,3,3,4,4,4,2,,,,2,2,2,3,1,2,3,3,4,2,3,2,2,4,4,4,4,4,4,4,3,5,5,,,1,1,0,0,0,0,,,,,,4,1,0,0,0,0,0,0,4,4,4,4,2,2,0,1,4,488.01,14,,10,,1,2,10/22/2022 19:41:00,8,2,5,5,5,5,3,3,3,1,2,4,,1,3,3,1,5,5,,4,4,2,,2,"85032",1.10127222537994,2,2
1530,"jr41fyuuhyawvnug",10/22/2022 20:43:00,4,2,3,2,,0,0,0,1,0,0,0,1,1,1961,0,0,0,1,0,1,4,5,1,1,1,0,0,0,0,0,0,0,0,0,0,0,0,0,0,0,1,0,0,3,1,3,2,3,2,9,4,1,4,2,4,,,,,,,4,2,,,4,4,1,1,1,4,4,2,4,1,0,1,0,4,4,1,4,4,1,3,4,3,1,1,2,2,2,2,2,2,2,2,2,1,2,2,,,1,1,0,0,0,0,,,,,,2,1,0,0,0,0,0,0,1,1,1,1,5,3,1,0,4,944.76,14,,10,,1,2,10/22/2022 20:27:00,8,3,4,4,4,1,2,3,3,3,5,,1,2,2,1,3,1,,5,3,4,3,2,,"85224",2.54473376274109,2,3
1533,"629yxx8rvjdh3un3",10/22/2022 20:49:00,3,2,3,1,,0,0,0,0,1,0,0,1,1,1980,0,0,1,0,0,1,6,4,1,1,0,0,0,0,0,0,1,0,0,0,0,0,0,0,1,0,0,0,0,4,1,1,1,4,2,10,4,1,4,2,4,,,,,,,4,3,,,4,4,3,3,1,1,3,3,4,2,,,,4,4,2,4,4,4,1,4,2,1,2,2,1,2,4,4,4,2,4,2,1,2,2,12,,1,0,0,0,0,1,6,4,2,3,1,2,0,0,1,0,0,1,0,1,1,1,1,4,6,0,1,3,487.13,12,,13,,1,1,10/22/2022 20:40:00,8,3,4,4,4,6,1,2,4,4,5,1,,2,3,1,5,5,3,,2,3,3,,2,"85249",0.493671059608459,1,3
1535,"na0rybgcat35rwvz",10/22/2022 21:05:00,3,2,3,1,,0,0,0,0,1,0,0,1,1,1980,0,0,1,0,0,1,5,5,1,0,0,1,0,1,0,0,0,0,0,0,1,0,0,0,0,0,0,0,0,4,1,1,2,1,1,10,4,1,4,1,4,,,,,,,5,5,,,4,4,4,1,1,1,4,4,2,1,0,0,1,1,1,4,4,4,1,1,1,1,2,1,1,2,4,1,3,3,2,3,2,1,3,5,12,,2,0,0,0,1,0,2,3,1,3,2,4,1,0,0,0,0,0,0,4,1,1,1,2,1,1,0,3,1137.97,4,,10,,5,6,10/22/2022 20:46:00,13,3,4,4,4,1,1,1,2,2,1,,5,3,1,1,1,3,,4,1,4,1,2,,"85621",0.493671059608459,1,3
1542,"f9n3124212rdj1az",10/22/2022 21:17:00,4,2,3,2,,0,0,0,1,0,0,0,1,1,1972,0,0,1,0,0,1,4,4,1,1,0,0,0,0,0,0,1,0,0,0,0,0,0,0,0,1,0,0,0,4,2,3,2,2,2,6,4,4,4,3,3,,,,,,,1,2,,,3,4,1,1,2,2,4,4,4,1,0,0,1,3,2,2,3,1,2,2,3,3,1,2,2,2,2,2,2,3,2,4,4,3,2,2,,,1,0,0,0,0,1,,,,,,3,1,0,0,0,0,0,0,1,1,1,1,3,6,1,0,4,676.75,12,,11,,3,1,10/22/2022 21:05:00,8,3,1,3,1,2,1,2,3,2,3,,2,2,3,2,4,8,,5,3,3,3,2,,"85207",1.96853315830231,2,3
1543,"x2h42n3xqc60rajv",10/22/2022 21:20:00,4,2,3,2,,0,0,0,1,0,0,0,1,1,1969,0,0,1,0,0,1,6,3,1,0,0,0,0,0,0,0,1,0,0,0,0,0,0,0,1,1,0,0,0,4,3,3,3,3,3,5,4,3,4,3,3,,,,,,,3,3,,,3,4,3,1,1,1,4,3,4,2,,,,4,3,2,2,2,2,2,2,2,2,2,2,1,4,2,4,1,2,2,2,2,2,5,,,1,1,0,0,0,0,,,,,,4,1,0,0,0,0,0,0,1,4,4,4,4,3,0,1,4,521.1,14,,10,,1,2,10/22/2022 21:11:00,8,2,2,4,3,2,2,2,3,2,3,1,,2,3,2,3,4,3,,3,3,2,,1,"85249",1.78957581520081,2,2
1545,"7wq079sf6tpyvwsh",10/22/2022 21:28:00,4,2,3,2,,0,0,0,1,0,0,0,1,1,1973,0,0,1,0,0,1,6,5,1,0,1,0,0,0,0,0,1,0,0,0,0,0,0,0,0,0,0,1,0,4,1,1,1,4,2,9,4,4,4,2,4,,,,,,,4,2,,,4,4,4,3,1,1,1,1,4,2,,,,4,4,2,3,4,2,2,4,4,1,3,2,2,2,2,2,2,2,2,2,2,2,2,,,1,1,0,0,0,0,,,,,,3,1,0,0,0,0,0,0,1,1,1,1,4,2,1,0,4,380.17,13,,11,,5,6,10/22/2022 21:22:00,8,3,4,4,3,6,1,3,4,2,2,,4,3,3,2,2,6,,2,4,4,1,1,,"85225",2.54473376274109,2,3
1548,"4k4qrjqxk24wgs2z",10/22/2022 21:56:00,4,2,3,2,,0,0,0,1,0,0,0,1,1,1976,0,0,1,0,0,1,3,3,1,0,1,0,1,0,1,0,0,0,0,0,0,0,0,0,0,0,0,0,0,2,1,1,1,1,1,10,2,4,2,4,2,,,,,,,2,3,,,1,4,4,4,4,4,4,4,4,2,,,,3,2,1,3,1,2,3,4,4,2,3,1,3,4,4,4,1,4,1,4,3,1,5,,,1,1,0,0,0,0,,,,,,4,0,0,1,1,0,1,0,1,1,4,4,2,2,0,1,4,1353.74,14,,10,,1,2,10/22/2022 21:33:00,3,2,1,1,1,4,4,4,2,1,2,4,,1,3,2,1,10,1,,1,1,1,,2,"86004",1.91946589946747,2,2
1552,"qwq2epdg0xfhra96",10/22/2022 22:03:00,4,2,3,1,,0,0,0,0,1,0,0,1,1,1971,0,0,1,0,0,1,5,1,1,0,0,0,0,0,0,1,1,0,0,0,0,0,0,0,0,0,1,0,0,1,1,2,2,2,2,2,1,1,1,1,1,,,,,,,1,1,,,1,1,2,2,2,3,2,1,2,1,1,0,0,3,2,3,1,1,1,1,1,2,1,2,1,1,2,3,2,1,3,3,3,2,2,2,6,,2,0,0,1,0,0,3,1,1,2,3,2,1,0,0,0,0,0,0,1,3,2,1,2,3,1,0,4,271.2,14,,10,,1,2,10/22/2022 21:58:00,11,1,2,3,3,2,1,2,1,3,1,,2,2,2,1,3,6,,2,2,2,2,1,,"85712",0.279159247875214,1,1
1555,"yp5fdrt9t2zs6d7e",10/22/2022 23:06:00,4,2,3,2,,0,0,0,1,0,0,0,1,2,1967,0,0,1,0,0,1,5,4,1,1,0,0,0,0,0,0,0,0,0,0,0,0,0,0,0,1,0,1,0,3,1,1,2,3,1,8,3,1,2,2,4,,,,,,,2,3,,,4,4,4,4,2,4,4,4,4,2,,,,2,3,2,3,2,2,2,4,4,2,3,1,2,4,4,4,4,4,4,4,2,2,2,,,1,1,0,0,0,0,,,,,,3,1,0,0,0,0,0,0,1,1,1,1,4,1,1,0,4,2573.33,3,,10,,5,6,10/22/2022 22:22:00,11,3,6,4,4,1,2,2,2,3,2,,3,2,3,2,2,3,,4,3,3,2,1,,"85705",1.67445719242096,2,3
1561,"8y1hbxngzwgfr96e",10/22/2022 23:21:00,4,2,3,2,,0,0,0,1,0,0,0,1,1,1970,0,0,1,0,0,1,6,5,1,0,0,0,1,0,0,1,0,0,0,0,0,0,0,0,1,0,0,0,0,4,1,3,1,4,2,9,4,2,4,2,4,,,,,,,4,3,,,4,4,4,2,2,2,4,4,4,1,1,1,0,4,1,1,4,3,3,1,1,1,1,3,1,1,2,2,2,1,2,2,2,1,2,2,,,1,0,0,0,1,1,,,,,,1,0,0,0,1,0,0,0,1,1,1,1,4,3,0,1,4,633.77,14,,10,,1,2,10/22/2022 23:10:00,11,3,3,3,3,3,2,2,4,1,4,1,,3,3,4,4,0,5,,4,4,3,,2,"85742",2.54473376274109,2,3
1565,"vktwfdtqmvers0pc",10/22/2022 23:42:00,4,2,3,2,,0,0,0,1,0,0,0,1,1,1961,0,0,0,1,0,1,4,3,1,0,1,0,0,0,0,0,0,0,0,0,0,0,0,0,1,0,0,1,0,3,3,1,2,2,1,7,2,4,3,4,3,,,,,,,2,1,,,2,4,4,2,2,4,4,4,4,2,,,,3,2,2,3,2,1,4,4,4,3,2,1,3,3,4,4,4,1,1,4,3,5,5,,,1,1,0,0,0,0,,,,,,1,1,0,0,0,0,0,0,1,1,1,1,3,2,0,1,4,1093.55,14,,10,,1,2,10/22/2022 23:23:00,8,2,1,5,2,6,2,2,2,2,4,2,,1,1,2,1,8,1,,1,1,2,,2,"85019",1.11813545227051,2,2
1570,"0z7x955vnsebja4f",10/22/2022 23:55:00,113,2,3,1,,0,0,0,0,1,0,0,1,2,1988,0,1,0,0,0,1,5,1,1,0,0,0,1,1,0,0,0,0,0,0,1,0,0,0,0,0,0,0,0,2,1,1,1,2,2,7,3,3,2,4,3,,,,,,,3,3,,,1,2,4,3,4,4,4,4,2,1,1,0,0,3,1,3,2,3,2,2,3,2,1,1,2,2,1,3,1,2,1,1,1,1,1,1,12,,1,0,1,0,0,0,3,2,1,2,3,1,0,1,0,1,0,0,0,2,2,1,2,1,6,1,0,6,374.11,12,,13,,1,1,10/22/2022 23:49:00,8,1,1,1,1,6,1,2,2,1,1,,1,2,1,1,2,5,,1,1,2,2,1,,"85043",0.497996956110001,1,1
1578,"rtvh8ukkrh9n53p5",10/23/2022 01:04:00,4,2,3,1,,0,0,0,0,1,0,0,1,2,1986,0,1,0,0,0,1,5,4,1,0,0,0,1,0,0,0,0,0,0,0,0,0,0,0,0,1,1,0,0,4,1,3,2,4,2,10,4,1,4,2,4,,,,,,,4,6,,,4,4,4,2,4,4,4,4,4,1,0,1,0,4,2,2,4,4,3,1,2,2,1,1,2,1,2,2,2,2,2,2,2,1,2,2,9,,2,1,0,0,0,0,2,4,3,2,1,1,0,0,1,0,0,0,0,1,2,1,2,5,4,0,1,4,1571.51,14,,10,,1,2,10/23/2022 00:37:00,5,3,3,4,3,2,2,2,4,1,3,1,,3,3,1,2,0,4,,3,4,2,,1,"85552",0.359968513250351,1,3
1579,"1n3bnkh0tnmvfd7j",10/23/2022 01:02:00,4,2,3,2,,0,0,0,1,0,0,0,1,1,1983,0,1,0,0,0,1,5,4,1,1,0,0,0,0,0,0,0,0,0,0,0,1,0,0,0,0,1,0,0,3,1,1,2,3,3,9,3,4,3,3,3,,,,,,,3,3,,,3,4,1,2,1,1,3,4,4,1,0,1,0,1,2,2,3,2,1,1,1,3,1,2,1,2,2,2,2,1,2,2,2,2,1,2,,,1,1,0,0,0,0,,,,,,1,1,0,0,0,0,0,0,1,1,1,1,4,4,1,0,4,727.12,14,,10,,1,2,10/23/2022 00:50:00,12,3,3,2,1,2,2,2,2,1,2,,4,2,1,2,2,9,,2,1,1,2,2,,"85138",2.72943496704102,2,3
1587,"u38xa4rm1xh4dvbj",10/23/2022 03:46:00,4,2,3,2,,0,0,0,1,0,0,0,1,1,1979,0,0,1,0,0,1,6,5,1,0,0,0,0,1,0,0,0,1,0,0,0,0,0,0,1,0,0,0,0,1,2,2,2,2,3,9,2,1,3,1,2,,,,,,,2,5,,,3,1,1,1,1,2,2,3,2,1,0,1,0,3,2,1,4,4,3,2,3,3,2,1,2,3,2,2,2,2,3,3,3,2,1,2,,,1,1,0,0,0,0,,,,,,1,0,0,1,0,0,0,0,1,2,1,2,5,6,0,1,4,1256.87,14,,12,,1,2,10/23/2022 03:23:00,8,3,1,1,3,1,1,2,1,1,2,1,,1,1,2,2,6,1,,2,2,2,,1,"85323",2.11141228675842,2,3
1597,"qbsmnwqnd4efxkvc",10/23/2022 05:24:00,4,2,3,2,,0,0,0,1,0,0,0,1,1,1960,0,0,0,1,0,1,2,5,1,1,0,0,0,0,0,0,0,0,0,0,0,1,0,0,1,0,0,0,0,4,1,3,1,4,1,10,4,1,4,1,4,,,,,,,4,4,,,4,4,1,1,1,1,4,1,4,1,0,1,1,4,4,1,4,4,4,4,4,4,1,3,2,1,2,2,2,2,2,2,2,1,2,2,,,1,1,0,0,0,0,,,,,,1,1,0,0,0,0,0,0,1,1,1,1,5,2,1,0,4,899.14,14,,10,,3,2,10/23/2022 05:09:00,14,3,4,4,4,6,1,2,4,2,3,,1,3,3,1,5,0,,4,4,4,1,2,,"86314",2.54473376274109,2,3
1604,"8uphj6grezhdya5d",10/23/2022 07:01:00,4,2,3,2,,0,0,0,1,0,0,0,1,1,1975,0,0,1,0,0,1,2,3,1,1,1,1,0,0,0,0,0,0,0,0,0,0,0,0,0,0,0,0,0,4,3,3,3,3,2,3,4,2,4,6,5,,,,,,,3,5,,,3,4,4,1,2,3,4,4,4,2,,,,3,3,2,4,1,2,1,2,1,3,3,1,3,3,4,2,3,4,4,4,2,5,5,,,1,1,0,0,0,0,,,,,,4,1,0,0,0,0,0,0,4,4,4,4,4,1,1,0,4,704.84,14,,10,,1,2,10/23/2022 06:49:00,8,2,6,6,6,6,2,3,4,2,3,,3,1,3,3,1,5,,2,2,2,3,2,,"85015",1.835453748703,2,2
1605,"wj7zu51ferd6n8kx",10/23/2022 07:16:00,4,2,3,2,,0,0,0,1,0,0,0,1,1,1958,0,0,0,1,0,1,3,5,1,1,0,0,0,0,0,0,1,0,0,0,0,1,0,0,0,0,0,0,0,4,1,3,1,3,2,9,4,1,4,4,4,,,,,,,4,3,,,4,4,3,2,3,2,4,2,4,1,0,1,0,3,4,2,4,3,3,4,4,2,1,3,2,1,2,2,3,1,2,1,2,1,2,2,,,1,1,0,0,0,0,,,,,,2,0,0,0,0,0,1,0,1,1,1,1,5,3,0,1,4,1375.27,12,,13,,1,1,10/23/2022 06:53:00,9,3,4,4,4,1,1,2,4,3,4,1,,2,3,1,4,1,4,,3,4,3,,2,"86406",2.54473376274109,2,3
1606,"pw10f68nrh9m7pd7",10/23/2022 07:45:00,1,1,3,1,,0,0,0,0,1,0,0,1,1,1965,0,0,1,0,0,1,5,1,1,0,0,0,0,0,0,0,1,0,1,0,0,0,0,0,0,0,0,1,0,1,1,2,1,1,3,10,1,4,1,4,1,,,,,,,1,1,,,1,2,1,2,2,1,1,1,1,1,0,0,1,3,2,2,2,2,2,2,2,3,1,1,1,3,1,1,1,1,1,1,1,1,1,1,17,,2,1,0,0,0,0,1,1,2,3,1,1,1,0,0,0,0,0,0,1,1,1,1,1,5,0,1,1,2851.91,4,,10,,5,6,10/23/2022 06:56:00,12,1,1,1,1,4,2,2,2,2,2,2,,2,3,2,1,10,1,,1,2,1,,2,"85122",0.14971050620079,1,1
1607,"cweajph4vu3qnanp",10/23/2022 07:39:00,1,1,3,2,,0,0,0,1,0,0,0,1,2,1972,0,0,1,0,0,1,5,3,1,0,0,1,0,0,0,0,0,0,0,1,0,0,0,0,1,0,0,0,0,2,2,3,2,2,3,6,2,5,2,2,2,,,,,,,5,3,,,2,3,2,3,3,4,1,1,3,1,1,1,0,2,3,1,1,2,2,4,3,2,2,2,1,3,3,3,1,3,3,3,3,2,1,3,,,1,1,0,0,0,0,,,,,,1,1,0,0,0,0,0,0,1,2,3,4,3,6,1,0,1,2093.79,4,,10,,5,6,10/23/2022 07:03:00,10,2,2,2,3,2,2,2,1,2,3,,4,2,3,1,1,7,,2,2,3,3,1,,"85937",1.91946601867676,2,2
1615,"zhapgjhsg9e71krw",10/23/2022 07:48:00,4,2,3,2,,0,0,0,1,0,0,0,1,1,1992,0,1,0,0,0,1,1,3,1,1,0,1,0,0,0,0,0,0,0,0,0,0,1,0,0,0,0,0,0,4,5,,4,4,4,0,6,6,6,6,6,,,,,,,6,6,,,6,4,4,4,4,4,4,4,4,2,,,,2,4,2,4,2,1,2,3,3,3,3,1,1,4,4,4,4,4,4,4,4,5,5,,,1,1,0,0,0,0,,,,,,4,1,0,0,0,0,0,0,4,4,4,4,6,1,1,0,4,1155.51,14,,10,,1,2,10/23/2022 07:29:00,11,2,6,6,6,6,2,2,2,2,4,,5,1,2,2,1,0,,5,3,2,1,1,,"85713",1.835453748703,2,2
1617,"phhrpr6u28r7m6un",10/23/2022 08:03:00,4,2,3,2,,0,0,0,1,0,0,0,1,1,1995,1,0,0,0,0,1,3,6,1,0,0,0,0,0,0,0,0,0,0,1,0,0,0,0,1,0,0,1,0,4,3,3,3,3,2,4,4,2,4,5,3,,,,,,,6,6,,,3,3,1,2,1,1,1,1,1,1,0,0,1,2,3,2,4,2,2,1,1,3,2,3,1,3,4,4,1,3,2,4,4,2,4,5,,,1,1,0,0,0,0,,,,,,4,0,0,0,1,0,0,1,1,4,1,4,3,2,0,1,4,959.95,14,,10,,1,2,10/23/2022 07:47:00,11,2,5,3,3,4,2,2,2,2,3,4,,2,2,5,1,4,5,,3,3,4,,1,"85653",1.76258623600006,2,2
1618,"vmk46cvcedb1p8p1",10/23/2022 08:00:00,3,2,3,2,,0,0,0,1,0,0,0,1,2,1997,1,0,0,0,0,1,3,3,1,0,0,0,1,1,1,0,0,0,0,0,0,0,0,0,0,0,0,0,0,2,1,1,2,2,2,5,2,4,2,4,2,,,,,,,2,5,,,6,4,1,1,3,1,4,4,4,1,0,1,0,1,2,2,2,1,2,2,4,1,3,2,1,3,1,1,1,4,1,1,1,2,1,5,,,1,1,0,0,0,0,,,,,,3,1,0,0,0,0,0,0,1,1,1,3,2,6,0,1,3,714.29,13,,10,,5,6,10/23/2022 07:47:00,8,2,1,1,6,6,2,2,3,1,3,3,,2,3,3,3,5,1,,2,1,2,,1,"85379",1.91946589946747,2,2
1619,"q7urqctztj3p8pmu",10/23/2022 07:58:00,4,2,3,2,,0,0,0,1,0,0,0,1,1,1977,0,0,1,0,0,1,6,3,1,0,0,0,0,0,1,0,1,0,0,0,0,0,0,0,0,0,0,1,0,1,2,3,2,2,2,8,5,2,1,1,1,,,,,,,3,3,,,1,2,3,1,1,2,3,4,2,1,1,0,0,2,1,2,1,2,1,1,1,3,1,1,1,1,2,3,1,1,2,1,3,1,1,2,,,1,1,0,0,0,0,,,,,,1,1,0,0,0,0,0,0,1,2,1,1,1,2,1,0,4,528.82,4,,12,,5,6,10/23/2022 07:47:00,4,2,4,1,4,1,2,2,3,1,1,,2,2,1,1,2,8,,1,2,1,2,2,,"85711",2.48130416870117,2,2
1626,"pvj5hcrme7b58bpf",10/23/2022 08:35:00,4,2,3,2,,0,0,0,1,0,0,0,1,1,1961,0,0,0,1,0,1,5,5,1,1,0,0,0,0,0,0,1,0,0,0,0,0,0,0,0,0,1,0,0,4,1,3,2,1,2,7,4,3,4,2,4,,,,,,,3,1,,,3,4,2,4,4,4,4,4,4,2,,,,4,4,1,1,2,1,4,1,4,3,2,2,3,2,2,1,1,2,1,2,1,2,2,,,1,1,0,0,0,0,,,,,,4,1,0,0,0,0,0,0,1,1,1,1,4,3,1,0,4,812.23,14,,10,,1,2,10/23/2022 08:21:00,8,3,4,1,2,1,2,2,2,2,5,,1,2,2,1,2,5,,1,2,2,3,1,,"85308",2.72943496704102,2,3
1630,"32q0nme5xvjbu4ua",10/23/2022 08:55:00,4,2,3,2,,0,0,0,1,0,0,0,1,1,1965,0,0,1,0,0,1,5,5,1,1,1,0,0,0,0,0,0,0,0,0,0,0,0,0,0,1,0,0,0,4,2,3,1,4,2,9,4,2,4,2,4,,,,,,,4,3,,,4,4,2,2,1,3,3,1,4,2,,,,4,2,1,3,3,1,1,3,2,1,2,2,2,2,2,2,2,2,4,2,1,2,2,,,1,1,0,0,0,0,,,,,,2,1,0,0,0,0,0,0,1,1,1,2,4,3,0,1,4,868.71,4,,10,,5,6,10/23/2022 08:40:00,8,3,3,4,4,3,1,1,2,3,2,1,,3,3,1,3,4,5,,3,3,1,,2,"85206",2.54473447799683,2,3
1632,"7fp0dak7wzuub6et",10/23/2022 09:17:00,1,1,3,1,,0,0,0,0,1,0,0,1,2,1965,0,0,1,0,0,2,5,2,1,0,0,0,0,1,0,0,0,0,0,0,1,0,0,0,0,0,1,0,0,2,2,1,3,2,4,6,2,3,2,4,2,,,,,,,2,2,,,2,3,3,3,2,4,3,3,3,1,1,1,0,3,2,1,3,3,3,4,3,3,2,2,1,1,1,1,4,1,3,1,4,2,1,1,17,,,1,0,0,0,0,1,3,1,2,3,3,1,0,0,0,0,0,0,1,1,1,4,2,4,0,1,1,1780.86,4,,10,,5,6,10/23/2022 08:44:00,8,1,2,2,2,3,2,1,1,2,3,3,,2,1,2,1,7,2,,2,2,2,,2,"85308",0.0864578187465668,1,1
1637,"1h366kn75rwpn46h",10/23/2022 09:31:00,1,1,3,2,,0,0,0,1,0,0,0,1,1,1971,0,0,1,0,0,2,5,5,1,0,1,0,0,0,0,0,0,0,0,0,1,0,0,0,0,1,0,0,0,4,1,1,2,4,1,9,4,1,3,1,3,,,,,,,3,3,,,4,3,2,3,2,3,3,3,2,1,0,0,1,2,2,2,2,3,2,2,2,2,1,1,1,2,2,2,2,2,2,2,2,3,2,2,,,,1,0,0,0,0,,,,,,3,1,0,0,0,0,0,0,1,1,1,1,5,5,1,0,1,1660.82,4,,12,,5,6,10/23/2022 09:02:00,8,3,4,4,4,1,2,1,2,3,3,,2,2,2,3,3,3,,4,2,4,1,1,,"85032",0.318091809749603,2,3
1640,"kzya0g2tw0nqb8vs",10/23/2022 09:51:00,1,1,3,2,,0,0,0,1,0,0,0,1,1,1970,0,0,1,0,0,2,5,5,1,1,1,0,0,0,0,0,0,0,0,0,1,0,0,0,0,0,0,0,0,3,1,2,2,3,1,9,1,1,4,1,4,,,,,,,4,4,,,4,3,2,2,2,3,2,2,2,2,,,,2,2,2,2,2,3,3,3,3,1,1,1,2,2,2,2,2,2,2,2,3,2,2,,,,1,0,0,0,0,,,,,,2,1,0,0,0,0,0,0,1,1,1,1,5,6,0,1,1,1691.16,4,,10,,5,6,10/23/2022 09:21:00,8,3,4,4,4,1,2,1,2,3,2,2,,2,3,2,2,3,4,,1,4,1,,2,"85142",0.318091809749603,2,3
1641,"uj7y488zrfbnatsr",10/23/2022 09:55:00,1,1,3,2,,0,0,0,1,0,0,0,1,1,1995,1,0,0,0,0,1,2,4,1,0,1,1,0,0,0,0,0,0,0,0,1,0,0,0,0,0,0,0,0,4,1,3,2,3,1,8,4,1,3,2,3,,,,,,,5,3,,,3,2,3,2,2,3,2,2,4,1,0,1,0,4,4,1,3,2,4,3,2,2,2,3,2,3,2,4,2,4,2,2,2,4,2,2,,,1,1,0,0,0,0,,,,,,3,1,0,0,0,0,0,0,1,1,1,1,4,3,1,0,1,1602.56,4,,10,,5,6,10/23/2022 09:25:00,11,3,4,3,3,2,1,1,3,2,4,,2,1,2,3,1,1,,4,3,4,1,1,,"85710",2.54473376274109,2,3
1643,"75h33tsfncfu3jjj",10/23/2022 10:11:00,1,1,3,2,,0,0,0,1,0,0,0,1,1,1971,0,0,1,0,0,2,5,5,1,0,1,0,0,0,0,0,0,0,0,0,1,1,0,0,0,0,0,0,0,4,1,2,1,4,1,9,3,1,4,1,3,,,,,,,5,3,,,4,1,2,1,2,2,2,1,1,1,0,0,1,3,2,2,2,2,2,2,3,3,1,1,1,2,2,2,2,2,2,2,2,3,2,2,,,,1,0,0,0,0,,,,,,2,1,0,0,0,0,0,0,1,1,1,1,5,6,0,1,1,1735.42,4,,12,,5,6,10/23/2022 09:42:00,8,3,4,4,4,1,2,1,2,2,2,1,,2,3,2,2,4,4,,2,4,2,,2,"85225",0.318091809749603,2,3
1645,"g86qwax38hbzyqhd",10/23/2022 10:35:00,1,1,3,2,,0,0,0,1,0,0,0,1,1,1968,0,0,1,0,0,2,5,4,1,1,1,0,0,0,0,0,0,0,0,0,1,0,0,0,0,0,0,0,0,3,1,3,3,3,1,8,4,1,4,2,4,,,,,,,3,3,,,3,2,3,3,3,3,3,3,3,2,,,,3,2,1,2,2,3,2,3,2,1,2,1,2,2,4,2,3,2,2,4,3,2,2,,,,1,0,0,0,0,,,,,,3,1,0,0,0,0,0,0,1,1,1,1,4,4,1,0,1,1916.34,4,,10,,5,6,10/23/2022 10:02:00,11,3,3,4,4,2,2,1,2,2,1,,2,3,1,2,2,4,,3,2,3,1,2,,"85705",0.318091809749603,2,3
1649,"9f57befjrg0sww1j",10/23/2022 10:58:00,1,1,3,2,,0,0,0,1,0,0,0,1,1,1979,0,0,1,0,0,1,2,3,1,0,1,0,0,0,0,0,0,0,0,0,1,1,0,0,0,0,0,0,0,3,1,1,3,3,3,6,4,3,3,2,3,,,,,,,2,5,,,5,3,4,3,3,4,3,3,4,1,0,1,1,3,4,1,3,2,4,3,3,3,2,3,2,3,3,4,4,3,1,4,2,3,5,5,,,1,1,0,0,0,0,,,,,,4,1,0,0,0,0,0,0,1,1,1,1,6,3,1,0,1,1691.83,4,,10,,5,6,10/23/2022 10:27:00,12,2,6,5,6,6,2,1,2,2,4,,3,2,2,4,1,3,,4,2,3,2,1,,"85120",1.10127222537994,2,2
1650,"a5db8rp5yw4pv23x",10/23/2022 11:07:00,1,1,3,2,,0,0,0,1,0,0,0,1,1,1968,0,0,1,0,0,2,5,5,1,0,1,0,0,0,0,0,0,0,0,0,1,0,0,0,0,0,0,0,1,4,1,2,3,4,1,10,4,1,4,1,4,,,,,,,4,4,,,4,3,4,3,4,3,3,3,3,1,1,0,0,3,2,2,2,2,3,3,3,2,1,2,1,2,2,2,2,2,2,2,2,3,2,2,,,,1,0,0,0,0,,,,,,1,1,0,0,0,0,0,0,1,1,1,1,5,4,0,1,1,1642.81,4,,12,,5,6,10/23/2022 10:36:00,11,3,4,4,4,1,2,1,2,3,2,2,,2,1,2,1,4,3,,1,3,2,,2,"85730",0.318091809749603,2,3
1654,"tqew6uf6a73nx162",10/23/2022 11:33:00,1,1,3,2,,0,0,0,1,0,0,0,1,1,1967,0,0,1,0,0,2,5,5,1,1,1,0,0,0,0,0,0,0,0,0,1,0,0,0,0,0,0,0,0,3,1,3,1,3,1,10,3,1,3,1,3,,,,,,,3,3,,,4,1,2,1,1,2,1,1,1,1,1,0,1,3,2,2,3,3,3,2,2,2,1,2,1,2,2,2,2,2,2,2,2,3,2,2,,,,1,0,0,0,0,,,,,,2,1,0,0,0,0,0,0,1,1,1,1,5,5,0,1,1,2177.36,4,,10,,5,6,10/23/2022 10:56:00,11,3,4,4,4,1,2,1,1,3,1,2,,2,1,2,1,4,3,,1,4,1,,2,"85719",0.318091809749603,2,3
1659,"yk92ze2e33bx2wbu",10/23/2022 11:22:00,4,2,3,2,,0,0,0,1,0,0,0,1,2,1990,0,1,0,0,0,1,5,3,1,1,0,0,0,0,0,0,0,0,0,0,0,0,0,0,1,1,0,0,0,4,1,1,2,4,3,10,4,2,4,3,4,,,,,,,4,3,,,4,4,4,2,4,3,4,4,4,2,,,,3,3,2,4,3,3,4,3,2,1,3,2,1,2,2,4,2,2,2,2,2,2,2,,,1,0,0,0,1,0,,,,,,1,0,0,0,0,0,1,0,1,1,1,1,4,4,1,0,4,779.25,12,,11,,1,6,10/23/2022 11:08:00,8,2,4,4,3,2,1,2,4,2,2,,1,2,3,1,4,4,,2,2,4,2,1,,"85234",2.4174976348877,2,2
1664,"fegzgcw9zevkfxtv",10/23/2022 11:25:00,4,2,3,2,,0,0,0,1,0,0,0,1,2,1970,0,0,1,0,0,1,3,3,1,1,0,1,0,0,0,0,0,0,0,0,0,1,0,0,0,0,0,0,0,4,1,1,4,4,2,8,4,3,4,5,4,,,,,,,3,5,,,3,4,3,1,4,3,4,2,4,1,1,0,0,3,3,2,2,2,1,2,1,2,3,3,1,2,2,2,3,2,3,4,4,2,2,1,,,1,1,0,0,0,0,,,,,,3,1,0,0,0,0,0,0,1,1,1,1,3,2,1,0,4,693.01,14,,10,,3,2,10/23/2022 11:13:00,8,2,3,3,2,6,1,2,2,2,3,,3,2,3,3,3,5,,5,2,3,3,2,,"85203",2.41749739646912,2,2
1672,"3v3yv68xhg6bzz0n",10/23/2022 11:52:00,4,2,3,1,,0,0,0,0,1,0,0,1,1,1958,0,0,0,1,0,1,5,1,1,0,1,0,1,0,0,0,0,0,1,0,0,0,0,0,0,0,0,0,0,1,1,1,2,1,4,10,1,2,5,2,1,,,,,,,5,5,,,1,2,1,1,1,3,2,1,4,2,,,,1,1,1,4,4,2,1,2,1,2,1,2,3,1,1,1,1,1,2,1,2,5,2,21,1,1,1,0,0,0,0,5,4,3,2,1,1,1,0,0,0,0,0,0,3,1,1,2,2,1,0,1,4,1354.49,14,,10,,1,2,10/23/2022 11:28:00,8,1,6,6,2,3,1,2,2,1,1,1,,1,1,1,1,9,1,,1,2,1,,2,"85207",0.27199998497963,1,1
1674,"uyyvsejtehc49jer",10/23/2022 11:54:00,4,2,3,2,,0,0,0,1,0,0,0,1,1,1979,0,0,1,0,0,1,5,3,1,1,0,1,0,0,1,0,0,0,0,0,0,0,0,0,0,0,0,0,0,3,1,3,2,2,4,5,3,4,3,4,2,,,,,,,2,6,,,6,4,3,4,4,4,2,4,4,2,,,,3,1,1,2,2,1,4,3,3,2,3,1,3,4,2,1,1,2,1,1,4,1,1,,,1,1,0,0,0,0,,,,,,1,1,0,0,0,0,0,0,1,1,1,1,2,5,0,1,4,1266.67,12,,13,,1,1,10/23/2022 11:30:00,8,2,1,1,1,6,2,2,2,2,1,1,,1,3,1,5,10,1,,1,2,2,,2,"85255",1.91946601867676,2,2
1675,"d9rv98p34248vxzd",10/23/2022 12:00:00,1,1,3,2,,0,0,0,1,0,0,0,1,1,1992,0,1,0,0,0,1,3,3,1,0,1,1,0,0,0,0,0,0,0,0,1,0,0,0,0,0,0,0,0,2,1,3,3,2,3,6,2,3,4,5,4,,,,,,,4,3,,,5,3,3,3,3,4,3,3,4,1,1,1,0,3,4,1,3,2,3,3,3,3,2,2,2,2,3,4,3,1,4,4,3,3,5,5,,,1,1,0,0,0,0,,,,,,3,1,0,0,0,0,0,0,1,1,3,4,6,6,1,0,1,1652.44,4,,10,,5,6,10/23/2022 11:31:00,14,2,5,6,5,5,1,1,3,2,3,,2,2,2,4,1,4,,3,2,2,1,1,,"86336",1.835453748703,2,2
1676,"9qm13ttgtnqupvwg",10/23/2022 11:48:00,4,2,3,2,,0,0,0,1,0,0,0,1,2,1958,0,0,0,1,0,1,2,4,1,1,1,0,0,0,1,0,0,0,0,0,0,0,0,0,0,0,0,0,0,4,2,1,3,2,2,4,4,1,5,5,4,,,,,,,2,5,,,6,4,1,1,2,1,1,3,4,1,1,1,1,4,4,1,1,1,2,4,4,3,3,3,1,2,3,3,3,4,4,4,3,1,2,2,,,1,1,0,0,0,0,,,,,,4,1,0,0,0,0,0,0,1,2,1,2,4,3,1,0,4,874.2,14,,10,,1,2,10/23/2022 11:33:00,14,3,6,6,6,6,1,2,2,1,3,,2,2,2,1,2,5,,5,2,3,3,2,,"85327",1.835453748703,2,3
1678,"v6u4x46m3x2xxec3",10/23/2022 12:17:00,4,2,3,2,,0,0,0,1,0,0,0,1,2,1990,0,1,0,0,0,1,2,4,1,0,0,1,0,0,0,0,0,0,0,0,0,0,0,0,0,0,0,0,0,4,1,3,4,3,2,8,4,1,4,1,3,,,,,,,5,5,,,3,4,1,4,4,1,4,4,4,2,,,,2,2,2,4,3,2,4,3,2,1,3,2,1,2,2,3,2,2,2,2,3,2,2,,,1,1,0,0,0,0,,,,,,1,1,0,0,0,0,0,0,2,4,4,4,4,1,0,1,4,2357.2,14,,10,,1,2,10/23/2022 11:36:00,15,3,6,6,6,6,2,2,2,2,2,1,,2,3,3,3,0,4,,3,3,3,,2,"85365",1.835453748703,2,3
1679,"cdxtr9cyh0zh6cp0",10/23/2022 12:17:00,1,1,3,2,,0,0,0,1,0,0,0,1,1,1965,0,0,1,0,0,2,5,5,1,0,1,0,0,0,0,0,0,0,0,0,1,0,0,0,0,0,0,0,0,4,1,1,1,3,1,9,3,1,4,1,4,,,,,,,3,3,,,4,1,1,1,2,2,2,1,1,1,0,0,1,3,2,2,2,2,3,3,2,2,1,1,1,2,2,2,2,2,2,2,2,3,2,2,,,,1,0,0,0,0,,,,,,2,1,0,0,0,0,0,0,1,1,1,1,5,6,1,0,1,2244.23,4,,12,,5,6,10/23/2022 11:39:00,14,3,4,4,4,1,2,1,2,3,1,,2,2,1,2,1,3,,3,1,4,1,2,,"86303",0.318091809749603,2,3
1680,"424p0cbxwyvzqdhe",10/23/2022 13:33:00,4,2,3,2,,0,0,0,1,0,0,0,1,2,1978,0,0,1,0,0,1,6,3,1,0,0,0,0,0,1,0,0,0,0,0,1,0,0,0,0,0,0,1,0,2,1,1,2,2,1,7,3,3,5,3,3,,,,,,,2,2,,,2,4,4,4,4,3,2,4,4,1,0,1,0,3,2,2,3,1,2,2,3,3,2,2,1,3,1,3,2,1,2,1,1,3,5,5,,,1,1,0,0,0,0,,,,,,1,1,0,0,0,0,0,0,1,1,1,1,3,4,1,0,4,6714.83,14,,10,,1,2,10/23/2022 11:40:00,8,2,2,2,2,2,2,1,2,2,1,,4,2,3,2,2,10,,5,2,2,2,1,,"85302",1.91946589946747,2,2
1684,"1gtcy9jh4vv3w2em",10/23/2022 12:00:00,4,2,3,2,,0,0,0,1,0,0,0,1,2,1982,0,0,1,0,0,1,3,3,1,1,1,0,0,0,0,0,0,0,0,1,0,0,0,0,0,0,0,0,0,2,3,1,3,2,2,0,2,4,2,3,2,,,,,,,1,3,,,2,4,1,1,2,1,1,2,4,2,,,,1,2,1,2,1,1,2,4,4,2,2,2,2,4,4,1,2,4,1,1,3,1,1,,,1,1,0,0,0,0,,,,,,2,0,1,1,1,0,0,0,1,1,1,1,2,6,0,1,4,686.77,12,,13,,1,1,10/23/2022 11:48:00,8,2,1,1,6,6,2,2,3,2,2,3,,1,3,2,3,10,1,,1,1,2,,2,"85206",1.91946589946747,2,2
1685,"gw7uuwdguymtyy3g",10/23/2022 12:00:00,4,2,3,2,,0,0,0,1,0,0,0,1,2,1983,0,1,0,0,0,1,4,5,1,1,0,0,0,0,0,0,1,0,0,0,0,0,0,0,0,0,1,0,0,4,1,3,1,4,1,10,4,1,4,2,4,,,,,,,4,2,,,4,4,4,4,2,4,4,2,4,1,1,1,1,3,3,1,4,3,2,1,2,1,1,2,1,1,2,2,2,2,2,2,2,1,2,2,,,3,1,0,0,0,0,,,,,,1,0,1,1,0,0,0,0,1,4,1,4,5,1,1,0,4,493.86,14,,10,,1,2,10/23/2022 11:52:00,8,3,4,4,4,1,1,1,4,2,4,,1,2,3,1,4,0,,4,4,4,4,1,,"85250",2.41749739646912,2,3
1686,"qeftpsxuxkttrxf0",10/23/2022 12:22:00,1,1,3,2,,0,0,0,1,0,0,0,1,2,1990,0,1,0,0,0,1,5,5,1,0,1,1,0,1,0,0,0,0,0,0,0,0,0,0,0,0,0,0,0,4,1,1,2,4,2,8,4,1,4,2,3,,,,,,,4,3,,,3,2,3,2,2,3,2,2,4,1,0,1,0,3,3,2,3,1,4,4,3,3,1,2,2,1,2,4,2,4,2,2,2,4,2,2,,,1,1,0,0,0,0,,,,,,1,1,0,0,0,0,0,0,1,1,1,1,5,5,0,1,1,1752.31,4,,10,,5,6,10/23/2022 11:52:00,8,3,3,3,3,2,1,2,1,2,2,3,,1,2,4,1,0,4,,2,4,1,,1,"85142",2.4174976348877,2,3
1690,"5qruzmu4mgrffy9p",10/23/2022 12:31:00,1,1,3,2,,0,0,0,1,0,0,0,1,1,1966,0,0,1,0,0,2,5,5,1,1,1,0,0,0,0,0,0,0,0,0,1,0,0,0,0,0,0,0,0,3,1,2,3,3,1,9,4,1,3,1,3,,,,,,,3,3,,,4,3,3,2,4,3,3,3,2,1,0,1,1,3,1,1,2,3,2,2,3,3,1,1,1,2,2,2,2,2,2,2,2,3,2,2,,,,1,0,0,0,0,,,,,,3,1,0,0,0,0,0,0,1,1,1,1,5,6,0,1,1,1547.09,4,,10,,5,6,10/23/2022 11:57:00,14,3,4,4,4,1,2,1,2,3,2,2,,2,1,1,1,3,3,,1,4,2,,2,"86305",0.318091809749603,2,3
1691,"qr2p7arda4p5k4xk",10/23/2022 12:18:00,3,2,3,2,,0,0,0,1,0,0,0,1,1,1975,0,0,1,0,0,1,4,4,1,1,0,0,0,0,0,0,0,0,0,0,0,0,1,0,0,0,1,0,0,4,2,3,2,2,2,8,4,1,4,2,4,,,,,,,3,4,,,4,4,4,2,4,4,3,3,4,2,,,,4,2,2,4,4,2,1,1,2,1,3,1,2,2,2,2,2,2,2,2,1,2,2,,,1,1,0,0,0,0,,,,,,3,0,0,1,0,0,0,0,1,2,2,2,4,4,1,0,3,903.13,14,,10,,1,2,10/23/2022 12:03:00,8,3,4,4,4,1,1,2,4,1,5,,2,3,3,1,2,0,,5,1,4,3,2,,"85202",2.54473376274109,2,3
1693,"tz159gt1gcfb0g4y",10/23/2022 13:05:00,1,1,3,2,,0,0,0,1,0,0,0,1,2,1970,0,0,1,0,0,1,2,4,1,1,0,1,0,0,0,0,0,0,0,0,1,0,0,0,0,0,0,0,0,3,2,1,3,4,1,7,4,1,4,2,4,,,,,,,3,5,,,3,3,3,3,3,4,3,3,4,1,0,1,0,4,4,1,3,2,4,3,3,3,2,3,2,2,2,4,2,2,2,4,2,4,2,2,,,1,1,0,0,0,0,,,,,,2,1,0,0,0,0,0,0,1,1,1,1,4,3,0,1,1,1560.21,4,,10,,5,6,10/23/2022 12:37:00,9,3,3,3,3,2,1,1,3,2,2,2,,2,3,2,1,2,3,,3,4,2,,1,"86442",2.41749739646912,2,3
1716,"zwfwfchq2ayggdjg",10/23/2022 13:21:00,113,2,3,2,,0,0,0,1,0,0,0,1,1,1982,0,0,1,0,0,1,5,3,1,0,1,0,0,0,0,0,0,0,1,0,1,0,0,0,0,0,0,0,0,2,1,1,2,2,3,10,2,4,2,4,2,,,,,,,2,2,,,1,4,4,4,4,4,2,2,4,1,0,0,1,2,1,1,1,1,1,2,4,4,3,1,1,3,4,3,1,1,3,1,1,3,1,1,,,1,1,0,0,0,0,,,,,,4,1,0,0,0,0,0,0,1,1,1,2,2,6,1,0,6,1231.22,12,,13,,1,1,10/23/2022 12:55:00,8,2,1,1,1,6,3,1,2,2,1,,3,1,3,3,1,10,,5,1,1,2,2,,"85212",1.91946601867676,2,2
1717,"twe7dpcrszftd94p",10/23/2022 13:41:00,1,1,3,1,,0,0,0,0,1,0,0,1,1,1965,0,0,1,0,0,2,5,2,1,0,0,1,0,1,0,0,0,0,1,0,0,0,0,0,0,0,0,0,0,2,1,3,1,1,4,8,1,4,1,3,2,,,,,,,2,2,,,2,1,3,1,1,4,1,1,2,1,1,0,0,3,2,1,3,3,3,4,3,3,2,3,1,2,1,1,1,1,1,1,4,2,1,1,17,,,1,0,0,0,0,2,2,1,3,2,2,0,1,0,0,0,0,0,1,1,1,1,2,3,0,1,1,1843.97,4,,10,,5,6,10/23/2022 13:06:00,15,1,2,2,2,4,1,2,1,2,3,2,,1,1,2,1,8,2,,2,1,2,,2,"85364",0.0748552531003952,1,1
1718,"grmvy8h61xy0z96n",10/23/2022 13:26:00,4,2,3,2,,0,0,0,1,0,0,0,1,2,1973,0,0,1,0,0,1,3,5,1,0,0,0,0,0,0,1,1,0,0,0,0,0,0,0,0,0,0,1,0,4,1,3,2,4,4,10,4,2,4,4,4,,,,,,,4,4,,,3,4,2,2,1,1,3,2,4,2,,,,2,2,2,4,2,1,2,3,4,3,3,2,3,4,4,4,4,4,4,4,2,2,2,,,1,1,0,0,0,0,,,,,,4,0,1,1,1,0,1,0,1,1,1,1,4,1,0,1,4,1054.64,14,,10,,1,2,10/23/2022 13:08:00,8,3,6,6,6,2,2,2,2,3,3,1,,2,3,1,2,7,5,,3,4,1,,1,"85326",1.835453748703,2,3
1720,"3pkcegrg87y7vq7p",10/23/2022 13:14:00,4,2,3,2,,0,0,0,1,0,0,0,1,2,2002,1,0,0,0,0,1,2,5,1,0,0,1,0,0,0,0,1,0,0,1,0,0,0,0,0,0,0,0,0,4,2,2,2,3,2,4,4,1,4,2,3,,,,,,,4,4,,,4,4,1,1,1,1,1,1,4,1,0,1,0,3,3,3,3,3,3,3,3,3,2,2,1,2,2,2,2,2,2,2,2,3,2,2,,,1,1,0,0,0,0,,,,,,1,0,0,0,0,0,0,1,1,4,4,4,6,2,1,0,4,247.13,12,,13,,1,1,10/23/2022 13:09:00,1,3,6,4,6,6,2,3,2,1,3,,2,2,1,2,3,8,,3,2,2,1,1,,"85281",1.67445707321167,2,3
1723,"xswzq6gjb6rhtu10",10/23/2022 13:25:00,4,2,3,2,,0,0,0,1,0,0,0,1,2,1975,0,0,1,0,0,1,2,6,1,1,0,1,0,0,0,0,0,0,0,0,0,0,1,0,0,0,0,0,0,4,1,1,2,1,1,5,3,4,2,4,2,,,,,,,2,2,,,4,4,4,4,4,3,2,2,4,1,0,1,0,3,3,1,1,1,2,3,3,2,1,3,2,3,1,1,1,3,2,1,2,3,1,1,,,1,1,0,0,0,0,,,,,,2,1,0,0,0,0,0,0,1,1,1,1,3,2,1,0,4,843.26,4,,10,,5,6,10/23/2022 13:10:00,8,2,2,1,1,1,2,2,1,2,2,,1,1,2,2,4,5,,3,1,1,2,2,,"85308",1.91946589946747,2,2
1725,"26wy88hb3aamt6rp",10/23/2022 14:06:00,4,2,3,2,,0,0,0,1,0,0,0,1,2,1964,0,0,1,0,0,1,2,4,1,0,0,0,1,0,0,0,0,0,0,0,0,0,0,0,0,0,1,1,0,3,2,1,3,2,2,3,4,2,4,3,3,,,,,,,3,2,,,3,4,4,2,2,4,4,4,4,2,,,,1,1,2,2,3,1,1,2,3,3,3,1,1,3,3,3,4,2,4,3,2,2,2,,,1,1,0,0,0,0,,,,,,1,0,0,0,0,0,1,1,2,2,2,2,3,1,0,1,4,2836.77,14,,10,,1,2,10/23/2022 13:12:00,9,3,6,6,6,6,2,2,3,2,2,2,,2,3,1,1,1,4,,3,2,3,,2,"86401",1.835453748703,2,3
1726,"e4pqwm6wq5r24zh0",10/23/2022 13:24:00,4,2,3,2,,0,0,0,1,0,0,0,1,2,1982,0,0,1,0,0,1,3,4,1,0,0,0,0,0,0,0,0,0,0,0,0,0,0,0,1,0,0,0,0,1,4,,3,2,2,0,6,3,6,6,6,,,,,,,6,6,,,3,4,4,3,2,2,3,3,4,1,1,0,0,3,3,3,3,3,3,3,3,3,2,3,1,2,3,3,3,3,3,3,3,2,3,5,,,1,1,0,0,0,0,,,,,,3,1,0,0,0,0,0,0,4,4,4,4,4,1,1,0,4,572,12,,10,,1,1,10/23/2022 13:13:00,9,3,3,3,3,2,2,2,3,2,4,,4,1,2,3,2,10,,5,3,3,3,2,,"86442",2.41749739646912,2,3
1728,"mjkvfvu33u2jddh5",10/23/2022 13:28:00,4,2,3,2,,0,0,0,1,0,0,0,1,1,1964,0,0,1,0,0,1,3,5,1,0,0,0,0,0,0,0,0,0,0,0,0,0,0,0,1,0,1,0,1,4,2,2,2,3,2,8,4,2,4,3,4,,,,,,,3,2,,,4,4,2,1,2,1,2,1,4,2,,,,2,2,2,3,3,2,2,1,3,1,3,2,1,2,2,2,2,2,2,2,2,2,2,,,1,0,0,0,0,1,,,,,,4,0,0,1,0,0,0,0,1,1,1,1,5,1,0,1,4,848.92,14,,10,,1,2,10/23/2022 13:14:00,8,3,4,4,3,1,2,2,3,2,3,2,,2,3,1,2,2,3,,3,3,2,,1,"85021",2.54473376274109,2,3
1731,"bmkgmhpf4esvn0se",10/23/2022 13:21:00,4,2,3,2,,0,0,0,1,0,0,0,1,2,1986,0,1,0,0,0,1,2,3,1,0,0,0,0,1,0,0,0,0,0,0,1,1,0,0,0,0,0,0,0,3,5,,4,4,4,5,5,4,6,5,5,,,,,,,5,5,,,6,4,4,1,2,1,4,4,4,2,,,,3,3,3,3,3,3,3,3,3,2,2,2,2,4,4,4,4,4,4,4,2,5,5,,,1,1,0,0,0,0,,,,,,3,1,0,0,0,0,0,0,4,4,4,4,6,1,1,0,4,271.66,12,,13,,1,1,10/23/2022 13:16:00,8,2,6,6,6,6,2,2,2,2,3,,3,2,3,3,3,5,,5,4,4,4,1,,"85142",1.835453748703,2,2
1742,"f16r5jsweaes31fu",10/23/2022 13:59:00,1,1,3,2,,0,0,0,1,0,0,0,1,1,1994,1,0,0,0,0,1,5,3,1,0,0,1,0,0,0,0,0,0,0,0,1,1,0,0,0,0,0,0,0,3,2,3,2,3,3,6,3,3,2,3,4,,,,,,,3,2,,,5,3,4,2,2,3,2,2,4,1,0,0,1,4,4,2,3,3,3,4,3,3,2,3,1,2,3,4,3,1,4,4,2,3,5,5,,,1,1,0,0,0,0,,,,,,1,1,0,0,0,0,0,0,1,1,1,4,6,3,0,1,1,1777.07,4,,10,,5,6,10/23/2022 13:27:00,11,2,5,5,5,6,1,1,3,4,4,2,,1,3,5,1,5,5,,3,3,2,,1,"85710",1.10127234458923,2,2
1743,"r6gyzvh3ejabcfg6",10/23/2022 13:42:00,4,2,3,2,,0,0,0,1,0,0,0,1,2,1991,0,1,0,0,0,1,2,3,1,1,1,0,0,0,0,0,0,0,0,0,1,0,0,0,0,0,0,0,0,3,2,1,4,2,1,3,6,5,5,5,5,,,,,,,2,6,,,6,4,2,1,2,1,2,4,4,1,0,0,1,4,1,1,4,1,3,3,4,4,1,3,1,2,1,2,2,1,3,1,3,2,5,5,,,1,1,0,0,0,0,,,,,,4,0,0,0,1,0,0,0,4,4,4,4,3,4,0,1,4,758.3,14,,10,,1,2,10/23/2022 13:29:00,8,2,2,6,6,3,2,1,2,1,1,1,,1,3,2,1,5,5,,3,2,2,,1,"85304",1.86355912685394,2,2
1744,"0779hbsjp0ewh048",10/23/2022 13:43:00,4,2,3,2,,0,0,0,1,0,0,0,1,2,1974,0,0,1,0,0,1,2,5,1,1,0,0,0,0,0,0,0,0,0,0,0,0,0,0,0,1,1,0,0,4,1,3,3,4,2,3,4,1,4,2,4,,,,,,,4,5,,,4,4,3,2,1,4,4,4,4,1,0,0,1,4,4,1,3,2,1,1,2,3,1,2,2,1,2,2,2,1,2,1,2,2,2,2,,,1,0,0,0,1,0,,,,,,2,0,0,0,1,0,0,0,1,2,1,2,4,3,1,0,4,740.97,14,,10,,1,2,10/23/2022 13:30:00,15,3,4,4,4,1,2,2,4,2,5,,1,2,3,1,4,2,,4,3,4,3,1,,"85367",2.41749739646912,2,3
1749,"xjhh7xyg1k57ky81",10/23/2022 13:45:00,4,2,3,2,,0,0,0,1,0,0,0,1,1,1974,0,0,1,0,0,1,2,4,1,0,0,0,0,0,0,0,1,0,0,0,0,0,1,0,0,0,1,0,0,4,1,3,2,2,2,9,4,2,4,2,4,,,,,,,5,3,,,3,2,2,3,1,2,3,2,2,2,,,,3,3,2,3,3,2,2,2,2,2,1,2,2,2,2,2,2,2,2,2,1,2,2,,,1,0,0,0,1,1,,,,,,3,1,0,0,0,0,0,0,1,1,1,1,5,3,1,0,4,416.35,14,,10,,1,2,10/23/2022 13:37:00,8,3,4,4,4,6,2,2,2,2,2,,2,3,2,2,2,8,,5,4,1,2,2,,"85036",2.54473376274109,2,3
1751,"qc19xhe619gurqcz",10/23/2022 13:53:00,4,2,3,2,,0,0,0,1,0,0,0,1,2,1988,0,1,0,0,0,1,4,4,1,1,0,0,1,0,0,0,1,0,0,0,0,0,0,0,0,0,0,0,0,4,2,1,2,3,2,6,4,1,4,1,4,,,,,,,2,5,,,4,4,2,1,1,1,3,3,4,1,0,1,0,1,4,1,4,1,1,1,4,3,2,3,1,2,1,2,1,1,2,2,2,3,2,5,,,1,0,0,0,1,0,,,,,,2,0,0,0,1,0,0,0,1,4,4,4,4,5,1,0,4,729.31,14,,10,,1,2,10/23/2022 13:40:00,8,3,4,4,5,2,2,1,2,2,4,,4,1,3,2,2,10,,1,1,1,1,2,,"85383",2.41749739646912,2,3
1755,"0xu2mz1twa11e7hm",10/23/2022 13:52:00,4,2,3,2,,0,0,0,1,0,0,0,1,2,1987,0,1,0,0,0,1,6,4,1,0,0,0,0,0,0,0,1,0,0,0,1,1,0,0,0,0,0,0,0,4,3,2,4,3,2,6,4,2,4,2,4,,,,,,,3,6,,,4,4,2,1,2,1,4,3,4,1,1,0,0,3,3,1,2,1,3,1,2,2,1,2,1,1,2,2,2,1,2,2,2,1,2,1,,,1,0,0,0,0,1,,,,,,2,1,0,0,0,0,0,0,1,3,1,3,4,6,0,1,4,592.25,12,,11,,1,6,10/23/2022 13:42:00,8,3,6,3,6,4,1,2,2,1,2,1,,1,3,1,3,2,5,,2,3,3,,1,"85379",1.67445707321167,2,3
1756,"j49wb6d36ap8wvbt",10/23/2022 14:07:00,4,2,3,2,,0,0,0,1,0,0,0,1,2,1986,0,1,0,0,0,1,2,5,1,0,0,1,0,1,0,0,0,0,0,0,0,0,0,0,0,0,0,1,0,4,3,3,4,4,1,3,3,1,5,2,3,,,,,,,2,2,,,4,4,2,1,1,2,3,2,4,2,,,,4,4,4,4,3,4,4,3,4,2,3,2,2,2,3,2,2,2,2,2,4,2,2,,,1,0,1,0,0,0,,,,,,2,1,0,0,0,0,0,0,3,2,3,2,5,1,0,1,4,1377.49,14,,10,,1,2,10/23/2022 13:43:00,8,3,1,1,6,6,3,1,2,2,5,3,,2,2,3,3,3,3,,3,2,3,,1,"85207",1.91946589946747,2,3
1758,"q63s0v1znh87fxqg",10/23/2022 14:06:00,4,2,3,2,,0,0,0,1,0,0,0,1,2,1960,0,0,0,1,0,1,3,3,1,1,1,0,0,0,0,0,1,0,0,0,0,0,0,0,0,0,0,0,0,4,1,1,1,3,2,9,4,2,4,2,3,,,,,,,3,2,,,3,4,3,4,4,4,4,3,4,2,,,,3,2,2,3,2,2,2,2,3,2,3,2,2,2,2,1,2,2,4,3,2,2,2,,,1,1,0,0,0,0,,,,,,3,0,0,0,1,0,0,0,1,1,1,1,4,2,1,0,4,1186.23,14,,10,,1,2,10/23/2022 13:46:00,8,2,3,3,3,1,1,3,2,2,4,,1,2,3,1,4,3,,5,1,4,3,1,,"85308",2.41749739646912,2,2
1760,"qb283rbqnnwcfh01",10/23/2022 14:00:00,4,2,3,2,,0,0,0,1,0,0,0,1,2,1959,0,0,0,1,0,3,3,3,1,1,0,0,0,0,1,0,0,0,1,0,0,0,0,0,0,0,0,0,0,2,1,1,1,2,1,10,2,4,2,4,2,,,,,,,1,3,,,1,4,3,1,4,4,1,4,4,2,,,,2,1,1,1,1,1,4,4,4,2,3,1,3,4,4,1,1,4,1,1,2,1,1,,,,1,0,0,0,0,,,,,,2,0,0,0,1,0,0,0,1,1,1,1,2,3,0,1,4,603.53,4,,10,,5,6,10/23/2022 13:50:00,15,2,1,1,1,4,2,2,2,2,1,5,,1,1,5,1,10,5,,1,1,2,,2,"85367",1.91946589946747,2,2
1761,"xd59e72rzfacvpr5",10/23/2022 14:05:00,4,2,3,2,,0,0,0,1,0,0,0,1,2,1992,0,1,0,0,0,1,5,3,1,1,0,0,1,0,0,0,0,0,0,0,0,1,0,0,0,0,0,0,0,3,1,3,2,2,3,10,3,4,2,4,3,,,,,,,2,3,,,1,3,2,1,2,1,1,1,4,2,,,,1,2,2,2,1,3,4,3,2,1,1,1,2,2,4,1,3,2,1,1,3,1,1,,,1,1,0,0,0,0,,,,,,3,1,0,0,0,0,0,0,1,3,1,4,2,6,0,1,4,816.8,12,,11,,1,1,10/23/2022 13:51:00,8,2,1,1,1,2,1,2,2,1,2,1,,2,3,1,3,5,1,,2,2,1,,1,"85260",1.91946601867676,2,2
1770,"9q3e5zm0rk0wzv71",10/23/2022 14:20:00,4,2,3,2,,0,0,0,1,0,0,0,1,2,1971,0,0,1,0,0,1,3,3,1,1,0,0,1,1,0,0,0,0,0,0,0,0,0,0,0,0,0,0,0,2,2,3,4,2,3,5,2,4,5,5,5,,,,,,,3,5,,,6,4,2,2,3,2,4,4,4,2,,,,2,2,2,2,1,1,3,3,4,3,3,1,2,3,3,3,3,3,3,3,4,1,1,,,3,1,0,0,0,0,,,,,,3,1,0,0,0,0,0,0,2,4,1,4,6,3,1,0,4,902.65,14,,10,,1,2,10/23/2022 14:04:00,8,2,1,1,6,6,2,2,2,2,3,,2,2,3,2,3,10,,5,2,1,2,2,,"85224",1.91946589946747,2,2
1772,"5ahpe3dzzgjtxzb0",10/23/2022 14:34:00,4,2,3,2,,0,0,0,1,0,0,0,1,2,1961,0,0,0,1,0,1,4,3,1,1,0,0,0,0,0,0,0,0,0,0,0,0,0,0,1,0,1,0,0,4,1,2,1,4,1,10,4,1,4,2,4,,,,,,,4,2,,,4,4,3,1,2,4,4,1,4,1,0,0,1,4,4,3,4,4,3,1,4,1,1,3,2,1,2,2,2,1,2,1,2,1,2,2,,,1,1,0,0,0,0,,,,,,2,1,0,0,0,0,0,0,1,1,1,1,5,1,1,0,4,1242.91,3,,10,,5,6,10/23/2022 14:09:00,9,2,4,4,4,1,1,1,4,4,4,,1,1,2,1,3,5,,5,3,4,4,1,,"86441",2.41749739646912,2,2
1773,"t8rypwn7tt24j1e5",10/23/2022 14:23:00,4,2,3,2,,0,0,0,1,0,0,0,1,2,1964,0,0,1,0,0,1,2,5,1,0,0,0,0,0,0,0,1,0,0,0,0,0,0,0,0,0,1,1,0,4,2,1,4,3,2,1,4,1,4,2,4,,,,,,,2,2,,,3,4,4,1,4,4,2,4,4,2,,,,4,4,2,4,2,2,4,3,4,1,2,2,2,2,2,3,4,2,2,2,2,2,2,,,1,1,0,0,0,0,,,,,,4,1,0,0,0,0,0,0,1,1,1,1,3,2,0,1,4,742.71,12,,13,,1,1,10/23/2022 14:10:00,12,3,2,4,2,2,2,3,3,2,5,3,,2,2,4,4,2,5,,3,4,2,,1,"85132",1.70009708404541,2,3
1774,"pcxjjs5ecm78kaj2",10/23/2022 14:44:00,1,1,3,1,,0,0,0,0,1,0,0,1,1,1969,0,0,1,0,0,2,5,1,1,0,1,1,0,1,0,0,0,0,0,0,0,0,0,0,0,0,0,0,0,1,1,1,3,1,4,8,1,4,2,3,2,,,,,,,1,1,,,2,3,3,3,3,4,3,4,3,1,1,0,0,4,2,1,3,3,4,3,3,3,1,2,1,2,1,1,1,1,1,1,4,1,1,1,17,,,1,0,0,0,0,2,3,1,3,2,1,1,0,0,0,0,0,0,1,1,1,3,1,4,1,0,1,1707.33,4,,10,,5,6,10/23/2022 14:12:00,3,1,1,2,2,3,1,2,1,1,4,,3,2,1,2,1,9,,1,2,1,1,2,,"86001",0.0748552531003952,1,1
1778,"01mvv7q953tfawe5",10/23/2022 14:27:00,4,2,3,2,,0,0,0,1,0,0,0,1,2,1997,1,0,0,0,0,1,3,3,1,0,1,0,1,0,0,0,0,0,0,0,1,0,0,0,0,0,0,0,0,2,1,1,2,2,2,5,2,4,2,4,2,,,,,,,2,6,,,2,4,1,1,3,1,4,4,4,1,0,1,0,1,1,1,1,1,1,3,4,4,2,2,2,3,1,1,1,1,1,1,1,1,1,5,,,1,1,0,0,0,0,,,,,,3,1,0,0,0,0,0,0,1,1,1,2,3,6,0,1,4,498.7,12,,13,,1,1,10/23/2022 14:18:00,8,2,1,1,1,6,2,1,3,2,3,3,,2,3,3,3,6,1,,1,1,1,,2,"85379",1.91946589946747,2,2
1779,"00fq7p8gqy2h1pg8",10/23/2022 14:43:00,4,2,3,2,,0,0,0,1,0,0,0,1,2,1964,0,0,1,0,0,1,2,5,1,1,0,0,0,0,0,0,0,0,0,1,0,0,0,0,0,1,0,0,0,2,3,1,3,3,3,5,5,3,5,5,5,,,,,,,5,5,,,6,4,4,4,4,4,4,4,4,2,,,,1,3,2,3,3,2,3,3,2,3,2,1,3,3,3,3,3,3,3,3,4,5,5,,,1,1,0,0,0,0,,,,,,3,1,0,0,0,0,0,0,4,3,3,3,4,1,1,0,4,1410.89,14,,10,,1,2,10/23/2022 14:19:00,8,3,6,6,6,6,3,2,2,2,3,,3,2,3,3,3,6,,5,4,3,4,2,,"85323",1.835453748703,2,3
1781,"a643hn1dutahyr5z",10/23/2022 14:26:00,4,2,3,2,,0,0,0,1,0,0,0,1,1,1962,0,0,0,1,0,1,3,6,1,0,0,0,0,0,0,0,0,0,0,0,0,1,0,0,0,1,0,0,0,4,1,1,1,4,4,10,4,4,4,4,4,,,,,,,4,4,,,5,4,4,4,4,4,4,4,4,2,,,,4,1,4,4,4,4,4,4,4,1,2,1,3,4,4,4,4,4,4,4,4,5,5,,,1,1,0,0,0,0,,,,,,4,0,0,0,1,0,0,0,1,1,1,1,6,3,0,1,4,403.09,4,,10,,5,6,10/23/2022 14:19:00,11,2,5,4,5,1,2,4,4,4,1,5,,3,3,1,5,10,5,,4,2,3,,2,"85712",1.76258623600006,2,2
1782,"eyx5naps62h3q4k7",10/23/2022 14:28:00,4,2,3,2,,0,0,0,1,0,0,0,1,2,1994,1,0,0,0,0,1,5,4,1,0,0,0,0,0,0,0,0,0,1,0,0,0,0,0,0,0,0,0,0,3,2,1,3,2,2,8,3,4,3,5,5,,,,,,,3,6,,,3,4,4,4,4,4,4,4,4,1,0,1,0,2,1,2,3,3,2,4,3,4,1,1,1,3,2,4,4,4,4,2,2,3,1,5,,,1,1,0,0,0,0,,,,,,1,1,0,0,0,0,0,0,1,4,4,4,4,5,1,0,4,535.85,12,,13,,1,1,10/23/2022 14:19:00,8,3,2,3,6,6,2,2,3,2,3,,2,1,1,1,1,10,,5,1,1,1,2,,"85085",1.7000972032547,2,3
1783,"jabnnkgtw3dpjcwq",10/23/2022 14:35:00,4,2,3,2,,0,0,0,1,0,0,0,1,2,1997,1,0,0,0,0,1,5,5,1,1,0,0,1,0,0,0,0,0,0,0,0,0,0,0,0,1,0,0,0,4,1,3,2,3,2,10,4,1,4,2,4,,,,,,,4,3,,,4,4,1,1,1,1,4,4,4,1,1,1,0,4,4,2,3,4,3,1,2,2,1,3,1,1,2,2,2,2,2,2,2,1,2,2,,,1,1,0,0,0,0,,,,,,1,0,0,0,1,0,1,1,1,1,1,4,5,3,0,1,4,897.15,14,,10,,1,2,10/23/2022 14:20:00,3,3,4,4,4,6,1,2,4,1,4,1,,2,3,2,3,1,5,,3,4,2,,2,"86004",2.4174976348877,2,3
1786,"72mtpfs5v2nx5spd",10/23/2022 14:46:00,4,2,3,2,,0,0,0,1,0,0,0,1,2,1960,0,0,0,1,0,1,2,5,1,1,1,0,0,0,0,0,0,0,0,0,0,0,0,0,0,1,0,0,0,4,3,2,3,4,2,7,4,1,4,2,4,,,,,,,4,2,,,4,4,1,1,1,3,4,4,4,1,0,1,0,2,3,2,3,4,2,4,1,2,1,3,1,1,2,2,2,4,2,2,2,1,2,4,,,1,1,0,0,0,0,,,,,,1,0,0,1,0,0,0,0,1,4,4,4,4,1,1,0,4,1332.05,14,,10,,1,2,10/23/2022 14:22:00,8,3,3,4,3,2,2,2,3,2,4,,1,2,2,1,2,0,,5,4,3,2,2,,"85361",2.41749739646912,2,3
1791,"e8cnyg36efmk6my2",10/23/2022 14:56:00,4,2,3,2,,0,0,0,1,0,0,0,1,1,1961,0,0,0,1,0,1,5,3,1,0,0,0,0,1,1,0,0,0,0,0,0,0,1,0,0,0,0,0,0,1,1,1,1,1,1,9,1,4,2,3,2,,,,,,,1,2,,,1,4,4,3,2,3,2,3,4,1,1,1,0,2,2,1,2,2,1,2,3,3,2,3,1,3,1,1,1,1,1,1,1,4,1,3,,,1,1,0,0,0,0,,,,,,4,1,0,0,0,0,0,0,1,4,4,4,2,2,0,1,4,1060.3,14,,10,,1,2,10/23/2022 14:38:00,8,2,1,1,1,6,2,2,2,2,3,2,,1,3,2,2,10,5,,1,1,2,,2,"85021",1.91946601867676,2,2
1797,"p1yaq5yrgt1jad4u",10/23/2022 15:15:00,1,1,3,2,,0,0,0,1,0,0,0,1,1,1995,1,0,0,0,0,1,3,5,1,0,0,1,0,0,0,0,1,0,0,0,1,0,0,0,0,0,0,0,0,4,1,1,3,4,2,8,4,1,5,2,4,,,,,,,3,4,,,3,3,3,2,3,3,4,3,4,1,0,1,0,3,4,2,3,2,3,3,4,3,1,3,2,3,2,4,2,2,2,2,3,4,2,2,,,1,1,0,0,0,0,,,,,,3,1,0,0,0,0,0,0,1,1,1,1,5,3,1,0,1,1598.63,4,,10,,5,6,10/23/2022 14:47:00,10,3,3,3,3,1,1,1,3,2,3,,2,1,2,5,1,1,,4,1,4,1,1,,"85901",2.54473376274109,2,3
1798,"233g4djcadnkg27u",10/23/2022 14:54:00,4,2,3,2,,0,0,0,1,0,0,0,1,1,1993,1,0,0,0,0,1,5,5,1,0,0,0,0,0,0,1,1,0,0,0,0,0,0,0,0,0,1,0,0,4,3,1,1,3,1,6,5,1,4,1,4,,,,,,,1,3,,,4,2,1,1,1,1,3,1,4,1,0,1,0,3,3,3,1,3,1,3,3,1,2,3,1,2,3,2,2,2,2,2,2,1,2,2,,,1,0,1,0,0,0,,,,,,1,0,1,0,0,0,0,0,1,1,1,1,4,6,0,1,4,247.53,12,,13,,1,1,10/23/2022 14:50:00,8,3,3,4,3,5,1,2,2,2,2,1,,1,1,2,4,2,1,,3,1,3,,1,"85295",2.54473447799683,2,3
1799,"pkvv1q936r8uza8g",10/23/2022 15:10:00,113,2,3,1,,0,0,0,0,1,0,0,1,1,1977,0,0,1,0,0,1,5,1,1,0,0,0,0,1,0,0,0,0,0,0,0,0,0,0,0,1,0,0,1,1,1,2,3,1,4,10,2,4,2,4,1,,,,,,,1,4,,,1,4,4,4,3,1,3,4,4,1,0,0,1,1,1,1,1,1,2,3,4,4,2,2,1,3,1,1,1,1,3,1,1,3,3,5,12,,3,0,1,0,0,0,5,4,2,1,3,4,0,0,1,0,0,0,0,3,3,3,3,2,2,0,1,6,939.97,12,,13,,1,1,10/23/2022 14:53:00,15,1,1,1,1,4,1,1,1,2,1,5,,2,3,4,3,10,5,,1,1,2,,2,"85365",0.431166261434555,1,1
1804,"2e0aws856w2t6duk",10/23/2022 15:48:00,113,2,3,1,,0,0,0,0,1,0,0,1,1,1972,0,0,1,0,0,1,6,3,1,0,0,0,0,0,0,0,0,0,0,0,0,0,0,1,0,0,0,0,0,1,3,1,4,1,1,10,1,1,4,2,1,,,,,,,5,2,,,5,4,4,4,1,4,4,1,1,1,0,1,0,1,2,1,1,2,1,2,2,2,1,1,2,1,1,2,3,2,4,2,4,2,1,3,7,,3,0,1,0,0,0,4,2,1,3,2,1,0,0,0,0,0,0,1,1,1,1,1,1,1,1,0,6,2260.86,14,,10,,1,2,10/23/2022 15:08:00,15,2,1,1,3,1,1,1,3,3,2,,2,1,2,2,3,10,,1,4,1,1,1,,"85350",0.35930523276329,1,2
1805,"c4x95q90meupv692",10/23/2022 15:40:00,1,1,3,1,,0,0,0,0,1,0,0,1,1,1962,0,0,0,1,0,2,5,2,1,0,1,0,0,0,0,0,0,0,0,0,1,0,1,0,0,0,0,0,0,2,2,2,1,2,4,5,2,4,2,3,2,,,,,,,2,1,,,2,2,3,1,1,4,1,1,2,1,1,0,0,4,3,1,2,3,4,3,2,2,2,2,2,1,1,1,1,1,3,2,3,2,1,3,17,,,1,0,0,0,0,1,2,1,2,3,2,1,0,0,0,0,0,0,1,2,4,1,2,4,0,1,1,1789.01,4,,10,,5,6,10/23/2022 15:09:00,2,1,2,2,2,3,2,1,2,2,3,4,,2,3,2,1,8,2,,2,1,4,,1,"85635",0.0748552531003952,1,1
1810,"havj8sp3fke9se8h",10/23/2022 15:31:00,4,2,3,2,,0,0,0,1,0,0,0,1,1,2004,1,0,0,0,0,1,2,3,1,0,0,0,1,1,0,0,0,0,0,0,0,0,1,0,0,0,0,0,0,3,4,,4,2,2,1,3,4,3,3,3,,,,,,,3,3,,,6,4,3,4,1,2,4,4,4,2,,,,2,2,2,2,2,2,3,4,3,3,3,1,1,3,3,3,3,3,3,3,2,5,5,,,1,1,0,0,0,0,,,,,,3,1,0,0,0,0,0,0,4,4,4,4,3,5,1,0,4,374.68,4,,10,,5,6,10/23/2022 15:25:00,8,2,6,6,6,6,2,2,2,2,3,,3,2,3,2,3,5,,5,2,2,2,2,,"85259",1.835453748703,2,2
1823,"766fxm8251g2bau7",10/23/2022 16:26:00,4,2,3,2,,0,0,0,1,0,0,0,1,1,1964,0,0,1,0,0,1,2,6,1,1,1,0,0,0,0,0,0,0,0,0,0,1,0,0,0,0,0,0,0,2,4,,4,4,4,1,3,4,4,4,4,,,,,,,4,4,,,5,4,3,4,4,4,2,4,4,2,,,,2,2,2,4,4,3,1,1,4,3,3,2,1,4,4,4,4,4,4,4,4,5,5,,,1,0,0,0,1,0,,,,,,4,0,0,1,0,0,1,1,4,4,4,4,6,1,1,0,4,469.78,14,,10,,1,2,10/23/2022 16:17:00,14,2,5,6,5,6,1,4,4,4,5,,5,3,2,5,5,1,,5,4,4,4,1,,"86335",1.835453748703,2,2
1830,"khdjyn3wbmdejjv2",10/23/2022 17:36:00,3,2,3,2,,0,0,0,1,0,0,0,1,2,1951,0,0,0,1,0,1,3,5,1,1,0,0,0,0,0,0,1,0,0,0,0,0,0,0,0,1,0,0,0,4,1,1,3,3,3,5,4,2,4,3,3,,,,,,,4,5,,,4,4,4,4,4,4,3,4,4,1,1,1,0,4,1,1,2,1,2,1,4,4,1,2,1,2,2,2,2,4,2,1,4,2,2,2,,,1,1,0,0,0,0,,,,,,4,0,0,0,1,0,0,0,1,1,1,1,5,4,0,1,3,1167.29,14,,10,,1,2,10/23/2022 17:16:00,8,3,4,4,4,1,2,2,4,2,4,1,,2,1,4,3,4,2,,3,4,3,,2,"85338",2.41749739646912,2,3
1834,"6cs0sjn6vefc2yvm",10/23/2022 17:36:00,3,2,3,2,,0,0,0,1,0,0,0,1,2,1954,0,0,0,1,0,1,4,5,1,0,0,0,0,0,1,0,1,0,0,0,0,0,0,0,0,0,1,0,0,4,1,1,1,4,1,10,4,2,4,1,4,,,,,,,4,2,,,4,4,4,1,3,4,4,4,4,1,0,1,0,1,4,1,1,1,1,1,1,4,3,2,1,1,2,4,2,4,2,4,2,1,2,2,,,1,1,0,0,0,0,,,,,,1,1,0,0,0,0,0,0,1,1,1,1,5,2,0,1,3,1092.53,4,,10,,5,6,10/23/2022 17:17:00,8,3,4,4,4,1,3,2,3,3,3,3,,1,2,5,5,0,4,,4,4,4,,1,"85351",2.41749739646912,2,3
1836,"298pwd3p60upj773",10/23/2022 17:40:00,3,2,3,2,,0,0,0,1,0,0,0,1,2,1970,0,0,1,0,0,1,3,3,1,0,0,0,1,1,0,0,0,0,0,0,0,0,0,0,0,0,0,1,0,2,1,1,2,2,4,10,2,4,2,4,2,,,,,,,2,2,,,2,4,1,2,1,4,4,4,4,2,,,,2,1,1,1,1,1,2,4,3,2,3,1,3,1,4,1,1,1,1,1,3,1,1,,,3,1,0,0,0,0,,,,,,4,0,0,1,1,0,0,0,1,1,1,1,2,1,1,0,3,931.54,13,,10,,5,6,10/23/2022 17:23:00,4,2,2,2,2,3,2,2,2,1,2,,3,1,3,2,1,10,,5,1,1,2,2,,"85541",1.91946589946747,2,2
1838,"354sydgdq7nee20x",10/23/2022 17:41:00,3,2,3,2,,0,0,0,1,0,0,0,1,1,1950,0,0,0,1,0,1,2,5,1,0,0,0,0,0,0,0,1,0,0,0,0,1,0,0,0,0,1,0,0,4,1,1,2,4,2,10,4,2,4,2,4,,,,,,,4,5,,,4,4,2,1,3,1,4,4,4,2,,,,3,4,2,1,2,2,4,3,2,1,2,2,3,2,2,2,2,2,2,2,2,2,2,,,1,1,0,0,0,0,,,,,,3,1,0,0,0,0,0,0,1,1,1,1,5,2,0,1,3,1002.68,4,,10,,5,6,10/23/2022 17:24:00,12,3,5,4,4,2,2,4,4,3,3,2,,3,2,1,2,7,5,,2,4,4,,1,"85122",1.93884479999542,2,3
1846,"ex0f5tw1wpsr3v9w",10/23/2022 18:10:00,3,2,3,2,,0,0,0,1,0,0,0,1,1,1937,0,0,0,1,0,1,4,3,1,1,0,0,0,0,0,0,0,0,0,0,0,0,0,0,1,0,1,0,0,4,1,1,1,4,1,10,4,1,4,2,4,,,,,,,4,2,,,4,4,3,2,3,4,1,1,4,1,0,1,0,3,2,2,3,2,2,4,3,2,1,2,2,3,2,2,2,3,2,3,2,1,2,2,,,1,1,0,0,0,0,,,,,,2,0,1,0,0,0,1,0,1,1,1,1,3,6,1,0,3,2259.35,12,,11,,1,1,10/23/2022 17:32:00,8,2,4,4,4,2,1,2,3,2,3,,1,2,1,2,1,5,,3,4,4,1,2,,"85383",2.31339430809021,2,2
1849,"r2s0ug77v8erd9ys",10/23/2022 17:48:00,3,2,3,2,,0,0,0,1,0,0,0,1,2,1950,0,0,0,1,0,1,2,4,1,0,0,0,0,0,1,0,1,0,0,0,0,0,0,0,0,0,1,0,0,4,1,1,2,2,2,8,4,4,4,2,4,,,,,,,2,2,,,3,1,4,1,2,1,1,1,4,2,,,,1,1,1,1,1,1,1,3,3,2,3,2,3,1,1,3,1,1,1,1,2,5,1,,,1,1,0,0,0,0,,,,,,1,1,0,0,0,0,0,0,1,1,1,1,3,2,0,1,3,720.52,14,,10,,1,2,10/23/2022 17:35:00,8,3,2,2,3,6,1,2,1,1,3,2,,2,3,2,4,8,1,,1,1,2,,2,"85040",1.91946589946747,2,3
1850,"hcksqdf89c6kgwm1",10/23/2022 17:43:00,3,2,3,2,,0,0,0,1,0,0,0,1,2,1965,0,0,1,0,0,1,3,3,1,0,0,0,0,0,0,0,1,0,0,0,0,0,1,0,0,0,0,1,0,4,1,1,2,4,4,10,4,4,4,2,2,,,,,,,4,3,,,4,4,2,1,1,1,4,4,4,1,1,1,1,2,2,1,1,2,1,1,1,1,2,3,2,2,2,2,1,1,2,2,1,1,2,5,,,1,1,0,0,0,0,,,,,,1,1,0,0,0,0,0,0,1,1,1,1,4,1,0,1,3,432.73,14,,10,,1,2,10/23/2022 17:35:00,11,2,4,4,4,1,3,3,2,2,2,1,,1,3,1,1,8,2,,1,1,2,,2,"85705",2.41749739646912,2,2
1854,"wtuy2t2y7b6zfrkx",10/23/2022 18:01:00,3,2,3,2,,0,0,0,1,0,0,0,1,1,1953,0,0,0,1,0,1,2,5,1,0,0,0,0,0,0,0,1,0,0,0,0,0,0,0,0,1,1,0,0,4,1,3,1,4,1,10,4,1,4,1,4,,,,,,,4,3,,,4,4,4,4,4,4,2,1,4,2,,,,4,4,1,4,2,4,1,4,1,1,3,2,2,2,2,2,2,2,2,2,1,2,2,,,1,1,0,0,0,0,,,,,,4,1,0,0,0,0,0,0,1,1,1,1,5,2,1,0,3,1290.27,13,,11,,5,6,10/23/2022 17:39:00,8,3,3,4,4,1,1,1,4,3,4,,1,2,3,1,4,0,,4,4,4,1,2,,"85202",2.54473376274109,2,3
1856,"8xt50zqejumf9552",10/23/2022 18:30:00,3,2,3,2,,0,0,0,1,0,0,0,1,2,1947,0,0,0,1,0,1,5,5,1,1,0,0,0,0,0,0,1,0,0,0,0,0,0,0,0,0,1,0,0,4,1,1,3,2,1,9,4,1,4,1,4,,,,,,,3,2,,,4,4,4,4,4,4,4,4,4,2,,,,4,4,1,1,1,1,1,2,4,1,1,1,1,2,2,2,2,2,2,2,1,2,2,,,1,1,0,0,0,0,,,,,,1,1,0,0,0,0,0,0,1,1,1,1,4,6,1,0,3,2795.06,13,,11,,5,6,10/23/2022 17:42:00,8,3,4,4,4,1,1,2,2,2,2,,3,2,3,1,4,3,,5,2,4,1,2,,"85284",2.4174976348877,2,3
1858,"6ft99xckchkeju15",10/23/2022 18:15:00,3,2,3,2,,0,0,0,1,0,0,0,1,1,1956,0,0,0,1,0,1,1,4,1,1,0,0,0,0,0,0,1,0,0,0,0,0,0,0,0,0,1,0,0,4,1,1,4,4,2,0,4,1,4,1,4,,,,,,,4,6,,,6,4,2,4,4,4,4,4,4,2,,,,4,4,1,4,1,1,1,1,4,1,3,2,1,2,2,2,1,2,2,2,1,2,2,,,1,0,0,0,1,0,,,,,,2,0,0,0,0,0,1,0,1,1,1,1,4,3,0,1,3,1537.44,4,,10,,5,6,10/23/2022 17:49:00,9,3,4,6,6,2,2,2,1,1,3,2,,2,2,4,3,0,4,,1,4,4,,1,"86445",2.64993619918823,2,3
1859,"ujpm7kz8s9f17gnh",10/23/2022 17:59:00,3,2,3,2,,0,0,0,1,0,0,0,1,2,1969,0,0,1,0,0,3,4,5,1,0,0,0,0,0,0,0,0,0,0,0,0,0,0,0,1,1,1,0,0,3,1,1,3,3,3,5,3,1,3,3,3,,,,,,,3,3,,,6,4,1,2,1,2,4,4,4,2,,,,3,3,2,2,2,2,3,2,3,1,3,2,1,3,3,2,3,3,3,1,2,2,2,,,,1,0,0,0,0,,,,,,2,1,0,0,0,0,0,0,1,1,1,1,4,1,1,0,3,577.75,14,,10,,1,2,10/23/2022 17:49:00,11,3,6,6,6,6,2,2,2,2,3,,3,2,3,3,3,5,,2,3,3,2,1,,"85641",1.835453748703,2,3
1862,"5byc9a0ja35zwqnq",10/23/2022 18:20:00,3,2,3,2,,0,0,0,1,0,0,0,1,2,1963,0,0,1,0,0,1,4,4,1,1,0,0,0,0,0,0,0,0,1,0,0,0,0,0,0,0,1,0,0,4,4,,3,4,3,0,4,1,4,2,4,,,,,,,3,4,,,3,4,1,3,2,3,1,1,4,2,,,,1,3,2,3,2,2,2,4,4,1,1,1,2,2,2,2,4,2,4,2,1,2,2,,,1,1,0,0,0,0,,,,,,4,0,0,0,1,0,0,0,4,1,1,1,5,1,0,1,3,1714.31,14,,10,,1,2,10/23/2022 17:51:00,11,3,3,4,3,2,2,2,4,3,4,1,,2,2,3,2,0,4,,4,4,3,,2,"85712",2.41749739646912,2,3
1863,"84v08rfk12zxhay3",10/23/2022 18:02:00,3,2,3,2,,0,0,0,1,0,0,0,1,2,1953,0,0,0,1,0,1,3,5,1,1,0,0,0,0,0,0,0,0,0,0,0,0,0,0,1,0,1,0,0,4,1,1,1,4,1,10,4,1,4,1,4,,,,,,,4,4,,,4,4,1,4,4,4,4,1,4,2,,,,4,2,2,3,4,3,1,1,1,1,3,2,1,2,2,2,3,2,2,2,1,2,2,,,1,1,0,0,0,0,,,,,,1,1,0,0,0,0,0,0,1,1,1,1,5,4,1,0,3,590.3,12,,13,,3,6,10/23/2022 17:52:00,8,3,4,4,4,1,2,2,4,1,3,,1,2,3,1,2,4,,4,2,3,2,2,,"85388",2.41749739646912,2,3
1864,"s8tqths8ahtxdp54",10/23/2022 18:11:00,3,2,3,2,,0,0,0,1,0,0,0,1,1,1949,0,0,0,1,0,1,4,5,1,1,1,0,0,0,0,0,1,0,0,0,0,0,0,0,0,0,0,0,0,4,3,2,3,3,2,1,4,2,4,2,4,,,,,,,4,2,,,4,4,4,4,4,4,4,4,4,2,,,,4,3,2,2,2,2,2,3,2,2,3,2,1,2,2,2,2,2,2,2,1,2,2,,,1,1,0,0,0,0,,,,,,3,1,0,0,0,0,0,0,1,1,1,1,5,4,0,1,3,730.58,4,,10,,5,6,10/23/2022 17:58:00,8,3,4,4,4,1,2,2,4,3,3,1,,2,2,2,4,1,4,,3,4,2,,1,"85373",2.54473376274109,2,3
1865,"azfqq27peu60kz5f",10/23/2022 18:19:00,3,2,3,2,,0,0,0,1,0,0,0,1,1,1939,0,0,0,1,0,1,5,5,1,1,0,0,0,0,0,0,1,0,0,1,0,0,0,0,0,0,0,0,0,4,1,2,1,4,4,10,4,1,4,1,4,,,,,,,4,4,,,4,4,4,4,4,4,4,1,4,2,,,,4,3,2,3,2,3,4,2,2,3,3,2,1,2,2,2,2,2,2,2,1,2,2,,,1,1,0,0,0,0,,,,,,2,1,0,0,0,0,0,0,1,1,1,1,5,4,1,0,3,1161.66,12,,11,,1,1,10/23/2022 17:59:00,8,3,4,4,4,1,1,2,4,3,3,,2,2,3,1,3,0,,4,4,4,1,1,,"85249",2.54473447799683,2,3
1867,"6b8k38q9e2w0pvbc",10/23/2022 18:19:00,3,2,3,2,,0,0,0,1,0,0,0,1,2,1950,0,0,0,1,0,1,5,5,1,1,0,0,0,0,0,0,1,0,0,0,0,0,0,0,0,0,1,0,0,4,1,2,1,4,1,10,4,1,4,1,4,,,,,,,4,5,,,4,4,1,1,4,4,4,1,3,1,0,0,1,2,4,2,4,1,1,1,3,3,1,2,2,1,2,2,2,4,2,4,2,1,2,2,,,1,1,0,0,0,0,,,,,,1,1,0,0,0,0,0,0,1,1,1,1,5,3,1,0,3,644.17,12,,11,,1,6,10/23/2022 18:08:00,8,3,4,4,4,1,1,2,4,3,3,,1,1,3,2,2,0,,4,4,4,2,2,,"85207",2.4174976348877,2,3
1869,"u5evvbbyp7bt26sp",10/23/2022 18:28:00,3,2,3,2,,0,0,0,1,0,0,0,1,2,1957,0,0,0,1,0,1,5,3,1,1,0,0,0,0,0,0,0,0,0,0,0,0,0,0,0,0,1,0,1,4,1,1,1,3,3,7,4,2,4,3,4,,,,,,,4,2,,,3,4,4,1,2,2,4,1,4,2,,,,4,2,2,4,3,2,4,4,4,1,3,2,1,2,2,2,3,2,4,2,2,2,2,,,1,0,0,0,1,0,,,,,,1,0,0,0,1,0,1,0,1,1,1,4,3,3,1,0,3,985.08,14,,10,,3,2,10/23/2022 18:11:00,8,2,3,4,2,6,1,2,3,1,4,,1,2,3,1,2,4,,5,2,4,2,2,,"85209",2.4174976348877,2,2
1870,"nf4sgxnqrnzzw2p0",10/23/2022 18:19:00,113,2,3,2,,0,0,0,1,0,0,0,1,1,1964,0,0,1,0,0,1,3,4,1,0,0,0,0,0,0,0,1,0,0,0,0,0,0,0,0,1,1,0,0,4,1,1,1,4,1,10,4,1,4,2,4,,,,,,,4,2,,,4,4,4,4,3,4,1,1,4,2,,,,4,4,4,4,4,4,4,1,1,1,2,2,1,2,2,2,2,2,2,2,1,2,2,,,1,0,0,0,1,0,,,,,,1,1,0,0,0,0,0,0,1,1,1,1,5,1,0,1,6,425.81,12,,13,,1,1,10/23/2022 18:12:00,15,3,4,4,4,1,2,2,4,2,5,1,,3,2,1,5,10,4,,4,4,3,,1,"85364",2.54473376274109,2,3
1871,"s00kx2fj4hd50vnv",10/23/2022 18:23:00,4,2,3,2,,0,0,0,1,0,0,0,1,1,1999,1,0,0,0,0,1,5,4,1,1,0,0,0,0,0,0,0,0,0,0,0,1,0,0,0,1,0,0,0,4,1,1,2,2,2,5,4,2,4,2,3,,,,,,,4,6,,,6,2,2,3,2,2,1,3,4,2,,,,2,2,1,2,1,4,3,3,4,1,2,2,3,2,2,2,4,4,1,4,1,2,2,,,1,1,0,0,0,0,,,,,,3,1,0,0,0,0,0,0,1,3,3,3,4,4,0,1,4,607.91,12,,11,,1,1,10/23/2022 18:12:00,8,3,4,4,4,4,2,3,2,2,3,2,,2,3,3,2,4,3,,4,2,1,,2,"85251",2.54473447799683,2,3
1874,"wacvybnmh43v7udr",10/23/2022 18:28:00,113,2,3,2,,0,0,0,1,0,0,0,1,1,1969,0,0,1,0,0,1,5,4,1,0,0,0,0,0,0,0,0,0,0,0,0,0,0,0,0,0,0,1,0,4,3,3,3,3,2,3,4,2,3,2,3,,,,,,,3,5,,,3,4,4,4,4,4,4,3,4,2,,,,2,2,2,3,2,2,3,4,4,3,2,1,2,2,2,2,2,2,2,2,2,4,4,,,1,1,0,0,0,0,,,,,,2,1,0,0,0,0,0,0,3,4,4,4,5,5,1,0,6,833.12,12,,13,,1,1,10/23/2022 18:14:00,12,3,3,3,6,6,2,2,2,2,2,,1,2,3,3,2,1,,4,2,3,2,2,,"85120",2.54473447799683,2,3
1875,"d5f83jx3tzk1eded",10/23/2022 18:27:00,3,2,3,2,,0,0,0,1,0,0,0,1,2,1942,0,0,0,1,0,1,2,4,1,1,0,0,0,0,0,0,0,0,0,0,0,0,0,0,1,0,1,0,0,4,1,1,2,2,1,7,4,3,4,3,3,,,,,,,4,2,,,3,4,3,1,3,4,1,1,4,2,,,,4,3,1,1,2,2,1,3,2,1,2,2,1,2,2,1,1,2,4,2,3,2,2,,,1,0,0,0,1,0,,,,,,1,1,0,0,0,0,0,0,1,1,1,1,4,4,1,0,3,640.1,4,,10,,5,6,10/23/2022 18:14:00,8,3,3,3,6,3,2,2,3,2,4,,1,2,2,2,4,7,,5,1,3,3,1,,"85249",2.41749739646912,2,3
1877,"ewpkswt8rpmusf7v",10/23/2022 18:29:00,3,2,3,2,,0,0,0,1,0,0,0,1,2,1955,0,0,0,1,0,1,3,5,1,1,0,0,0,0,0,0,0,0,0,0,0,0,0,0,1,0,1,0,0,4,1,3,1,3,3,10,4,1,4,3,4,,,,,,,4,3,,,4,4,4,4,4,1,1,1,4,2,,,,4,3,2,4,3,2,4,3,4,1,3,2,1,2,2,2,1,2,3,2,1,2,2,,,1,0,0,0,1,0,,,,,,1,1,0,0,0,0,0,0,1,1,1,1,4,3,0,1,3,748.08,12,,11,,1,1,10/23/2022 18:16:00,8,3,4,4,4,1,1,2,4,3,3,1,,2,3,1,3,4,3,,4,4,1,,2,"85086",2.41749739646912,2,3
1881,"26k7d6h9pq314sf9",10/23/2022 18:33:00,4,2,3,2,,0,0,0,1,0,0,0,1,1,1994,1,0,0,0,0,3,2,4,1,1,1,0,0,0,0,0,0,0,0,0,0,0,0,0,0,0,0,1,0,3,2,1,3,2,2,7,3,3,3,2,3,,,,,,,3,5,,,4,4,2,2,1,4,4,3,4,2,,,,2,1,1,4,2,2,2,3,3,1,2,1,2,2,2,3,3,3,3,3,2,2,2,,,,1,0,0,0,0,,,,,,2,0,0,0,0,1,0,0,1,2,1,3,4,4,1,0,4,784.58,14,,10,,1,2,10/23/2022 18:20:00,8,3,6,6,3,2,2,1,2,2,2,,2,1,3,3,2,6,,5,2,3,1,2,,"85023",2.01899909973145,2,3
1882,"wtsuqs6196vcjbnm",10/23/2022 18:36:00,3,2,3,2,,0,0,0,1,0,0,0,1,2,1953,0,0,0,1,0,1,5,3,1,1,0,0,0,1,0,0,1,0,0,0,0,0,0,0,0,0,0,0,0,2,1,1,2,2,1,8,2,4,5,3,2,,,,,,,1,4,,,1,4,2,1,2,2,1,4,4,2,,,,4,1,1,1,1,1,1,3,3,1,3,2,3,2,1,1,1,2,1,2,3,1,1,,,1,1,0,0,0,0,,,,,,3,0,0,0,1,0,0,0,1,1,1,1,2,5,0,1,3,913.86,4,,10,,5,6,10/23/2022 18:20:00,2,2,1,5,1,3,2,2,1,2,5,2,,2,3,2,2,10,1,,1,1,2,,2,"85615",1.1181355714798,2,2
1884,"aachxyuzcmy2f8xc",10/23/2022 18:38:00,3,2,3,2,,0,0,0,1,0,0,0,1,2,1946,0,0,0,1,0,1,4,3,1,0,0,0,0,0,0,0,0,0,0,0,0,0,0,0,0,0,0,1,0,1,1,1,1,2,3,10,1,4,1,4,2,,,,,,,1,3,,,1,4,4,4,4,4,1,1,4,2,,,,4,1,1,2,1,3,4,4,4,3,2,1,2,1,1,1,1,1,1,1,3,1,1,,,1,1,0,0,0,0,,,,,,2,1,0,0,0,0,0,0,1,1,1,1,2,2,1,0,3,987.79,12,,11,,1,1,10/23/2022 18:21:00,11,2,1,1,1,3,3,3,2,2,2,,2,2,3,2,5,10,,1,1,1,1,2,,"85750",1.91946589946747,2,2
1885,"8uy4umjjhb5215mf",10/23/2022 18:31:00,3,2,3,2,,0,0,0,1,0,0,0,1,2,1946,0,0,0,1,0,1,4,5,1,1,0,0,1,0,0,0,1,0,0,0,0,0,0,0,0,0,0,0,0,4,1,1,2,4,1,10,4,1,4,2,4,,,,,,,4,2,,,4,4,1,1,2,2,4,4,4,2,,,,4,3,1,2,3,2,1,3,1,1,2,2,2,2,2,2,2,2,2,2,1,2,2,,,1,1,0,0,0,0,,,,,,4,1,0,0,0,0,0,0,1,1,3,1,5,2,0,1,3,559.75,14,,10,,1,2,10/23/2022 18:21:00,8,3,4,4,1,1,2,2,3,2,2,1,,2,2,1,1,3,5,,1,3,3,,2,"85345",2.41749739646912,2,3
1887,"2e6m9ts9mwrym3nn",10/23/2022 18:30:00,3,2,3,2,,0,0,0,1,0,0,0,1,2,1962,0,0,0,1,0,1,2,5,1,0,0,0,0,0,0,0,1,0,0,0,0,0,0,0,0,0,0,0,0,4,1,1,1,4,1,10,4,1,4,1,4,,,,,,,4,4,,,4,4,4,1,1,1,4,2,4,2,,,,4,4,2,4,4,4,1,1,1,1,2,2,1,2,2,2,2,2,2,2,1,2,2,,,1,1,0,0,0,0,,,,,,1,1,0,0,0,0,0,0,1,1,1,1,5,4,0,1,3,475.72,14,,10,,1,2,10/23/2022 18:21:00,8,3,4,4,4,2,1,3,4,4,5,1,,3,3,1,5,0,5,,4,4,4,,1,"85022",2.41749739646912,2,3
1978,"00h8wx7fem5pux6p",10/24/2022 00:24:00,113,2,3,1,,0,0,0,0,1,0,0,1,2,1967,0,0,1,0,0,1,5,1,1,0,1,0,0,0,1,0,0,0,1,0,0,0,0,0,0,0,0,0,0,1,1,2,1,1,4,10,1,4,2,4,1,,,,,,,1,4,,,1,4,2,2,2,4,4,4,4,1,1,0,1,1,2,1,1,1,1,3,4,4,3,2,1,3,1,1,1,1,1,1,1,4,1,1,12,,1,1,0,0,0,0,6,4,2,3,1,2,0,1,0,1,0,0,0,1,1,1,1,1,4,1,0,6,684.92,4,,10,,5,6,10/24/2022 00:13:00,8,1,1,1,1,4,2,2,2,2,1,,4,1,1,4,4,10,,1,1,1,1,2,,"85296",0.497996956110001,1,1
2012,"b7822y1mh7dup6ut",10/24/2022 08:16:00,1,1,3,1,,0,0,0,0,1,0,0,1,1,1970,0,0,1,0,0,2,5,2,1,0,0,1,0,1,0,0,0,0,1,0,0,0,0,0,0,0,0,0,0,2,1,1,2,1,3,7,2,3,2,4,2,,,,,,,2,2,,,2,2,3,2,2,4,2,4,2,1,1,0,0,3,2,1,3,3,4,3,3,3,2,2,1,2,1,3,1,1,1,1,4,2,1,1,17,,,1,0,0,0,0,1,2,1,3,2,3,0,1,0,0,0,0,0,1,1,1,4,2,5,0,1,1,1251.04,4,,10,,5,6,10/24/2022 07:48:00,8,1,2,2,2,4,1,2,1,2,4,3,,1,1,2,1,8,2,,2,1,2,,2,"85225",0.0748552531003952,1,1
2016,"yrcnj1bb0mkgakm5",10/24/2022 08:50:00,1,1,3,2,,0,0,0,1,0,0,0,1,2,1995,1,0,0,0,0,1,3,3,1,0,0,1,0,0,0,0,1,0,0,0,1,0,0,0,0,0,0,0,0,3,1,3,3,4,3,6,3,3,3,4,4,,,,,,,5,2,,,5,3,3,3,3,3,4,3,4,2,,,,4,4,2,3,2,4,3,3,3,2,2,2,3,1,4,3,4,3,4,4,3,5,5,,,1,1,0,0,0,0,,,,,,4,1,0,0,0,0,0,0,1,1,4,3,6,3,1,0,1,1336.05,4,,10,,5,6,10/24/2022 08:23:00,11,2,5,6,5,5,1,1,3,2,2,,3,2,2,5,1,4,,5,3,3,1,1,,"85706",1.835453748703,2,2
2020,"zu2n3sfgjbyv10as",10/24/2022 09:41:00,1,1,3,2,,0,0,0,1,0,0,0,1,1,1966,0,0,1,0,0,1,2,4,1,0,0,1,0,1,0,0,0,0,0,0,1,0,0,0,0,0,0,0,0,4,1,1,3,4,2,7,3,1,4,2,3,,,,,,,3,4,,,3,3,3,3,3,4,3,3,4,1,0,1,0,4,4,2,3,2,4,3,2,2,2,2,2,2,3,4,4,2,2,2,2,3,2,2,,,1,1,0,0,0,0,,,,,,2,1,0,0,0,0,0,0,1,1,1,4,4,4,0,1,1,1690.15,4,,10,,5,6,10/24/2022 09:08:00,12,3,3,3,3,2,1,1,1,2,3,3,,2,2,4,1,2,4,,2,4,1,,1,"85119",2.54473376274109,2,3
2021,"ncgaq1t64vdjsngs",10/24/2022 09:43:00,1,1,3,2,,0,0,0,1,0,0,0,1,2,1968,0,0,1,0,0,2,5,5,1,1,0,0,0,0,0,0,0,0,0,0,1,0,0,0,0,0,0,0,0,3,2,3,2,3,1,6,4,1,4,1,4,,,,,,,4,4,,,4,2,3,2,3,3,2,2,2,1,1,0,1,3,2,2,2,2,2,2,2,2,1,1,1,2,2,2,2,2,2,2,2,4,1,2,,,,1,0,0,0,0,,,,,,3,1,0,0,0,0,0,0,1,1,1,1,5,6,0,1,1,1710.11,4,,10,,5,6,10/24/2022 09:14:00,11,3,3,4,4,2,2,1,2,3,1,2,,2,1,2,1,3,5,,1,4,1,,2,"85614",0.302187204360962,2,3
2022,"7z33tawnmp4kt6tb",10/24/2022 10:12:00,1,1,3,2,,0,0,0,1,0,0,0,1,2,1967,0,0,1,0,0,2,5,4,1,1,0,0,0,0,0,0,0,0,0,0,1,0,0,0,0,0,0,0,0,4,1,3,3,4,1,7,3,1,3,1,4,,,,,,,3,3,,,3,3,2,4,3,4,3,3,2,1,0,1,1,3,2,2,2,2,2,3,2,3,1,3,1,2,2,4,4,2,2,2,2,3,2,2,,,,1,0,0,0,0,,,,,,3,1,0,0,0,0,0,0,1,1,1,1,4,3,1,0,1,1628.17,4,,12,,5,6,10/24/2022 09:38:00,11,3,3,3,3,2,2,1,2,2,1,,2,2,1,2,1,4,,4,1,3,2,2,,"85653",0.302187204360962,2,3
2024,"j0h799rbkfxb47v3",10/24/2022 10:20:00,1,1,3,2,,0,0,0,1,0,0,0,1,2,1964,0,0,1,0,0,1,5,4,1,0,1,1,0,0,0,0,0,0,0,0,0,0,0,0,0,0,1,0,0,4,2,3,2,4,2,6,4,2,3,2,3,,,,,,,4,3,,,3,2,3,2,2,4,2,2,4,1,0,1,0,4,3,1,3,1,3,3,3,3,2,3,2,1,2,2,2,4,3,2,2,4,2,2,,,1,1,0,0,0,0,,,,,,2,1,0,0,0,0,0,0,1,1,1,3,4,3,0,1,1,1706.17,4,,10,,5,6,10/24/2022 09:45:00,14,3,3,3,3,2,1,2,2,3,4,2,,1,2,3,1,2,4,,1,4,2,,1,"86323",2.4174976348877,2,3
2025,"2tma4pa7b84m040p",10/24/2022 10:25:00,1,1,3,2,,0,0,0,1,0,0,0,1,2,1971,0,0,1,0,0,2,5,5,1,0,0,0,0,0,0,0,0,0,0,0,0,1,0,0,0,0,0,0,0,4,1,3,2,4,1,9,3,1,3,1,4,,,,,,,4,5,,,4,3,2,2,2,1,1,2,1,1,1,0,1,3,2,1,2,3,2,2,3,2,1,1,1,2,2,2,2,2,2,2,2,4,2,2,,,,1,0,0,0,0,,,,,,1,1,0,0,0,0,0,0,1,1,1,1,5,6,1,0,1,2089.5,4,,10,,5,6,10/24/2022 09:49:00,11,3,4,4,4,1,2,1,2,3,1,,1,3,1,2,1,3,,5,1,3,1,2,,"85711",0.302187204360962,2,3
2026,"04f3f5wuhcrqqasn",10/24/2022 10:40:00,1,1,3,1,,0,0,0,0,1,0,0,1,1,1965,0,0,1,0,0,2,5,1,1,0,0,1,1,0,0,0,0,0,0,0,1,0,0,0,0,0,0,0,0,1,1,1,3,1,4,7,4,4,1,4,2,,,,,,,2,2,,,2,3,3,3,3,4,3,4,3,1,1,0,0,4,2,1,3,3,4,4,3,3,1,3,1,2,1,3,1,1,1,1,1,1,1,1,17,,,1,0,0,0,0,2,3,1,3,2,1,1,0,0,0,0,0,0,1,1,1,1,1,3,0,1,1,1596,4,,10,,5,6,10/24/2022 10:10:00,10,1,2,2,1,4,1,1,2,1,3,2,,2,1,2,1,10,1,,2,1,2,,2,"85901",0.0748552531003952,1,1
2028,"006epeuxxksgvxw8",10/24/2022 10:58:00,1,1,3,2,,0,0,0,1,0,0,0,1,2,1967,0,0,1,0,0,2,5,5,1,1,1,0,0,0,0,0,0,0,0,0,1,0,0,0,0,0,0,0,0,3,1,1,1,4,1,9,3,1,4,1,4,,,,,,,4,4,,,4,1,2,1,2,2,2,1,1,1,0,0,1,3,2,2,2,2,2,3,3,3,1,1,1,3,2,2,2,2,2,2,2,3,2,2,,,,1,0,0,0,0,,,,,,1,0,0,0,0,0,0,1,1,1,1,1,5,5,1,0,1,1696.58,4,,12,,5,6,10/24/2022 10:28:00,8,3,4,4,4,1,2,1,2,2,1,,3,3,1,2,1,4,,4,1,3,1,2,,"85029",0.302187204360962,2,3
2030,"8ubtwrbd8v688n6g",10/24/2022 11:27:00,1,1,3,2,,0,0,0,1,0,0,0,1,2,1961,0,0,0,1,0,2,5,5,1,0,0,0,0,0,0,0,0,0,0,0,1,0,0,0,0,0,0,0,0,4,1,2,2,4,1,9,3,1,3,1,4,,,,,,,3,4,,,4,2,3,2,3,2,3,3,2,1,1,0,0,3,2,2,2,3,3,2,3,2,1,1,1,2,2,2,2,2,2,2,2,4,2,2,,,,1,0,0,0,0,,,,,,3,0,0,0,0,0,0,1,1,1,1,1,5,6,0,1,1,1608.1,4,,12,,5,6,10/24/2022 10:59:00,8,3,4,4,4,1,2,1,2,3,1,2,,3,1,2,1,4,5,,1,3,1,,2,"85037",0.302187204360962,2,3
2033,"68assfh03uab2sby",10/24/2022 11:39:00,1,1,3,1,,0,0,0,0,1,0,0,1,1,1968,0,0,1,0,0,2,5,2,1,0,0,1,0,0,0,0,0,0,1,0,0,1,0,0,0,0,0,0,0,1,1,1,1,1,4,9,1,4,2,4,2,,,,,,,2,1,,,2,2,3,1,1,4,1,2,1,1,1,1,0,4,3,1,3,3,4,3,2,2,1,3,2,3,1,1,1,1,1,4,4,1,1,1,17,,,1,0,0,0,0,2,1,1,2,3,3,0,1,0,0,0,0,0,1,1,1,1,2,3,1,0,1,1496.46,4,,10,,5,6,10/24/2022 11:12:00,9,1,2,2,2,3,1,2,2,3,2,,2,1,3,2,1,9,,1,3,1,4,1,,"86442",0.0748552531003952,1,1
2035,"1pvfcbvprh9yrcrv",10/24/2022 11:43:00,4,2,3,2,,0,0,0,1,0,0,0,1,1,2002,1,0,0,0,0,1,3,4,1,1,0,0,0,0,0,0,0,0,0,0,0,0,0,0,1,0,1,0,0,4,1,3,2,2,2,9,4,1,3,2,4,,,,,,,3,2,,,3,4,4,4,3,4,3,4,4,1,1,0,1,4,3,3,4,3,4,1,3,2,3,1,2,1,2,2,2,2,2,3,2,2,4,4,,,3,1,0,0,0,0,,,,,,4,1,0,0,0,0,0,0,4,4,4,4,4,6,0,1,4,491.37,4,,12,,5,6,10/24/2022 11:35:00,8,3,4,4,4,1,2,2,3,3,4,1,,2,1,1,3,4,5,,3,4,1,,1,"85286",2.54473376274109,2,3
2036,"4kax0fgwt69etfn0",10/24/2022 12:01:00,3,2,3,2,,0,0,0,1,0,0,0,1,1,1946,0,0,0,1,0,1,2,3,1,1,0,0,0,0,0,0,0,0,0,0,0,0,0,0,0,0,0,0,0,4,2,1,2,3,1,5,4,2,4,2,4,,,,,,,3,3,,,3,4,4,2,3,4,4,4,4,2,,,,3,2,2,3,2,2,2,3,3,2,2,2,2,4,4,4,4,4,4,4,2,2,5,,,1,1,0,0,0,0,,,,,,2,0,0,1,0,0,0,0,1,4,4,4,5,2,1,0,3,1336.88,4,,10,,5,6,10/24/2022 11:38:00,8,2,5,5,6,6,2,2,3,2,2,,2,2,3,1,2,5,,5,1,3,3,2,,"85027",1.10127222537994,2,2
2037,"ykj2y7vahqbv1zct",10/24/2022 12:17:00,1,1,3,2,,0,0,0,1,0,0,0,1,2,1971,0,0,1,0,0,1,3,3,1,0,0,1,0,0,0,0,0,0,0,0,1,0,0,0,1,0,0,0,0,3,1,3,3,3,4,7,3,5,3,4,3,,,,,,,2,4,,,5,3,3,3,3,4,3,3,4,2,,,,3,3,1,3,4,4,3,3,3,3,2,2,2,4,3,4,4,3,3,4,4,5,5,,,1,1,0,0,0,0,,,,,,1,1,0,0,0,0,0,0,1,1,3,4,6,4,1,0,1,1623.22,4,,10,,5,6,10/24/2022 11:49:00,15,2,6,5,6,6,1,1,3,3,3,,2,2,3,5,1,4,,3,1,2,1,1,,"85364",1.10127222537994,2,2
2038,"sk9q8kwgutxug7m2",10/24/2022 12:07:00,4,2,3,2,,0,0,0,1,0,0,0,1,2,1970,0,0,1,0,0,3,3,3,1,1,0,0,1,0,1,0,0,0,0,0,0,0,0,0,0,0,0,0,0,2,1,1,2,1,2,10,2,4,1,4,2,,,,,,,2,3,,,1,4,2,4,1,1,4,4,4,2,,,,1,1,1,1,1,1,1,4,4,2,3,1,3,1,1,1,1,1,1,1,3,1,5,,,,1,0,0,0,0,,,,,,2,1,0,0,0,0,0,0,1,4,4,4,2,3,0,1,4,529.03,14,,10,,3,2,10/24/2022 11:57:00,8,2,1,1,1,6,2,2,2,1,2,4,,1,3,2,1,10,1,,1,1,1,,2,"85040",1.91946589946747,2,2
2041,"by50hc4w2js97x29",10/24/2022 12:15:00,3,2,3,2,,0,0,0,1,0,0,0,1,1,1953,0,0,0,1,0,1,6,4,1,1,0,0,1,1,0,0,0,0,0,0,0,0,0,0,0,0,0,0,0,2,1,1,1,2,3,10,2,4,2,4,2,,,,,,,1,3,,,2,4,2,4,4,4,2,4,4,2,,,,3,2,1,2,1,1,3,3,3,1,2,1,3,4,4,1,1,2,1,1,3,1,1,,,1,1,0,0,0,0,,,,,,2,1,0,0,0,0,0,0,1,1,1,1,3,6,1,0,3,558.68,5,,10,,5,6,10/24/2022 12:05:00,8,3,2,2,2,2,2,3,1,1,1,,5,2,1,2,4,10,,1,1,1,1,2,,"85255",2.11141228675842,2,3
2046,"afkt608y16p01gyy",10/24/2022 12:50:00,1,1,3,2,,0,0,0,1,0,0,0,1,2,1968,0,0,1,0,0,2,5,5,1,0,1,0,0,0,0,0,0,0,0,0,1,0,0,0,0,0,0,0,0,3,1,1,1,4,1,9,4,1,3,1,3,,,,,,,3,3,,,4,2,2,1,2,1,1,1,1,1,0,0,1,3,2,2,2,3,3,2,2,2,1,2,1,3,2,2,2,2,3,2,2,3,2,2,,,,1,0,0,0,0,,,,,,2,1,0,0,0,0,0,0,1,1,1,1,5,4,0,1,1,1725.86,4,,12,,5,6,10/24/2022 12:19:00,8,3,4,4,4,1,1,1,2,3,1,1,,3,1,2,1,2,4,,1,4,1,,2,"85029",0.302187204360962,2,3
2047,"bar38jazbwm2n5m9",10/24/2022 12:34:00,3,2,3,2,,0,0,0,1,0,0,0,1,1,1949,0,0,0,1,0,1,5,3,1,1,0,0,0,0,0,0,0,0,0,0,0,0,0,0,0,0,1,0,1,3,1,1,2,3,3,6,3,4,3,3,3,,,,,,,3,3,,,2,4,4,4,4,4,4,4,4,1,0,0,1,2,2,2,1,2,4,2,2,3,1,2,1,3,4,4,4,4,4,4,4,3,1,1,,,1,1,0,0,0,0,,,,,,3,1,0,0,0,0,0,0,1,1,1,1,3,2,1,0,3,681.99,4,,12,,5,6,10/24/2022 12:22:00,3,2,1,6,6,6,1,2,2,2,3,,2,2,2,2,2,10,,1,1,1,2,1,,"86004",1.86355924606323,2,2
2052,"na0wwy9qexq9b06q",10/24/2022 13:13:00,1,1,3,2,,0,0,0,1,0,0,0,1,2,1966,0,0,1,0,0,2,5,5,1,1,1,0,0,0,0,0,0,0,0,0,1,0,0,0,0,0,0,0,0,4,2,1,3,3,1,7,4,1,3,1,4,,,,,,,3,3,,,4,3,3,4,3,4,3,2,2,1,1,0,1,3,2,1,3,3,2,2,3,2,1,1,1,2,2,2,2,2,2,2,2,3,2,2,,,,1,0,0,0,0,,,,,,1,1,0,0,0,0,0,0,1,1,1,1,5,5,0,1,1,1334.46,4,,10,,5,6,10/24/2022 12:39:00,12,3,4,4,4,1,2,1,2,3,1,2,,3,1,2,1,3,4,,1,3,2,,2,"85123",0.302187204360962,2,3
2054,"q4pu9tjexc9263jv",10/24/2022 13:11:00,1,1,3,2,,0,0,0,1,0,0,0,1,1,1960,0,0,0,1,0,1,5,4,1,0,1,1,0,0,0,0,0,0,0,0,1,0,0,0,0,0,0,0,0,4,1,1,2,3,1,8,4,1,3,2,4,,,,,,,3,5,,,3,2,3,2,2,4,2,3,4,1,0,1,0,4,3,1,3,3,4,3,3,3,2,2,2,2,2,2,2,2,3,4,2,4,2,2,,,1,1,0,0,0,0,,,,,,3,1,0,0,0,0,0,0,1,1,1,1,4,5,1,0,1,1581.58,4,,10,,5,6,10/24/2022 12:43:00,3,3,3,3,3,2,1,1,3,1,3,,2,2,2,3,1,2,,4,3,4,1,1,,"86001",2.54473447799683,2,3
2055,"s9z7u69hhv7ex4t0",10/24/2022 12:53:00,3,2,3,2,,0,0,0,1,0,0,0,1,1,1963,0,0,1,0,0,1,4,5,1,1,0,1,0,0,0,0,1,0,0,0,0,0,0,0,0,0,0,0,0,4,1,1,2,3,1,8,4,1,4,2,4,,,,,,,4,4,,,4,4,4,3,1,4,1,1,4,2,,,,4,4,2,3,2,2,2,2,2,1,2,2,1,2,2,2,2,2,2,2,1,2,2,,,1,1,0,0,0,0,,,,,,1,1,0,0,0,0,0,0,1,1,1,1,5,4,0,1,3,530.72,4,,10,,5,6,10/24/2022 12:44:00,8,3,4,4,4,1,1,4,4,2,5,1,,2,2,1,4,0,5,,4,4,2,,2,"85282",2.54473376274109,2,3
2058,"hnuvqqzsn1t051kh",10/24/2022 12:59:00,4,2,3,2,,0,0,0,1,0,0,0,1,1,1961,0,0,0,1,0,1,5,4,1,1,0,1,0,0,0,0,0,0,0,0,0,0,0,0,1,0,0,0,0,4,1,1,2,4,2,9,4,3,4,3,3,,,,,,,2,1,,,4,4,3,1,1,3,4,4,4,1,0,0,1,4,2,2,3,3,3,2,3,3,1,2,2,2,2,2,4,4,2,4,4,2,5,2,,,1,1,0,0,0,0,,,,,,2,0,0,0,1,0,1,0,1,1,1,1,4,6,1,0,4,601.03,4,,10,,5,6,10/24/2022 12:49:00,11,3,2,3,2,6,2,2,2,3,3,,1,2,3,2,3,9,,5,3,2,3,2,,"85711",1.96853363513947,2,3
2060,"8hzmz1q9e1qrwkdn",10/24/2022 13:10:00,3,2,3,2,,0,0,0,1,0,0,0,1,1,1942,0,0,0,1,0,1,5,5,1,1,0,0,0,0,0,0,1,0,0,0,0,0,0,0,0,0,1,0,0,4,1,1,2,4,1,10,4,3,4,1,4,,,,,,,4,3,,,4,4,3,1,2,2,4,2,4,2,,,,4,1,1,4,1,3,1,4,3,1,2,2,1,2,2,2,2,2,2,2,1,2,2,,,1,1,0,0,0,0,,,,,,2,1,0,0,0,0,0,0,1,1,1,1,5,3,0,1,3,1077.2,4,,10,,5,6,10/24/2022 12:52:00,8,3,4,4,4,1,1,2,2,2,5,1,,1,3,1,3,4,4,,2,4,1,,2,"85206",2.54473447799683,2,3
2063,"a8qhxn36v931bxky",10/24/2022 13:59:00,1,1,3,1,,0,0,0,0,1,0,0,1,1,1968,0,0,1,0,0,2,5,2,1,0,1,0,0,0,0,0,0,0,0,0,1,1,0,0,0,0,0,0,0,2,2,3,3,1,3,7,2,3,2,3,2,,,,,,,2,2,,,1,2,2,1,1,1,1,1,1,1,1,1,0,2,2,1,2,2,2,3,3,2,1,2,1,2,1,1,1,1,1,1,3,2,1,3,17,,,1,0,0,0,0,1,1,2,1,3,1,0,1,0,0,0,0,0,1,1,3,4,1,5,1,0,1,3602.17,4,,10,,5,6,10/24/2022 12:57:00,15,1,1,1,1,4,2,1,2,2,4,,2,2,1,2,2,8,,1,2,2,2,2,,"85364",0.0748552531003952,1,1
2064,"s06f8fty76pg9gmz",10/24/2022 13:18:00,4,2,3,2,,0,0,0,1,0,0,0,1,2,1962,0,0,0,1,0,1,6,5,1,1,1,0,0,0,0,0,0,0,0,0,0,0,0,0,0,0,1,0,0,4,1,1,2,4,1,10,4,1,2,1,4,,,,,,,4,2,,,4,4,4,4,3,4,2,2,4,2,,,,1,4,2,3,2,2,4,4,4,2,2,1,1,2,2,2,2,2,2,2,3,2,2,,,1,1,0,0,0,0,,,,,,2,0,1,0,1,0,0,0,1,1,1,1,5,5,1,0,4,1177.93,4,,10,,5,6,10/24/2022 12:58:00,8,3,4,4,4,1,1,2,3,2,3,,4,1,3,1,3,0,,5,2,3,3,2,,"85044",2.41749739646912,2,3
2065,"77td6hzabvk7b7f7",10/24/2022 13:09:00,3,2,3,2,,0,0,0,1,0,0,0,1,2,1953,0,0,0,1,0,1,5,4,1,1,1,0,0,0,0,0,0,0,0,0,0,0,0,0,0,0,1,0,0,4,1,1,1,3,2,9,4,4,4,3,4,,,,,,,4,1,,,4,4,4,4,4,4,4,3,4,2,,,,4,2,1,2,1,1,4,3,4,1,2,2,3,2,2,2,1,2,1,2,1,1,5,,,1,1,0,0,0,0,,,,,,3,1,0,0,0,0,0,0,1,1,1,1,4,5,0,1,3,520.09,4,,10,,5,6,10/24/2022 13:00:00,9,3,4,4,1,1,1,4,2,2,1,1,,3,2,1,5,10,1,,1,1,2,,2,"86429",2.4174976348877,2,3
2066,"y28fgwn4f32px7q4",10/24/2022 13:33:00,1,1,3,1,,0,0,0,0,1,0,0,1,1,1969,0,0,1,0,0,2,5,1,1,0,0,0,0,1,0,0,0,0,0,0,1,0,0,0,0,0,1,0,0,1,1,3,3,1,4,6,1,4,2,3,2,,,,,,,2,1,,,2,3,3,3,2,4,3,3,3,1,1,0,0,3,3,1,3,3,4,3,4,3,1,3,2,2,1,1,1,1,1,1,4,1,1,1,17,,,1,0,0,0,0,1,3,1,2,3,2,1,0,0,0,0,0,0,1,1,1,1,1,3,0,1,1,1816.72,4,,10,,5,6,10/24/2022 13:01:00,12,1,2,2,2,3,2,1,1,2,5,2,,2,3,2,1,10,1,,1,1,2,,1,"85132",0.0748552531003952,1,1
2067,"02nmdryt6at2wxs6",10/24/2022 13:36:00,1,1,3,2,,0,0,0,1,0,0,0,1,2,1965,0,0,1,0,0,2,5,4,1,0,0,0,0,0,0,0,0,0,0,0,0,0,1,0,0,0,0,1,0,3,1,1,1,3,2,8,3,1,3,1,5,,,,,,,3,3,,,4,1,1,2,2,2,2,1,1,1,1,1,0,3,2,1,2,2,3,3,2,2,1,2,1,2,2,2,4,2,2,2,2,3,2,2,,,,1,0,0,0,0,,,,,,1,1,0,0,0,0,0,0,1,1,1,1,5,4,1,0,1,2056.18,4,,12,,5,6,10/24/2022 13:01:00,12,3,3,4,4,2,1,1,1,2,3,,2,2,1,2,2,4,,4,1,3,2,2,,"85143",0.302187204360962,2,3
2072,"2rry4sg4xgkys1tz",10/24/2022 13:47:00,3,2,3,2,,0,0,0,1,0,0,0,1,2,1970,0,0,1,0,0,1,5,4,1,1,0,0,0,0,1,0,0,0,0,0,0,0,1,0,0,0,0,0,0,2,1,1,1,2,1,10,2,4,3,2,2,,,,,,,2,3,,,4,4,4,4,4,4,4,4,4,1,0,0,1,2,2,1,1,1,2,1,3,2,2,3,1,2,4,2,1,1,2,1,1,3,2,2,,,1,1,0,0,0,0,,,,,,1,1,0,0,0,0,0,0,1,2,1,2,3,6,0,1,3,1636.74,4,,10,,5,6,10/24/2022 13:20:00,8,3,2,2,2,6,2,2,3,2,2,2,,1,3,2,2,9,1,,1,1,2,,2,"85045",1.91946601867676,2,3
2073,"79c540x5t0t9xkm0",10/24/2022 13:52:00,1,1,3,2,,0,0,0,1,0,0,0,1,2,1964,0,0,1,0,0,2,5,4,1,0,1,0,0,1,0,0,0,0,0,0,0,0,0,0,0,0,0,1,0,4,1,1,1,3,1,8,3,1,3,1,3,,,,,,,5,3,,,3,1,2,1,1,1,2,1,1,1,0,0,1,3,2,1,2,4,3,2,3,3,1,2,1,2,2,2,2,3,2,2,4,3,2,2,,,,1,0,0,0,0,,,,,,2,1,0,0,0,0,0,0,1,1,1,1,4,4,1,0,1,1802.34,4,,10,,5,6,10/24/2022 13:21:00,12,3,3,3,3,2,2,1,1,2,1,,2,2,1,2,1,2,,5,1,4,2,2,,"85132",0.302187204360962,2,3
2074,"g3psqeegtytmv8cm",10/24/2022 13:38:00,4,2,3,2,,0,0,0,1,0,0,0,1,2,1951,0,0,0,1,0,1,2,4,1,1,0,0,0,0,0,0,1,0,0,0,0,0,0,0,0,0,1,0,0,4,1,1,2,3,3,10,4,4,2,4,4,,,,,,,4,2,,,3,4,1,1,2,4,4,4,4,1,0,0,1,2,1,1,1,1,1,1,4,1,1,2,2,3,2,2,4,4,4,2,4,1,2,2,,,1,1,0,0,0,0,,,,,,1,1,0,0,0,0,0,0,1,1,1,1,4,1,0,1,4,722.12,4,,10,,5,6,10/24/2022 13:26:00,12,3,5,5,2,2,2,2,3,3,3,1,,1,3,1,3,10,5,,1,1,2,,2,"85122",1.10127222537994,2,3
2075,"phhumhj7jg6uhjsu",10/24/2022 13:40:00,3,2,3,2,,0,0,0,1,0,0,0,1,2,1955,0,0,0,1,0,1,2,4,1,1,0,0,0,0,0,0,0,0,0,0,0,0,0,0,0,1,1,0,0,4,1,1,1,4,1,10,4,1,4,1,4,,,,,,,4,4,,,4,4,4,1,1,1,4,1,4,2,,,,4,4,1,3,4,4,1,1,1,1,3,2,1,2,2,2,2,2,2,2,1,2,2,,,1,1,0,0,0,0,,,,,,1,1,0,0,0,0,0,0,1,1,1,1,5,2,1,0,3,608.06,4,,10,,5,6,10/24/2022 13:30:00,8,3,4,4,4,1,1,2,4,4,3,,1,2,2,4,5,0,,5,4,4,3,1,,"85210",2.41749739646912,2,3
2079,"bqc1z30km55vgu87",10/24/2022 14:19:00,1,1,3,2,,0,0,0,1,0,0,0,1,2,1962,0,0,0,1,0,2,5,5,1,1,1,0,0,0,0,0,0,0,0,0,1,0,0,0,0,0,0,0,0,4,1,2,3,3,1,9,3,1,3,1,4,,,,,,,4,3,,,4,3,4,3,2,3,4,3,2,1,1,0,1,3,2,2,2,3,3,3,3,3,1,2,1,2,2,2,2,2,2,2,2,4,2,2,,,,1,0,0,0,0,,,,,,2,1,0,0,0,0,0,0,1,1,1,1,5,5,1,0,1,1696.77,4,,12,,5,6,10/24/2022 13:49:00,2,3,4,4,4,1,1,1,2,2,1,,2,2,1,2,1,4,,3,2,4,3,2,,"85607",0.302187204360962,2,3
2080,"bv3y38fqm6nh8c55",10/24/2022 14:19:00,1,1,3,2,,0,0,0,1,0,0,0,1,2,1970,0,0,1,0,0,1,3,3,1,0,0,0,1,0,0,1,0,0,0,0,1,0,0,0,0,0,0,0,0,3,3,2,3,3,4,5,4,3,3,4,3,,,,,,,2,3,,,5,3,4,3,3,4,3,3,4,2,,,,4,3,1,3,3,3,3,3,3,2,3,2,1,4,4,3,3,3,4,4,4,5,5,,,1,1,0,0,0,0,,,,,,3,1,0,0,0,0,0,0,1,4,4,4,6,3,0,1,1,1616.24,4,,10,,5,6,10/24/2022 13:51:00,2,2,2,5,6,5,2,1,3,1,4,3,,1,3,3,1,2,4,,3,2,1,,1,"85635",1.11813545227051,2,2
2082,"xfx60pp0abgy3hgs",10/24/2022 14:00:00,3,2,3,2,,0,0,0,1,0,0,0,1,2,1947,0,0,0,1,0,1,4,5,1,1,0,0,0,0,0,0,0,0,0,0,0,0,0,0,0,1,1,0,0,4,1,3,1,4,1,10,4,1,4,2,4,,,,,,,4,3,,,4,4,1,1,1,1,4,2,4,2,,,,4,4,1,4,4,3,1,2,1,1,3,2,1,2,2,2,2,2,2,2,1,2,2,,,1,1,0,0,0,0,,,,,,1,1,0,0,0,0,0,0,1,1,1,1,5,2,0,1,3,418.79,4,,10,,5,6,10/24/2022 13:52:00,8,3,4,4,4,1,1,3,4,4,4,3,,3,2,1,5,0,4,,4,4,2,,1,"85205",2.41749739646912,2,3
2087,"trvrhp5vuekjtrr3",10/24/2022 14:38:00,1,1,3,1,,0,0,0,0,1,0,0,1,2,1967,0,0,1,0,0,2,5,1,1,0,0,1,0,1,0,0,1,0,0,0,0,0,0,0,0,0,0,0,0,1,3,2,2,1,3,6,1,3,1,3,1,,,,,,,2,2,,,2,1,2,1,1,2,1,1,1,1,1,1,0,2,1,1,2,2,2,3,3,2,1,1,1,3,1,1,1,1,3,1,1,1,1,3,17,,,1,0,0,0,0,1,1,2,1,3,1,1,0,0,0,0,0,0,1,2,4,4,1,6,1,0,1,2062.54,4,,10,,5,6,10/24/2022 14:03:00,12,1,2,2,2,3,1,2,1,2,4,,2,1,1,2,2,9,,1,1,2,1,2,,"85132",0.0864578187465668,1,1
2089,"h3fbj0wbkqds6gzw",10/24/2022 14:38:00,3,2,3,2,,0,0,0,1,0,0,0,1,2,1954,0,0,0,1,0,1,3,3,1,1,0,0,0,0,0,0,1,0,0,0,0,0,0,0,0,0,1,0,0,4,1,1,1,4,1,10,4,1,4,1,4,,,,,,,4,5,,,4,4,1,2,3,4,4,4,4,1,0,0,1,3,4,1,3,2,3,4,3,3,2,2,1,1,2,2,4,4,3,2,4,1,2,2,,,1,1,0,0,0,0,,,,,,1,1,0,0,0,0,0,0,1,1,1,1,5,2,0,1,3,1601.14,12,,11,,1,1,10/24/2022 14:11:00,8,2,3,3,3,2,1,1,2,2,4,2,,2,2,4,2,0,4,,3,3,3,,1,"85295",2.41749739646912,2,2
2090,"nv7f7qbub21ptjf2",10/24/2022 14:26:00,4,2,3,2,,0,0,0,1,0,0,0,1,2,1995,1,0,0,0,0,1,3,4,1,1,0,1,0,0,0,0,0,0,0,0,0,0,0,0,0,0,1,0,0,4,3,3,3,4,4,3,4,2,4,5,5,,,,,,,6,5,,,3,4,3,4,4,1,4,4,4,2,,,,2,4,2,4,4,2,1,2,2,3,3,2,1,4,4,4,4,4,4,4,1,2,2,,,1,1,0,0,0,0,,,,,,1,0,0,0,0,0,1,0,1,2,1,2,4,2,1,0,4,611.9,12,,13,,1,1,10/24/2022 14:15:00,8,3,6,4,6,6,2,1,4,2,3,,2,1,3,2,3,0,,5,3,3,1,2,,"85363",1.67445707321167,2,3
2091,"cey3cm99uyedyjc2",10/24/2022 14:30:00,3,2,3,2,,0,0,0,1,0,0,0,1,1,1932,0,0,0,1,0,1,5,5,1,1,0,0,0,0,1,0,1,0,0,0,0,0,0,0,0,0,0,0,0,1,1,1,1,2,2,5,1,4,1,4,2,,,,,,,1,1,,,2,4,4,3,1,4,4,2,4,2,,,,2,1,1,1,1,1,3,3,4,1,2,1,3,3,4,3,1,3,3,1,4,1,1,,,2,1,0,0,0,0,,,,,,2,1,0,0,0,0,0,0,1,1,1,1,2,2,0,1,3,695.94,3,,10,,5,6,10/24/2022 14:18:00,8,3,1,1,1,1,4,2,4,4,2,4,,1,3,1,3,10,5,,1,1,2,,2,"85048",2.11141276359558,2,3
2092,"ksj9av5cvymddspn",10/24/2022 14:33:00,4,2,3,2,,0,0,0,1,0,0,0,1,2,1966,0,0,1,0,0,1,4,4,1,0,0,0,0,0,1,0,0,0,0,0,0,1,0,0,0,0,0,1,0,2,1,1,3,2,2,1,2,4,2,4,2,,,,,,,2,5,,,6,4,4,4,4,4,2,4,4,1,0,1,0,2,3,2,2,1,1,2,3,4,1,3,2,2,4,4,1,1,4,4,2,3,1,5,,,2,1,0,0,0,0,,,,,,1,1,0,0,0,0,0,0,1,2,1,2,4,5,1,0,4,813.04,12,,13,,1,1,10/24/2022 14:18:00,8,3,2,6,6,6,1,2,2,2,3,,1,2,3,2,2,10,,1,1,1,1,2,,"85085",1.86355912685394,2,3
2095,"vx84b1gxkuwt8gtb",10/24/2022 14:46:00,3,2,3,2,,0,0,0,1,0,0,0,1,1,1955,0,0,0,1,0,1,3,5,1,1,0,0,0,0,0,0,0,0,0,0,0,0,0,0,0,0,0,0,0,4,2,3,2,3,2,8,4,1,4,2,3,,,,,,,2,3,,,4,4,3,1,3,4,4,4,4,1,1,1,0,3,3,1,4,3,2,1,3,2,1,3,2,1,2,2,2,4,2,4,2,1,2,2,,,1,1,0,0,0,0,,,,,,3,0,1,1,1,0,0,0,1,3,1,3,4,2,0,1,3,1206.85,14,,10,,1,2,10/24/2022 14:25:00,15,3,4,4,4,1,2,3,3,3,3,1,,3,3,1,3,3,5,,3,4,2,,1,"85367",2.54473376274109,2,3
2097,"qs8z7tcjvt88t42e",10/24/2022 15:17:00,1,1,3,2,,0,0,0,1,0,0,0,1,1,1962,0,0,0,1,0,1,5,4,1,1,0,0,0,0,0,0,0,0,1,0,0,0,0,0,1,0,0,0,0,3,2,1,3,3,2,7,3,2,3,2,3,,,,,,,3,3,,,4,1,2,1,2,1,1,1,1,1,0,1,1,2,2,2,2,2,2,2,2,2,2,3,2,1,2,2,2,2,2,2,3,2,2,2,,,1,1,0,0,0,0,,,,,,2,1,0,0,0,0,0,0,1,1,1,1,5,3,1,0,1,1945.59,4,,10,,5,6,10/24/2022 14:43:00,2,3,4,4,4,1,2,2,2,2,3,,2,2,3,2,4,4,,3,1,3,1,1,,"85635",2.54473447799683,2,3
2111,"zc95h8z6gdycppcr",10/24/2022 15:49:00,1,1,3,2,,0,0,0,1,0,0,0,1,2,1965,0,0,1,0,0,1,5,5,1,1,1,0,0,0,0,0,0,0,0,0,0,1,0,0,0,0,0,0,0,3,2,3,2,3,1,8,3,2,3,1,3,,,,,,,3,3,,,4,2,3,1,1,2,1,1,1,1,0,1,1,2,3,1,2,2,2,2,2,2,2,3,2,2,2,2,2,3,2,2,2,2,2,2,,,1,1,0,0,0,0,,,,,,2,1,0,0,0,0,0,0,1,1,1,1,5,3,0,1,1,1686.16,4,,10,,5,6,10/24/2022 15:20:00,3,3,4,4,4,1,2,2,2,2,2,3,,2,3,2,2,2,4,,2,3,2,,1,"86001",2.4174976348877,2,3
2118,"1ghtu5e56gc9xtj8",10/24/2022 16:16:00,1,1,3,1,,0,0,0,0,1,0,0,1,1,1964,0,0,1,0,0,2,5,2,1,0,0,1,0,0,0,0,0,0,1,0,1,0,0,0,0,0,0,0,0,1,2,1,3,2,4,8,2,3,2,3,2,,,,,,,2,2,,,1,2,2,1,2,1,1,1,1,1,1,0,1,2,2,2,2,2,2,3,3,2,2,2,1,1,1,1,1,1,1,3,1,1,1,1,17,,,1,0,0,0,0,1,2,2,1,3,2,1,0,0,0,0,0,0,1,1,1,1,1,4,1,0,1,1283.76,4,,10,,5,6,10/24/2022 15:52:00,10,1,1,1,1,4,2,1,2,3,2,,2,2,1,2,2,9,,1,2,2,2,2,,"85901",0.0748552531003952,1,1
2164,"bg34ndpu0zkfwe2e",10/25/2022 07:50:00,1,1,3,1,,0,0,0,0,1,0,0,1,1,1965,0,0,1,0,0,2,5,2,1,1,1,1,0,0,0,0,0,0,0,0,0,0,0,0,0,0,0,0,0,2,2,1,3,1,3,8,2,3,2,3,2,,,,,,,2,2,,,1,2,2,1,2,2,1,1,1,1,1,1,0,3,2,2,2,2,2,3,3,2,2,3,1,1,1,3,1,1,1,1,1,2,1,1,17,,,1,0,0,0,0,1,1,2,1,3,1,1,0,0,0,0,0,0,1,1,1,1,1,2,0,1,1,2126.07,4,,10,,5,6,10/25/2022 07:14:00,10,1,1,1,1,4,2,2,2,2,2,2,,2,1,2,2,8,1,,2,2,2,,2,"85901",0.0748552531003952,1,1
2166,"cft62ky26c3kjwq9",10/25/2022 07:58:00,1,1,3,2,,0,0,0,1,0,0,0,1,1,1994,1,0,0,0,0,1,2,5,1,1,0,0,1,0,0,0,0,0,0,0,0,0,0,0,0,0,1,0,0,3,2,1,1,4,1,8,4,1,3,2,3,,,,,,,3,3,,,4,2,3,2,2,3,2,1,4,1,0,1,0,3,4,2,3,3,3,2,3,2,2,2,2,2,2,2,2,2,2,2,2,3,2,2,,,1,1,0,0,0,0,,,,,,2,1,0,0,0,0,0,0,1,1,1,4,5,4,1,0,1,1645.3,4,,10,,5,6,10/25/2022 07:28:00,11,3,4,4,4,1,1,2,3,2,2,,2,1,2,5,2,4,,3,2,3,1,1,,"85705",2.54473376274109,2,3
2169,"ryz9mx2a5bzh704c",10/25/2022 08:03:00,1,1,3,1,,0,0,0,0,1,0,0,1,1,1969,0,0,1,0,0,2,5,1,1,0,0,1,0,0,0,0,0,0,1,0,1,0,0,0,0,0,0,0,0,1,1,1,2,1,4,7,1,4,2,3,2,,,,,,,1,2,,,2,2,3,2,2,4,2,3,3,1,1,0,0,4,2,1,3,3,4,3,3,3,1,3,1,2,1,1,1,1,3,1,1,1,1,1,17,,,1,0,0,0,0,1,3,1,2,3,2,0,1,0,0,0,0,0,1,1,1,1,1,3,0,1,1,1640.54,4,,10,,5,6,10/25/2022 07:35:00,8,1,2,1,1,3,1,1,3,3,4,2,,1,3,2,1,9,1,,2,1,2,,2,"85392",0.0748552531003952,1,1
2173,"kvhw14sfx1j89kvw",10/25/2022 08:26:00,1,1,3,1,,0,0,0,0,1,0,0,1,1,1969,0,0,1,0,0,2,5,2,1,0,0,0,0,0,0,0,0,0,0,0,1,1,0,0,1,0,0,0,0,1,3,3,2,1,3,7,2,4,2,3,2,,,,,,,2,2,,,1,3,2,1,2,2,1,1,2,1,1,0,1,3,2,1,2,2,2,3,2,3,1,2,1,1,1,1,3,1,1,1,3,1,1,3,17,,,0,0,0,0,1,1,1,2,1,3,2,0,1,0,0,0,0,0,1,2,3,4,1,5,0,1,1,1890.71,4,,10,,5,6,10/25/2022 07:54:00,14,1,2,2,2,3,2,1,2,2,2,2,,2,1,2,2,8,2,,1,2,1,,2,"86323",0.0748552531003952,1,1
2174,"m9re4qpyw6x9qupn",10/25/2022 08:26:00,1,1,3,1,,0,0,0,0,1,0,0,1,1,1971,0,0,1,0,0,1,5,1,1,1,0,1,0,0,0,0,0,0,0,0,0,0,0,0,1,0,0,0,0,1,1,3,2,1,4,9,1,3,1,3,2,,,,,,,1,1,,,1,3,4,2,2,4,2,2,2,2,,,,4,2,2,2,3,2,2,3,3,1,2,1,3,1,1,1,1,1,1,1,1,1,2,5,,2,1,0,0,0,0,1,2,3,2,1,1,0,1,0,0,0,0,0,1,4,1,3,1,3,1,0,1,1503.29,4,,10,,5,6,10/25/2022 08:00:00,12,1,1,1,1,4,2,2,3,2,2,,3,1,1,2,2,10,,1,1,1,2,2,,"85140",0.299421012401581,1,1
2176,"qumck6vj1h99cavw",10/25/2022 08:33:00,1,1,3,2,,0,0,0,1,0,0,0,1,1,1995,1,0,0,0,0,1,2,3,1,1,0,0,0,0,0,0,0,0,0,0,1,0,0,0,0,0,1,0,0,4,1,3,3,4,3,6,4,3,2,3,4,,,,,,,3,2,,,6,3,3,3,2,4,3,3,4,2,,,,4,4,1,3,2,3,3,3,3,2,2,2,2,3,4,4,4,3,2,4,3,5,5,,,1,1,0,0,0,0,,,,,,2,1,0,0,0,0,0,0,1,1,1,4,6,3,0,1,1,1629.81,4,,10,,5,6,10/25/2022 08:05:00,11,2,5,6,5,5,2,1,3,3,4,2,,1,2,2,1,3,3,,2,2,1,,1,"85710",1.835453748703,2,2
2178,"r94f61spe9nxhf03",10/25/2022 09:00:00,1,1,3,1,,0,0,0,0,1,0,0,1,2,1982,0,0,1,0,0,2,5,1,1,0,1,0,0,0,0,0,0,0,0,0,1,0,1,0,0,0,0,0,0,1,1,1,1,1,3,9,1,4,1,4,1,,,,,,,1,1,,,1,1,2,1,1,2,2,2,1,1,1,1,0,3,2,1,2,2,3,2,3,2,1,1,1,2,1,1,1,1,1,1,1,1,1,1,10,,,1,0,0,0,0,1,2,1,3,2,1,1,0,0,0,0,0,0,1,1,1,1,1,6,1,0,1,1875.14,4,,10,,5,6,10/25/2022 08:24:00,8,1,1,1,1,4,2,1,2,2,1,,2,2,1,2,1,9,,1,1,2,2,2,,"85009",0.172915637493134,1,1
2179,"guudeq87q93h3a3w",10/25/2022 09:05:00,1,1,3,1,,0,0,0,0,1,0,0,1,1,1962,0,0,0,1,0,2,5,2,1,0,0,0,0,1,0,0,0,0,0,0,0,1,0,1,0,0,0,0,0,1,2,2,3,2,3,6,1,3,2,3,1,,,,,,,2,2,,,2,3,2,1,1,2,1,1,2,1,1,1,0,2,2,2,2,2,2,2,2,2,1,1,1,2,1,1,1,1,1,1,1,1,1,1,17,,,1,0,0,0,0,2,2,2,1,3,2,1,0,0,0,0,0,0,1,1,1,1,1,6,0,1,1,2106.71,4,,10,,5,6,10/25/2022 08:28:00,2,1,1,1,1,4,2,1,2,2,2,2,,2,1,2,2,9,1,,2,2,3,,2,"85635",0.0748552531003952,1,1
2180,"q8u1fhnvpf68sza7",10/25/2022 09:00:00,1,1,3,1,,0,0,0,0,1,0,0,1,1,1975,0,0,1,0,0,1,5,2,1,0,1,0,1,0,0,0,0,0,0,0,0,0,0,0,0,0,1,0,0,2,2,1,2,2,3,7,1,3,2,3,1,,,,,,,2,1,,,2,2,2,1,4,4,3,3,3,2,,,,2,2,2,2,2,2,2,2,2,2,1,2,3,1,1,1,1,2,1,1,1,1,1,17,,2,1,0,0,0,0,2,2,2,1,3,2,1,0,0,0,0,0,0,1,1,1,1,2,5,1,0,1,1663.86,4,,12,,5,6,10/25/2022 08:31:00,8,1,2,2,2,3,1,2,2,2,2,,2,2,1,3,2,5,,2,3,2,2,1,,"85003",0.14971050620079,1,1
2182,"w2pj6rf9xufwcdb8",10/25/2022 09:10:00,1,1,3,1,,0,0,0,0,1,0,0,1,1,1968,0,0,1,0,0,1,5,2,1,1,0,0,1,0,0,0,0,0,0,0,1,0,0,0,0,0,0,0,0,2,2,3,2,2,3,8,1,3,1,3,2,,,,,,,2,2,,,2,3,4,2,3,3,2,2,2,1,1,0,0,3,2,2,2,3,2,2,3,3,1,2,1,2,1,1,1,1,1,1,1,1,1,3,6,,2,1,0,0,0,0,1,2,2,3,1,1,0,1,0,0,0,0,0,1,1,4,3,2,4,1,0,1,1596.59,4,,10,,5,6,10/25/2022 08:42:00,14,1,2,2,2,3,1,2,3,2,1,,3,1,3,2,2,9,,1,2,1,2,2,,"86301",0.299421012401581,1,1
2184,"9mg4f22b1dmmpa7v",10/25/2022 09:29:00,1,1,3,1,,0,0,0,0,1,0,0,1,1,1970,0,0,1,0,0,2,5,1,1,1,0,0,0,0,0,0,0,0,0,0,0,0,0,0,1,0,1,0,0,1,1,1,1,1,3,9,1,4,1,4,1,,,,,,,1,1,,,1,2,1,1,3,3,1,1,2,1,1,1,0,2,2,1,2,2,2,3,3,3,1,2,1,1,1,3,1,1,3,1,1,2,1,1,17,,,1,0,0,0,0,3,2,1,2,3,1,1,0,0,0,0,0,0,1,1,1,1,1,3,0,1,1,1949.14,4,,10,,5,6,10/25/2022 08:52:00,8,1,1,1,1,4,1,1,2,1,2,3,,1,1,2,1,8,1,,1,2,1,,2,"85308",0.0748552531003952,1,1
2185,"47p6qdyk9we224eb",10/25/2022 09:30:00,1,1,3,1,,0,0,0,0,1,0,0,1,1,1967,0,0,1,0,0,1,5,2,1,1,0,0,0,0,0,0,0,0,0,0,1,0,0,0,1,0,0,0,0,1,1,1,1,1,3,8,1,4,1,4,1,,,,,,,1,1,,,1,1,1,2,3,3,1,1,2,1,1,0,1,1,1,1,2,2,2,2,3,3,1,2,1,2,1,3,1,1,1,1,1,1,1,1,12,,1,1,0,0,0,0,2,2,1,2,3,1,1,0,0,0,0,0,0,1,1,1,1,1,5,0,1,1,1953,4,,10,,5,6,10/25/2022 08:54:00,11,1,1,1,1,4,1,2,2,1,2,2,,1,1,2,2,8,1,,1,2,1,,2,"85710",0.431166261434555,1,1
2188,"eysy4hhecuph13gt",10/25/2022 09:31:00,1,1,3,1,,0,0,0,0,1,0,0,1,1,1997,1,0,0,0,0,2,5,1,1,0,0,0,1,0,0,1,0,0,1,0,0,0,0,0,0,0,0,0,0,1,1,1,2,1,3,8,1,4,2,4,1,,,,,,,1,1,,,1,1,2,1,2,2,2,2,2,1,1,1,0,2,2,2,2,2,2,3,3,3,1,1,1,2,1,3,1,1,1,1,1,1,1,1,17,,,1,0,0,0,0,2,2,2,1,3,2,0,0,0,0,0,1,0,1,1,1,4,1,6,1,0,1,1776.72,4,,10,,5,6,10/25/2022 09:00:00,10,1,1,1,1,4,2,1,3,1,2,,2,2,1,2,2,6,,1,1,1,2,2,,"85901",0.0748552531003952,1,1
2189,"mxrxv2hysgugvuvk",10/25/2022 09:34:00,1,1,3,1,,0,0,0,0,1,0,0,1,2,1981,0,0,1,0,0,2,5,1,1,0,1,0,0,0,0,0,0,0,0,0,1,1,0,0,0,0,0,0,0,1,1,2,1,1,3,9,3,3,1,4,1,,,,,,,1,1,,,1,1,1,1,2,2,2,1,1,1,1,1,0,3,1,2,2,3,3,2,2,2,1,2,1,2,1,1,1,1,1,1,1,1,1,1,17,,,1,0,0,0,0,1,1,2,3,1,1,0,0,1,0,0,0,0,1,1,1,1,1,5,1,0,1,1708.2,4,,12,,5,6,10/25/2022 09:01:00,8,1,1,1,1,4,2,1,2,2,2,,2,2,1,2,1,10,,1,1,2,1,2,,"85029",0.0864578187465668,1,1
2190,"u7aq4m8ejfpvmpje",10/25/2022 09:32:00,1,1,3,2,,0,0,0,1,0,0,0,1,1,1990,0,1,0,0,0,1,2,4,1,0,0,1,0,0,0,0,1,0,0,0,1,0,0,0,0,0,0,0,0,4,1,2,2,4,1,7,4,1,4,2,3,,,,,,,4,3,,,3,2,3,2,2,3,2,3,4,1,1,1,0,3,3,2,4,2,4,3,3,3,2,3,2,3,2,4,2,4,2,2,2,4,2,2,,,1,1,0,0,0,0,,,,,,3,1,0,0,0,0,0,0,1,1,1,1,4,4,0,1,1,1616.93,4,,10,,5,6,10/25/2022 09:04:00,12,3,3,3,3,2,1,1,3,2,3,3,,2,2,5,1,1,4,,2,4,1,,1,"85132",2.54473376274109,2,3
2191,"71bb1uecjw6bww9c",10/25/2022 09:33:00,1,1,3,2,,0,0,0,1,0,0,0,1,1,1992,0,1,0,0,0,1,2,3,1,1,1,0,0,0,0,0,0,0,0,0,0,0,0,0,0,0,1,0,0,2,2,1,3,2,2,6,1,3,2,2,2,,,,,,,3,2,,,2,2,2,1,4,4,3,3,2,2,,,,2,2,2,2,2,2,3,2,2,2,1,1,2,3,3,3,1,2,1,3,2,1,2,,,1,1,0,0,0,0,,,,,,2,1,0,0,0,0,0,0,1,1,1,2,2,6,1,0,1,1655.74,4,,12,,5,6,10/25/2022 09:04:00,15,2,2,3,1,2,2,2,2,2,2,,2,2,1,3,4,6,,2,3,2,3,1,,"85364",1.78957581520081,2,2
2194,"7mw6xuw6cz7hvb6c",10/25/2022 09:42:00,1,1,3,1,,0,0,0,0,1,0,0,1,2,1978,0,0,1,0,0,2,5,1,1,1,0,1,0,0,0,0,0,0,0,0,0,0,1,0,0,0,0,0,0,1,1,2,1,1,3,9,1,4,1,4,1,,,,,,,1,1,,,1,1,2,1,2,2,2,1,1,1,1,0,1,3,1,1,2,3,3,2,2,2,1,2,1,2,1,1,1,1,1,1,1,1,1,1,17,,,1,0,0,0,0,1,1,3,2,1,1,1,0,0,0,0,0,0,1,1,1,1,1,4,0,1,1,1780.74,4,,10,,5,6,10/25/2022 09:09:00,8,1,1,1,1,4,2,1,2,2,1,1,,2,1,2,1,10,1,,1,3,2,,2,"85044",0.0864578187465668,1,1
2195,"xbtmyx628h83h3sn",10/25/2022 09:42:00,1,1,3,2,,0,0,0,1,0,0,0,1,1,1995,1,0,0,0,0,1,2,4,1,0,1,0,0,0,0,0,0,0,0,0,0,0,0,0,1,1,0,0,0,3,2,3,2,3,1,7,3,2,3,2,3,,,,,,,3,3,,,4,2,2,2,1,1,1,1,3,1,0,1,1,2,3,2,2,2,2,2,3,2,2,2,2,3,2,2,2,2,2,2,2,2,2,2,,,1,1,0,0,0,0,,,,,,2,1,0,0,0,0,0,0,1,1,1,1,5,4,1,0,1,1824.43,4,,10,,5,6,10/25/2022 09:11:00,9,3,4,4,4,1,2,2,2,2,2,,2,1,3,2,2,4,,4,2,3,1,1,,"86442",2.54473376274109,2,3
2196,"wqh54a8g1p7yczx2",10/25/2022 09:38:00,1,1,3,1,,0,0,0,0,1,0,0,1,1,1975,0,0,1,0,0,1,5,3,1,0,0,1,0,0,0,1,0,0,0,0,1,0,0,0,0,0,0,0,0,2,3,1,2,2,3,7,2,3,2,5,5,,,,,,,3,2,,,5,3,4,2,3,4,2,2,3,2,,,,3,3,2,2,3,2,2,2,3,2,2,2,2,2,3,1,1,3,1,1,2,3,5,9,,3,1,0,0,0,0,2,3,2,3,1,2,0,1,0,0,0,0,0,4,1,1,1,3,5,0,1,1,1551.92,4,,10,,5,6,10/25/2022 09:12:00,9,2,3,2,2,2,2,2,3,2,1,2,,1,3,2,2,8,2,,2,2,1,,1,"86409",0.441252022981644,1,2
2197,"by1eqdn3t98eq4hb",10/25/2022 09:53:00,1,1,3,1,,0,0,0,0,1,0,0,1,1,1962,0,0,0,1,0,2,5,2,1,0,1,1,0,1,0,0,0,0,0,0,0,0,0,0,0,0,0,0,0,1,1,2,3,2,4,8,2,4,2,4,2,,,,,,,1,2,,,2,3,4,3,3,4,3,3,3,1,1,1,0,3,2,2,3,4,4,3,3,3,2,2,1,3,1,1,4,1,1,4,1,2,1,1,17,,,1,0,0,0,0,2,3,1,2,3,1,0,1,0,0,0,0,0,1,1,1,1,2,4,1,0,1,1662.57,4,,10,,5,6,10/25/2022 09:22:00,8,1,2,2,2,3,1,2,1,1,4,,2,1,1,2,1,9,,2,1,1,4,2,,"85225",0.0748552531003952,1,1
2202,"z09xerkvq74bskp3",10/25/2022 10:04:00,1,1,3,1,,0,0,0,0,1,0,0,1,1,1966,0,0,1,0,0,1,5,1,1,1,1,0,0,0,0,0,0,0,0,1,0,0,0,0,0,0,0,0,0,1,1,1,1,1,3,9,1,4,1,4,1,,,,,,,1,1,,,1,1,1,1,3,3,1,1,2,1,1,0,1,2,2,1,2,2,1,3,3,2,1,1,1,1,1,3,1,1,3,1,1,1,1,1,12,,1,1,0,0,0,0,2,2,1,2,3,1,1,0,0,0,0,0,0,1,1,1,1,1,5,0,1,1,1619.47,4,,10,,5,6,10/25/2022 09:35:00,11,1,1,1,1,4,1,1,1,2,2,2,,1,1,2,1,8,1,,1,2,1,,2,"85713",0.431166261434555,1,1
2204,"rjy7qqs7bejk5utd",10/25/2022 10:04:00,1,1,3,1,,0,0,0,0,1,0,0,1,1,1995,1,0,0,0,0,1,5,1,1,0,0,0,0,0,0,0,0,0,1,0,0,0,0,0,1,1,0,0,0,1,1,1,1,1,4,8,1,4,2,4,1,,,,,,,2,1,,,1,1,2,1,2,3,2,1,2,1,1,0,0,2,2,2,2,2,2,2,3,3,1,2,1,2,3,3,1,1,1,1,1,1,1,1,12,,3,1,0,0,0,0,2,2,1,2,3,2,0,0,1,0,0,0,0,1,1,1,2,1,4,1,0,1,1406.47,4,,10,,5,6,10/25/2022 09:39:00,3,1,1,1,1,4,2,1,3,1,3,,2,2,1,1,2,7,,1,1,1,2,2,,"86001",0.431166261434555,1,1
2205,"ag9xz80yf8hfqd5u",10/25/2022 10:13:00,1,1,3,2,,0,0,0,1,0,0,0,1,1,1996,1,0,0,0,0,1,2,4,1,1,0,0,0,0,0,0,1,0,0,0,0,0,0,0,0,0,1,0,0,3,2,1,2,3,2,8,3,1,3,2,3,,,,,,,3,3,,,3,2,3,3,3,3,2,2,4,1,0,1,0,3,3,2,2,3,3,2,2,2,2,2,2,2,2,2,2,2,2,3,2,3,4,2,,,1,1,0,0,0,0,,,,,,2,1,0,0,0,0,0,0,4,1,1,4,4,5,0,1,1,1727.32,4,,10,,5,6,10/25/2022 09:43:00,11,3,3,4,3,2,2,2,3,2,2,3,,1,2,5,3,7,2,,3,4,2,,1,"85710",2.54473376274109,2,3
2206,"pju3369020bwmh0a",10/25/2022 10:11:00,1,1,3,1,,0,0,0,0,1,0,0,1,1,1982,0,0,1,0,0,2,5,2,1,0,0,0,0,0,0,0,0,0,0,1,0,1,0,0,0,1,0,0,0,1,2,2,2,1,3,7,2,3,2,3,2,,,,,,,2,2,,,1,2,2,1,1,1,1,1,1,1,1,0,1,2,2,2,2,2,2,2,3,2,2,3,1,1,1,1,3,1,1,1,1,1,1,1,17,,,1,0,0,0,0,1,2,2,1,3,1,0,0,1,0,0,0,0,1,1,2,1,1,3,1,0,1,1493.89,4,,10,,5,6,10/25/2022 09:45:00,11,1,1,1,1,4,2,2,2,2,2,,3,2,1,3,2,8,,1,2,2,2,2,,"85614",0.0748552531003952,1,1
2207,"5f86pstgcw4pfpzv",10/25/2022 10:25:00,1,1,3,1,,0,0,0,0,1,0,0,1,1,1980,0,0,1,0,0,2,5,1,1,0,1,0,0,0,0,0,0,0,0,0,0,1,0,0,0,0,0,0,0,1,1,3,1,1,4,9,1,4,1,4,1,,,,,,,1,1,,,4,1,1,1,2,2,2,1,1,2,,,,3,1,2,2,3,2,2,2,2,1,2,1,2,1,1,1,1,1,1,1,1,1,1,17,,,1,0,0,0,0,1,1,3,1,2,1,1,0,0,0,0,0,0,1,1,1,1,1,4,0,1,1,1858.51,4,,12,,5,6,10/25/2022 09:47:00,10,1,1,1,1,4,2,1,2,2,1,2,,2,1,2,1,9,1,,1,2,3,,2,"85901",0.0748552531003952,1,1
2209,"m9mvd452yb6vgj7r",10/25/2022 10:29:00,1,1,3,1,,0,0,0,0,1,0,0,1,1,1977,0,0,1,0,0,2,5,1,1,1,1,0,0,0,0,0,0,0,0,0,0,1,0,0,0,0,0,0,0,1,1,3,1,1,4,9,1,3,1,4,1,,,,,,,1,1,,,1,1,2,2,2,1,1,1,2,1,0,0,1,3,2,1,2,3,3,3,3,3,1,2,1,2,1,1,1,1,1,1,1,1,1,1,17,,,1,0,0,0,0,1,2,2,3,1,1,0,0,1,0,0,0,0,1,1,1,1,1,5,0,1,1,2137.8,4,,10,,5,6,10/25/2022 09:53:00,10,1,1,1,1,4,2,1,2,2,1,1,,3,1,2,1,8,1,,1,1,2,,2,"86047",0.0748552531003952,1,1
2212,"e1943vpvhdf2xckx",10/25/2022 10:35:00,1,1,3,1,,0,0,0,0,1,0,0,1,2,1970,0,0,1,0,0,2,5,1,1,1,0,1,0,1,0,0,0,0,0,0,0,0,0,0,0,0,0,0,0,2,2,1,3,2,4,6,2,3,2,3,2,,,,,,,2,2,,,2,3,3,3,3,4,3,3,3,1,1,0,0,3,2,1,3,3,4,3,3,3,2,2,1,2,1,1,1,1,1,1,4,2,1,1,17,,,1,0,0,0,0,1,3,1,3,2,2,0,1,0,0,0,0,0,1,1,1,4,2,3,1,0,1,1967.72,4,,10,,5,6,10/25/2022 10:02:00,14,1,2,2,2,3,1,2,1,2,2,,2,2,1,2,1,9,,1,2,1,1,2,,"86323",0.0864578187465668,1,1
2214,"77zt51qztsvmftjx",10/25/2022 10:37:00,1,1,3,1,,0,0,0,0,1,0,0,1,2,1971,0,0,1,0,0,2,5,2,1,0,1,0,0,0,0,0,0,0,0,1,0,0,0,0,1,0,0,0,0,1,1,1,2,1,3,8,1,4,1,4,1,,,,,,,1,1,,,1,1,2,2,3,2,1,1,2,1,1,0,0,1,2,1,1,2,2,2,3,3,1,2,1,2,1,1,1,1,1,1,1,1,1,1,17,,,1,0,0,0,0,2,2,1,2,3,1,1,0,0,0,0,0,0,1,1,1,1,1,5,0,1,1,1908.75,4,,10,,5,6,10/25/2022 10:05:00,14,1,1,1,1,3,1,2,2,2,2,2,,1,1,2,1,7,2,,1,2,2,,2,"86322",0.0864578187465668,1,1
2215,"532rewjpzh8vxvq2",10/25/2022 10:36:00,1,1,3,1,,0,0,0,0,1,0,0,1,2,1979,0,0,1,0,0,2,5,1,1,0,0,0,1,0,0,1,0,0,1,0,0,0,0,0,0,0,0,0,0,1,1,1,1,1,4,8,1,4,1,4,1,,,,,,,1,1,,,1,4,2,2,3,4,1,1,1,1,1,0,0,2,1,2,2,2,2,2,2,2,1,1,1,2,3,3,1,1,1,1,1,1,1,1,17,,,1,0,0,0,0,1,1,1,2,3,1,0,0,1,0,0,0,0,1,1,1,1,1,6,1,0,1,1562.22,4,,10,,5,6,10/25/2022 10:09:00,8,1,1,1,1,4,2,2,3,1,2,,2,2,1,1,2,8,,1,1,1,2,2,,"85009",0.0864578187465668,1,1
2216,"pyfz8ft2u3ft6dpk",10/25/2022 10:44:00,1,1,3,2,,0,0,0,1,0,0,0,1,1,1994,1,0,0,0,0,1,2,5,1,0,0,1,0,1,0,0,0,0,0,0,1,0,0,0,0,0,0,0,0,3,3,1,3,3,1,6,3,2,3,2,3,,,,,,,3,3,,,3,3,2,2,1,1,1,1,4,1,0,1,1,2,3,2,2,2,2,2,4,2,1,3,1,2,2,2,2,2,2,2,2,1,2,4,,,1,1,0,0,0,0,,,,,,2,1,0,0,0,0,0,0,1,1,3,3,5,2,1,0,1,1557.02,4,,10,,5,6,10/25/2022 10:13:00,3,3,3,3,3,2,2,1,2,2,1,,2,2,2,3,1,3,,4,1,3,1,1,,"86001",2.54473376274109,2,3
2217,"h5dpn6fsfnt9fwet",10/25/2022 10:56:00,1,1,3,1,,0,0,0,0,1,0,0,1,1,1968,0,0,1,0,0,1,5,1,1,1,0,0,0,0,1,0,0,0,0,0,0,0,0,0,0,0,1,0,0,1,1,1,1,1,3,8,1,4,1,4,1,,,,,,,1,1,,,1,2,2,1,3,3,1,1,2,1,1,0,1,2,2,1,2,2,1,2,3,3,1,2,1,1,1,3,1,1,3,3,1,1,1,1,6,,1,1,0,0,0,0,2,2,1,2,3,1,1,0,0,0,0,0,0,1,1,1,1,1,3,1,0,1,2215.93,4,,10,,5,6,10/25/2022 10:18:00,12,1,1,1,1,4,1,2,2,1,2,,2,1,1,2,1,8,,1,2,1,1,2,,"85142",0.299421012401581,1,1
2218,"bv8s4ejsyfvdkd4p",10/25/2022 10:48:00,1,1,3,1,,0,0,0,0,1,0,0,1,1,1980,0,0,1,0,0,2,5,1,1,0,0,0,1,0,0,0,0,0,0,0,1,0,0,0,1,0,0,0,0,1,2,3,2,1,4,8,1,3,1,3,2,,,,,,,1,2,,,1,2,4,2,3,3,2,1,1,1,1,0,0,3,2,1,2,3,2,2,2,3,1,2,1,2,1,1,1,1,1,1,1,1,2,3,17,,,1,0,0,0,0,1,1,3,2,1,2,0,1,0,0,1,0,0,1,1,4,4,1,5,0,1,1,1606.93,4,,10,,5,6,10/25/2022 10:21:00,3,1,2,1,1,4,1,2,2,2,2,2,,1,3,2,2,10,1,,2,1,2,,2,"86004",0.0748552531003952,1,1
2219,"wv3wg0tvfj16f4x5",10/25/2022 11:04:00,1,1,3,1,,0,0,0,0,1,0,0,1,1,1978,0,0,1,0,0,1,5,2,1,0,1,0,0,1,0,0,0,0,0,0,0,0,0,0,1,0,0,0,0,1,2,3,2,1,3,7,1,4,2,3,1,,,,,,,3,2,,,2,2,2,2,4,4,3,3,2,2,,,,2,2,2,2,2,2,2,2,2,2,1,2,1,1,1,1,1,2,1,3,2,1,1,6,,1,1,0,0,0,0,2,2,1,2,3,2,1,0,0,0,0,0,0,1,1,1,2,2,6,0,1,1,2307.47,4,,12,,5,6,10/25/2022 10:25:00,10,1,2,2,2,3,1,2,2,2,2,2,,2,1,2,4,5,2,,3,3,2,,1,"85901",0.299421012401581,1,1
2221,"qqxumtuq6jcyd292",10/25/2022 11:05:00,1,1,3,1,,0,0,0,0,1,0,0,1,1,1979,0,0,1,0,0,2,5,1,1,1,0,0,0,0,0,0,0,0,0,0,0,0,0,0,0,0,0,0,1,1,1,2,3,1,4,9,1,4,1,4,1,,,,,,,1,1,,,1,3,4,3,2,3,3,2,2,2,,,,3,2,2,2,3,3,2,2,2,1,2,1,2,1,1,1,1,1,1,1,1,1,1,17,,,1,0,0,0,0,2,2,1,3,2,1,1,0,0,0,0,0,0,1,1,1,1,1,4,0,1,1,1772.43,4,,12,,5,6,10/25/2022 10:33:00,10,1,1,1,1,4,2,1,2,2,1,2,,2,1,2,1,9,1,,1,2,2,,2,"85941",0.0748552531003952,1,1
2222,"77ya85zz304h8wrh",10/25/2022 11:13:00,1,1,3,1,,0,0,0,0,1,0,0,1,1,1981,0,0,1,0,0,1,5,2,1,0,0,0,0,0,0,0,0,0,0,1,0,0,0,0,1,0,1,0,0,2,2,2,2,2,3,7,1,3,2,1,3,,,,,,,3,2,,,2,2,2,1,4,4,3,3,3,2,,,,2,2,2,2,2,2,2,2,2,2,3,2,1,3,1,1,1,1,1,1,2,1,1,16,,1,1,0,0,0,0,2,2,1,2,3,2,1,0,0,0,0,0,0,1,1,1,2,2,3,1,0,1,2242.82,4,,12,,5,6,10/25/2022 10:35:00,3,1,2,2,2,3,1,2,2,2,2,,2,2,1,2,2,5,,2,3,2,2,1,,"86001",0.299421012401581,1,1
2225,"4drk0ub7mr37rbkd",10/25/2022 11:16:00,1,1,3,1,,0,0,0,0,1,0,0,1,1,1978,0,0,1,0,0,2,5,1,1,1,0,0,0,0,0,0,0,0,0,0,1,0,0,0,0,0,0,0,0,1,1,2,2,1,4,8,1,3,1,4,1,,,,,,,1,1,,,1,2,3,2,4,3,2,3,2,2,,,,3,2,1,2,3,3,2,2,2,1,1,1,2,1,1,1,1,1,1,1,1,1,1,17,,,1,0,0,0,0,1,2,3,2,1,1,1,0,0,0,0,0,0,1,1,1,1,1,6,0,1,1,1861.64,4,,10,,5,6,10/25/2022 10:43:00,10,1,1,1,1,4,2,1,2,2,1,1,,2,1,2,1,9,1,,1,2,2,,2,"85901",0.0748552531003952,1,1
2226,"qagnyudsw71u6yj2",10/25/2022 11:16:00,1,1,3,1,,0,0,0,0,1,0,0,1,1,1965,0,0,1,0,0,1,5,1,1,0,0,0,0,0,0,0,0,0,0,0,1,0,1,0,1,0,0,0,0,1,1,2,1,1,3,9,1,4,1,4,1,,,,,,,1,1,,,1,2,1,2,3,2,1,1,2,1,1,0,0,1,2,2,1,2,1,2,3,3,1,2,1,1,1,3,1,1,1,1,1,2,1,1,6,,1,1,0,0,0,0,2,2,1,2,3,1,1,0,0,0,0,0,0,1,1,1,1,1,4,1,0,1,1698.57,4,,10,,5,6,10/25/2022 10:46:00,9,1,1,1,1,4,1,2,3,2,2,,2,1,3,2,2,8,,1,1,1,2,2,,"86426",0.299421012401581,1,1
2227,"z4u9yfzxntv93axk",10/25/2022 11:24:00,1,1,3,2,,0,0,0,1,0,0,0,1,1,1995,1,0,0,0,0,1,2,3,1,1,0,0,0,0,0,0,0,0,0,0,0,0,1,1,0,0,0,0,0,2,2,3,3,3,3,6,5,3,3,3,2,,,,,,,5,5,,,5,2,2,1,1,2,1,2,4,1,0,1,1,2,3,2,2,2,2,2,2,2,2,3,2,3,4,3,2,4,3,3,3,2,4,4,,,1,0,0,0,0,1,,,,,,2,1,0,0,0,0,0,0,3,3,3,2,3,3,1,0,1,2041.33,4,,10,,5,6,10/25/2022 10:49:00,8,2,6,3,5,6,2,2,2,2,2,,3,1,2,3,4,4,,3,2,3,3,1,,"85392",1.76258623600006,2,2
2228,"u4k6v3c1qg4wbvw3",10/25/2022 11:23:00,1,1,3,1,,0,0,0,0,1,0,0,1,1,1978,0,0,1,0,0,1,5,3,1,1,0,1,1,0,0,0,0,0,0,0,0,0,0,0,0,0,0,0,0,2,2,3,3,2,3,7,2,3,2,3,2,,,,,,,3,2,,,5,3,4,3,3,4,3,2,3,2,,,,2,2,2,2,3,2,2,3,3,1,1,1,2,3,3,3,1,3,1,1,2,5,5,12,,1,1,0,0,0,0,2,3,2,3,1,1,0,1,0,0,0,0,0,1,3,1,1,3,6,0,1,1,1827.75,4,,10,,5,6,10/25/2022 10:52:00,10,2,3,2,2,5,1,2,2,1,3,2,,1,1,3,2,8,2,,1,2,2,,2,"86047",0.635402858257294,1,2
2230,"6pek3rwu35egedc7",10/25/2022 11:23:00,1,1,3,2,,0,0,0,1,0,0,0,1,1,1967,0,0,1,0,0,1,2,1,1,0,0,0,0,0,0,0,0,0,1,0,0,0,0,0,1,1,0,0,0,1,1,2,1,1,3,8,1,3,2,4,1,,,,,,,2,1,,,1,4,3,2,2,4,1,1,1,1,1,1,0,2,3,2,2,2,2,2,2,2,1,1,2,2,3,3,3,1,1,1,1,1,1,1,,,1,1,0,0,0,0,,,,,,2,1,0,0,0,0,0,0,1,1,1,1,1,6,1,0,1,1678.62,4,,10,,5,6,10/25/2022 10:54:00,15,1,1,1,1,4,1,1,3,1,3,,3,2,2,3,2,7,,1,1,1,1,1,,"85364",1.72751927375793,2,1
2232,"sfxgk4w5wjwn6qdk",10/25/2022 11:28:00,1,1,3,1,,0,0,0,0,1,0,0,1,1,1964,0,0,1,0,0,2,5,1,1,1,0,0,0,0,1,0,0,0,0,0,0,0,0,0,0,1,0,0,0,1,1,1,2,1,3,8,1,4,1,4,1,,,,,,,1,1,,,1,2,2,1,3,3,1,1,2,1,1,1,0,2,2,1,2,2,2,2,3,2,1,1,1,2,1,3,1,1,3,1,1,1,1,1,17,,,1,0,0,0,0,2,2,1,2,3,1,1,0,0,0,0,0,0,1,1,1,1,1,6,0,1,1,1431.02,4,,10,,5,6,10/25/2022 11:00:00,9,1,1,1,1,4,1,1,2,2,2,2,,1,1,2,2,8,1,,2,1,1,,2,"86403",0.0748552531003952,1,1
2237,"sh53cg72x3bt74k6",10/25/2022 11:48:00,1,1,3,2,,0,0,0,1,0,0,0,1,1,1995,1,0,0,0,0,1,2,3,1,1,0,0,0,0,0,0,0,0,0,0,0,0,0,0,1,0,1,0,0,2,2,3,3,2,2,6,2,2,3,2,3,,,,,,,2,2,,,6,2,2,1,4,4,3,3,3,2,,,,2,3,1,1,2,2,2,2,2,2,2,2,3,3,2,1,1,2,3,1,2,1,2,,,1,1,0,0,0,0,,,,,,2,1,0,0,0,0,0,0,1,1,1,2,3,3,1,0,1,1487.36,4,,12,,5,6,10/25/2022 11:22:00,3,2,6,1,6,3,2,2,2,2,2,,2,2,3,2,3,5,,2,2,2,3,1,,"86004",1.89051735401154,2,2
2239,"yx3191gpucbkpmtq",10/25/2022 12:16:00,1,1,3,2,,0,0,0,1,0,0,0,1,1,1978,0,0,1,0,0,1,2,3,1,1,0,0,0,0,0,0,0,0,0,0,0,1,0,0,0,0,0,0,0,2,3,2,3,4,2,6,2,5,5,2,5,,,,,,,5,5,,,2,2,2,3,2,1,1,1,4,1,1,1,0,2,3,2,2,2,2,2,3,2,2,2,2,3,3,2,3,1,3,1,3,2,3,3,,,1,1,0,0,0,0,,,,,,2,1,0,0,0,0,0,0,1,1,3,3,2,5,0,1,1,2918.47,4,,10,,5,6,10/25/2022 11:27:00,12,2,5,6,6,5,2,2,2,2,3,2,,1,2,2,5,6,2,,3,3,3,,1,"85138",1.835453748703,2,2
2242,"p438x6hxa1hnq42h",10/25/2022 12:06:00,1,1,3,2,,0,0,0,1,0,0,0,1,1,1968,0,0,1,0,0,1,2,3,1,1,0,0,0,0,0,0,0,0,0,1,1,0,0,0,0,0,0,0,0,2,1,1,2,2,3,7,2,3,2,3,2,,,,,,,2,2,,,2,2,1,2,2,2,1,1,4,1,1,1,1,2,2,2,2,2,2,2,3,3,2,2,1,1,3,3,3,1,1,1,3,2,1,1,,,1,1,0,0,0,0,,,,,,1,1,0,0,0,0,0,0,1,1,1,1,2,5,0,1,1,1443.27,4,,10,,5,6,10/25/2022 11:30:00,3,2,5,5,2,3,1,1,2,2,2,3,,2,3,3,2,6,2,,1,2,1,,2,"86040",1.10127222537994,2,2
2243,"trf9tczyrx8wd3rw",10/25/2022 12:13:00,1,1,3,2,,0,0,0,1,0,0,0,1,1,1978,0,0,1,0,0,1,2,3,1,0,0,0,0,0,0,0,0,0,0,0,1,0,0,0,0,0,0,0,0,3,1,1,1,4,4,9,3,4,3,4,4,,,,,,,4,4,,,5,2,1,1,4,2,3,3,2,1,0,1,1,3,2,2,2,2,2,2,3,3,2,2,1,3,4,4,4,4,4,4,4,3,5,5,,,1,1,0,0,0,0,,,,,,2,1,0,0,0,0,0,0,1,1,1,1,6,4,1,0,1,795.11,4,,12,,5,6,10/25/2022 11:33:00,9,2,5,5,5,5,2,2,2,2,2,,5,2,2,2,3,4,,4,2,3,2,2,,"86401",1.10127222537994,2,2
2244,"k69zjkufmq6cfjuz",10/25/2022 12:02:00,1,1,3,2,,0,0,0,1,0,0,0,1,1,1967,0,0,1,0,0,1,2,3,1,1,0,1,0,0,0,0,0,0,0,0,0,0,0,0,1,0,0,0,0,2,1,1,2,1,2,8,2,3,2,4,2,,,,,,,2,2,,,2,2,2,1,3,3,1,1,4,1,1,1,1,2,2,1,1,2,2,3,4,2,2,1,1,2,1,3,1,3,3,3,1,2,1,1,,,1,1,0,0,0,0,,,,,,1,1,0,0,0,0,0,0,1,1,1,1,2,6,0,1,1,1536.01,4,,10,,5,6,10/25/2022 11:35:00,11,2,2,2,2,5,1,2,3,2,2,3,,1,3,2,2,8,2,,2,2,1,,2,"85629",1.91946589946747,2,2
2245,"25py7yajnhqdhyr6",10/25/2022 12:02:00,1,1,3,2,,0,0,0,1,0,0,0,1,1,1995,1,0,0,0,0,1,2,3,1,0,1,1,1,0,0,0,0,0,0,0,0,0,0,0,0,0,0,0,0,3,3,1,2,3,2,6,3,1,2,2,3,,,,,,,3,3,,,5,3,4,3,3,4,2,2,4,2,,,,3,3,2,2,3,2,3,3,2,2,2,2,3,2,2,3,1,3,3,3,3,5,5,,,1,1,0,0,0,0,,,,,,1,1,0,0,0,0,0,0,4,1,1,3,3,4,1,0,1,1519.77,4,,10,,5,6,10/25/2022 11:36:00,15,2,3,3,2,2,1,2,3,2,3,,2,1,3,5,3,8,,2,2,3,2,1,,"85364",2.31339430809021,2,2
2247,"ppj3z53xnugsckt2",10/25/2022 12:09:00,1,1,3,2,,0,0,0,1,0,0,0,1,1,1995,1,0,0,0,0,1,2,3,1,0,1,0,0,0,0,0,0,0,0,0,1,0,0,0,0,0,1,0,0,2,3,3,2,2,2,6,2,3,2,3,1,,,,,,,2,3,,,6,2,2,1,4,4,4,3,3,2,,,,2,2,2,2,2,2,2,2,2,2,1,2,1,3,3,3,1,2,3,3,2,1,2,,,1,1,0,0,0,0,,,,,,2,1,0,0,0,0,0,0,1,1,1,2,3,6,0,1,1,1672.82,4,,12,,5,6,10/25/2022 11:40:00,10,2,6,6,6,3,1,2,2,2,2,2,,1,1,2,3,6,1,,2,2,2,,2,"85929",1.835453748703,2,2
2248,"2b6h63acbqm2n5uv",10/25/2022 12:25:00,1,1,3,2,,0,0,0,1,0,0,0,1,1,1976,0,0,1,0,0,1,2,3,1,1,1,0,0,0,0,0,0,0,0,0,0,0,0,0,0,0,0,0,0,4,1,1,1,4,4,9,4,4,4,4,4,,,,,,,4,4,,,5,3,2,3,4,4,3,3,3,1,0,1,0,3,3,2,2,2,3,3,3,3,2,2,2,2,4,4,4,4,4,4,4,4,5,5,,,1,1,0,0,0,0,,,,,,3,1,0,0,0,0,0,0,1,1,1,1,6,4,1,0,1,1622.68,4,,10,,5,6,10/25/2022 11:41:00,9,2,5,5,5,5,2,2,2,3,3,,3,2,2,2,2,3,,5,1,1,2,1,,"86426",1.10127222537994,2,2
2251,"tn28a8khhub3rcvb",10/25/2022 12:10:00,1,1,3,2,,0,0,0,1,0,0,0,1,1,1992,0,1,0,0,0,1,2,3,1,0,1,1,0,0,0,0,0,0,0,0,1,0,0,0,0,0,0,0,0,3,2,3,3,3,2,7,3,2,2,3,4,,,,,,,5,4,,,6,3,3,3,3,3,3,4,4,1,1,1,0,3,3,1,3,2,4,3,3,3,2,2,2,2,3,4,4,2,4,2,3,3,5,5,,,1,1,0,0,0,0,,,,,,2,1,0,0,0,0,0,0,1,3,1,3,6,4,0,1,1,1589.85,4,,10,,5,6,10/25/2022 11:43:00,9,2,5,6,5,5,1,1,3,2,2,3,,1,2,2,1,2,4,,3,3,2,,1,"86442",1.835453748703,2,2
2253,"cd2pw3ru8bwhxmbr",10/25/2022 12:34:00,1,1,3,2,,0,0,0,1,0,0,0,1,1,1972,0,0,1,0,0,1,2,3,1,1,0,0,0,0,0,1,0,0,0,1,0,0,0,0,0,0,0,0,0,2,1,2,2,2,3,6,2,5,5,5,2,,,,,,,5,2,,,5,3,2,2,3,4,2,2,4,1,1,1,1,2,3,2,2,2,2,2,3,3,2,2,2,2,4,3,3,1,4,4,4,2,1,2,,,1,1,0,0,0,0,,,,,,2,1,0,0,0,0,0,0,1,1,1,1,2,4,1,0,1,1754.42,4,,10,,5,6,10/25/2022 12:04:00,12,2,5,5,5,5,2,2,3,1,3,,3,2,3,3,2,6,,2,1,1,2,1,,"85132",1.10127222537994,2,2
2254,"wmvwk2cndbdhks5b",10/25/2022 12:40:00,1,1,3,2,,0,0,0,1,0,0,0,1,1,1993,1,0,0,0,0,1,2,3,1,0,0,0,1,0,0,0,1,0,0,0,0,0,0,0,1,0,0,0,0,3,2,3,2,3,2,8,3,2,2,5,5,,,,,,,3,3,,,5,2,4,2,3,3,2,1,4,2,,,,3,3,2,2,3,2,2,3,3,2,2,2,2,2,3,3,1,3,3,3,3,5,5,,,1,1,0,0,0,0,,,,,,2,1,0,0,0,0,0,0,1,3,1,4,6,5,0,1,1,1551.99,4,,10,,5,6,10/25/2022 12:08:00,8,2,5,5,5,5,2,2,2,2,3,2,,1,3,4,2,8,2,,2,3,1,,1,"85281",1.10127222537994,2,2
2273,"muukbq5whd518z9j",10/25/2022 14:40:00,1,1,3,6,1,0,0,0,0,0,1,0,1,1,1994,1,0,0,0,0,1,2,3,1,0,1,0,0,0,0,0,0,0,0,0,0,0,0,0,1,0,1,0,0,2,2,2,3,2,2,7,2,3,2,3,2,,,,,,,3,2,,,6,2,2,1,4,4,3,2,3,2,,,,2,2,1,2,2,2,2,2,2,2,2,1,2,3,3,3,1,2,4,1,2,1,1,,,1,1,0,0,0,0,,,,,,2,1,0,0,0,0,0,0,1,1,1,2,3,3,1,0,1,1705.61,4,,12,,5,6,10/25/2022 14:11:00,10,2,2,6,6,6,2,2,2,1,2,,2,1,3,2,4,5,,2,3,2,2,1,,"85901",0.854999959468842,2,2
2275,"4eqc68ca42uf3vt8",10/25/2022 14:53:00,1,1,3,6,1,0,0,0,0,0,1,0,1,1,1991,0,1,0,0,0,3,4,3,1,1,0,0,0,0,0,0,0,0,1,0,0,0,0,0,0,0,0,0,0,4,1,1,1,4,4,9,4,4,4,4,4,,,,,,,4,4,,,5,1,2,2,1,1,2,1,2,1,0,1,0,3,2,1,2,3,3,2,2,3,2,1,1,2,4,4,4,4,4,4,4,4,5,5,,,,1,0,0,0,0,,,,,,1,1,0,0,0,0,0,0,1,1,1,1,6,6,0,1,1,1869.24,4,,12,,5,6,10/25/2022 14:19:00,15,2,5,5,5,5,2,2,2,2,1,2,,2,1,2,1,3,5,,1,2,2,,2,"85349",0.480000019073486,2,2
2277,"uuv0rg9svs6zxbhx",10/25/2022 14:54:00,1,1,3,6,1,0,0,0,0,0,1,0,1,1,1995,1,0,0,0,0,1,5,3,1,1,0,1,0,0,0,0,0,0,0,0,1,0,0,0,0,0,0,0,0,2,1,1,3,2,3,7,2,3,5,4,3,,,,,,,3,4,,,5,3,3,3,3,3,3,4,4,1,1,0,0,4,2,2,3,3,3,3,3,3,2,2,1,3,4,4,3,3,1,4,3,2,5,5,,,1,1,0,0,0,0,,,,,,3,1,0,0,0,0,0,0,1,4,1,4,6,5,1,0,1,1665.17,4,,10,,5,6,10/25/2022 14:26:00,2,2,5,5,5,5,1,1,3,2,2,,2,1,3,2,1,5,,5,2,2,1,2,,"85650",0.480000019073486,2,2
2278,"xbvr9x8t0axew24c",10/25/2022 14:57:00,1,1,3,6,1,0,0,0,0,0,1,0,1,1,1965,0,0,1,0,0,1,5,3,1,0,0,0,0,0,0,1,0,0,0,0,1,0,0,0,1,0,0,0,0,2,1,1,1,2,3,7,2,3,2,3,2,,,,,,,3,3,,,5,2,2,1,2,4,2,3,4,1,1,1,1,2,2,2,2,2,2,2,3,3,2,1,1,2,4,3,4,1,1,1,1,2,1,1,,,1,1,0,0,0,0,,,,,,2,1,0,0,0,0,0,0,1,1,1,1,2,6,0,1,1,1727.32,4,,10,,5,6,10/25/2022 14:26:00,9,2,5,5,5,5,1,1,3,1,2,2,,2,3,2,2,6,2,,1,1,2,,2,"86426",0.480000019073486,2,2
2279,"nmzub3mqnqhb3vnv",10/25/2022 14:54:00,1,1,3,6,1,0,0,0,0,0,1,0,1,1,1988,0,1,0,0,0,1,3,3,1,0,1,0,0,0,0,0,0,0,0,0,0,1,0,0,0,0,1,0,0,2,2,1,2,2,2,8,2,3,2,2,3,,,,,,,5,3,,,5,2,2,1,3,3,2,2,4,1,1,1,0,2,1,1,2,3,2,3,3,3,2,1,1,3,3,2,3,2,4,3,4,2,5,5,,,1,1,0,0,0,0,,,,,,2,0,0,1,0,0,0,0,1,1,1,1,6,5,1,0,1,1417.69,4,,10,,5,6,10/25/2022 14:29:00,6,2,5,5,5,5,2,1,2,2,2,,2,1,3,2,4,6,,5,1,1,2,1,,"85922",0.480000019073486,2,2
2280,"ev99eat8adcgejzz",10/25/2022 14:56:00,1,1,3,6,1,0,0,0,0,0,1,0,1,1,1970,0,0,1,0,0,1,5,3,1,1,0,0,0,0,0,1,0,0,0,0,0,0,0,0,0,0,1,0,0,2,1,2,2,2,3,8,2,4,2,3,2,,,,,,,2,2,,,2,2,2,1,3,3,1,1,4,1,1,1,1,2,2,1,2,2,1,3,3,3,2,2,1,2,1,3,1,1,3,3,3,2,1,5,,,1,1,0,0,0,0,,,,,,1,1,0,0,0,0,0,0,1,1,1,1,2,4,1,0,1,1508.94,4,,10,,5,6,10/25/2022 14:30:00,2,2,1,2,2,5,1,2,3,2,2,,2,1,3,2,2,8,,2,2,2,1,2,,"85635",0.880649983882904,2,2
2281,"q220a2q63txq1etz",10/25/2022 15:05:00,1,1,3,6,1,0,0,0,0,0,1,0,1,1,1989,0,1,0,0,0,3,3,3,1,1,0,0,0,0,0,0,0,0,0,0,0,0,0,0,0,0,0,1,1,4,1,1,1,4,4,9,4,4,4,3,4,,,,,,,3,4,,,5,2,1,2,3,2,1,1,1,2,,,,3,1,1,2,3,3,2,2,3,2,2,1,2,4,4,4,4,4,4,4,3,5,5,,,,1,0,0,0,0,,,,,,1,0,0,1,0,0,0,0,1,1,1,1,6,4,0,1,1,2041.74,4,,10,,5,6,10/25/2022 14:30:00,15,2,5,5,5,5,2,1,2,2,1,2,,2,1,2,1,3,5,,1,2,3,,2,"85365",0.480000019073486,2,2
2283,"y6edaw9546qt8ev7",10/25/2022 14:56:00,1,1,3,6,1,0,0,0,0,0,1,0,1,1,1990,0,1,0,0,0,1,4,3,1,0,1,0,0,0,0,0,1,0,0,0,0,0,0,0,0,0,0,1,0,2,1,2,2,2,2,8,3,3,2,2,4,,,,,,,3,3,,,5,2,1,1,2,4,2,2,4,1,0,1,1,2,2,1,1,2,2,1,3,3,1,2,1,3,3,4,4,3,3,3,2,2,5,5,,,1,1,0,0,0,0,,,,,,1,0,1,1,0,0,0,0,1,1,1,1,6,4,1,0,1,1412.71,4,,12,,5,6,10/25/2022 14:32:00,4,2,5,6,5,5,2,1,2,1,2,,2,1,1,2,4,7,,2,2,2,2,2,,"85539",0.800000011920929,2,2
2287,"83bq5qcyrd8m01qe",10/25/2022 15:09:00,1,1,3,6,1,0,0,0,0,0,1,0,1,2,1972,0,0,1,0,0,1,5,3,1,0,1,0,0,0,0,0,0,0,0,1,1,0,0,0,0,0,0,0,0,2,1,2,1,2,3,7,2,4,2,5,2,,,,,,,2,2,,,2,2,1,3,3,2,1,1,4,2,,,,2,2,1,2,2,1,2,3,3,2,3,1,2,1,3,1,3,1,3,1,2,1,1,,,1,1,0,0,0,0,,,,,,1,1,0,0,0,0,0,0,1,1,1,1,2,3,0,1,1,1638.04,4,,10,,5,6,10/25/2022 14:41:00,8,2,2,5,5,3,1,1,2,2,2,2,,1,3,2,1,8,2,,1,2,1,,2,"85281",0.512999951839447,2,2
2289,"d3pzmgq4wu4a15dx",10/25/2022 15:14:00,1,1,3,6,1,0,0,0,0,0,1,0,1,1,1990,0,1,0,0,0,1,5,3,1,0,0,1,0,0,0,0,0,0,0,0,0,0,0,1,0,0,0,0,0,3,3,1,3,3,4,6,3,3,5,5,5,,,,,,,5,3,,,5,2,2,1,2,2,1,1,4,1,1,0,1,2,2,2,2,2,2,2,2,2,2,3,1,1,1,3,3,1,3,3,3,1,5,5,,,1,1,0,0,0,0,,,,,,2,1,0,0,0,0,0,0,3,3,3,2,6,2,1,0,1,1526.46,4,,10,,5,6,10/25/2022 14:48:00,3,2,5,6,6,5,2,2,2,2,3,,2,2,3,3,1,4,,3,2,1,2,2,,"86001",0.800000011920929,2,2
2292,"ektszxsyn4cwx44c",10/25/2022 15:31:00,1,1,3,6,1,0,0,0,0,0,1,0,1,2,1967,0,0,1,0,0,1,2,3,1,1,0,0,0,0,0,1,0,0,0,0,0,0,0,0,1,0,0,0,0,3,1,1,1,3,3,7,3,3,2,5,2,,,,,,,2,3,,,5,2,3,1,2,4,2,1,4,1,1,1,0,2,2,2,2,2,2,3,3,3,2,1,1,2,3,3,4,1,1,1,4,2,1,2,,,1,1,0,0,0,0,,,,,,2,1,0,0,0,0,0,0,1,1,1,1,3,6,0,1,1,1847.07,4,,10,,5,6,10/25/2022 14:59:00,11,2,5,5,5,5,2,2,3,1,2,2,,2,3,1,2,6,5,,1,1,2,,2,"85629",0.480000019073486,2,2
2293,"udw2zmfnxvux3449",10/25/2022 15:31:00,1,1,3,6,1,0,0,0,0,0,1,0,1,2,1990,0,1,0,0,0,1,2,3,1,0,0,1,0,0,0,0,0,0,0,0,1,0,0,0,0,0,0,1,0,3,1,3,2,3,3,5,3,4,2,3,3,,,,,,,2,3,,,6,2,3,2,2,4,2,2,4,1,1,1,0,4,3,2,3,3,4,4,3,3,2,3,2,3,3,4,3,3,3,2,4,4,5,5,,,1,1,0,0,0,0,,,,,,1,1,0,0,0,0,0,0,1,1,4,4,6,3,1,0,1,1865.43,4,,10,,5,6,10/25/2022 14:59:00,10,2,2,6,5,5,1,1,3,3,4,,3,1,3,2,1,2,,4,2,2,2,1,,"86047",0.854999959468842,2,2
2294,"7gbrjf238wus8xrn",10/25/2022 15:23:00,1,1,3,6,1,0,0,0,0,0,1,0,1,1,1968,0,0,1,0,0,1,5,3,1,0,0,0,0,1,0,0,1,0,0,0,1,0,0,0,0,0,0,0,0,2,1,2,1,1,3,8,2,3,3,3,2,,,,,,,2,2,,,2,2,1,1,3,4,1,1,4,1,1,1,1,1,2,1,1,2,1,3,3,3,2,2,1,2,1,3,1,1,3,3,3,2,1,5,,,1,1,0,0,0,0,,,,,,1,1,0,0,0,0,0,0,1,1,1,1,2,3,0,1,1,1294.48,4,,10,,5,6,10/25/2022 15:00:00,14,2,2,2,5,5,1,2,1,2,2,2,,1,3,2,2,8,2,,2,2,1,,2,"86303",0.880649983882904,2,2
2295,"aysg14ym2y5sxz1y",10/25/2022 15:34:00,1,1,3,6,1,0,0,0,0,0,1,0,1,1,1992,0,1,0,0,0,1,2,3,1,1,1,0,0,0,0,0,0,0,0,0,0,0,0,0,1,0,0,0,0,2,2,2,2,2,2,7,2,3,2,3,1,,,,,,,2,2,,,6,2,2,1,2,2,3,3,3,2,,,,2,2,1,2,2,2,2,3,2,2,3,1,2,1,3,3,1,2,3,1,2,1,2,,,1,1,0,0,0,0,,,,,,2,1,0,0,0,0,0,0,1,1,1,2,3,2,0,1,1,1826.76,4,,12,,5,6,10/25/2022 15:03:00,12,2,2,6,6,3,2,2,3,1,2,2,,2,3,2,3,5,2,,3,2,2,,2,"85140",0.854999959468842,2,2
2301,"9zw7xns8vgstc6kv",10/25/2022 15:42:00,1,1,3,6,1,0,0,0,0,0,1,0,1,1,1968,0,0,1,0,0,1,5,3,1,1,0,0,0,0,0,0,0,0,0,0,1,0,0,0,1,0,0,0,0,2,1,1,1,2,3,7,2,3,2,5,2,,,,,,,5,2,,,2,2,1,2,3,2,1,1,4,2,,,,1,1,1,2,2,2,2,3,3,2,2,1,2,3,3,3,1,1,3,1,2,1,1,,,1,1,0,0,0,0,,,,,,1,1,0,0,0,0,0,0,1,1,1,1,2,4,1,0,1,1516.9,4,,10,,5,6,10/25/2022 15:15:00,14,2,5,5,5,3,1,1,2,2,2,,2,1,3,3,2,7,,2,1,2,1,2,,"86336",0.480000019073486,2,2
2376,"c78rq2qnzh3ng4jq",10/26/2022 08:56:00,3,2,3,1,,0,0,0,0,1,0,0,1,2,1987,0,1,0,0,0,1,6,6,1,1,0,1,0,0,0,0,0,0,0,0,0,0,0,0,0,1,0,0,0,3,3,1,3,2,3,5,4,4,5,2,2,,,,,,,5,6,,,2,4,1,2,1,1,2,2,4,2,,,,2,1,2,3,1,2,2,2,2,2,3,1,2,3,3,3,1,1,1,3,3,5,3,12,,1,0,0,0,1,0,6,3,1,3,2,3,0,1,0,0,0,0,0,4,4,4,4,3,5,0,1,3,1105.41,4,,10,,5,6,10/26/2022 08:36:00,8,2,2,3,6,3,2,2,2,2,2,2,,2,3,2,2,8,1,,1,2,2,,2,"85041",0.422088712453842,1,2
2377,"je1rkn5f0hvt5ugb",10/26/2022 09:33:00,1,1,3,1,,0,0,0,0,1,0,0,1,1,1971,0,0,1,0,0,3,5,3,1,0,1,0,0,0,0,0,0,0,0,0,0,0,0,0,0,0,0,0,0,4,1,2,1,4,4,10,4,4,4,4,3,,,,,,,4,4,,,5,1,2,1,2,1,2,2,1,2,,,,2,2,2,2,2,3,2,2,2,2,2,1,3,4,4,4,4,4,4,4,4,5,5,11,,,1,0,0,0,0,1,1,3,1,2,1,1,0,0,0,0,0,0,1,1,1,1,6,4,1,0,1,1083.95,4,,10,,5,6,10/26/2022 08:58:00,8,2,5,5,5,5,2,1,2,3,1,,2,2,1,2,2,3,,5,2,2,3,2,,"85008",0.254591971635818,1,2
2378,"7jpbka9wwe88m0sd",10/26/2022 09:35:00,1,1,3,1,,0,0,0,0,1,0,0,1,1,1965,0,0,1,0,0,1,2,3,1,1,0,0,0,0,0,0,0,0,0,0,0,0,0,0,1,0,1,0,0,2,1,1,2,2,2,8,2,3,2,3,2,,,,,,,2,3,,,5,2,4,2,3,4,1,2,3,1,1,1,0,2,3,1,3,2,2,2,2,2,2,2,1,2,4,4,4,3,3,3,3,2,5,5,12,,1,1,0,0,0,0,3,2,1,3,2,1,1,0,0,0,0,0,0,1,1,1,1,6,4,1,0,1,1870.67,4,,12,,5,6,10/26/2022 09:03:00,9,2,5,5,5,5,1,2,4,2,2,,3,2,1,2,3,5,,5,3,2,2,2,,"86426",0.28200963139534,1,2
2379,"c0uh0vkfcewy7b5u",10/26/2022 09:38:00,1,1,3,1,,0,0,0,0,1,0,0,1,1,1970,0,0,1,0,0,3,4,3,1,0,0,0,0,0,0,0,0,0,0,0,1,0,0,0,0,0,0,0,1,4,1,2,1,4,4,9,3,3,3,3,3,,,,,,,3,3,,,5,1,1,2,2,2,1,1,1,1,1,0,0,3,2,2,2,3,3,2,2,2,2,1,1,2,4,4,4,4,4,4,4,3,5,5,5,,,1,0,0,0,0,1,2,3,2,1,1,0,1,0,0,0,0,0,1,1,1,1,6,6,0,1,1,1721.3,4,,12,,5,6,10/26/2022 09:06:00,8,2,5,5,5,5,2,2,2,2,1,2,,2,1,2,1,2,4,,1,3,1,,2,"85018",0.254591971635818,1,2
2382,"1fgfqjzcudv2fhqe",10/26/2022 10:05:00,1,1,3,1,,0,0,0,0,1,0,0,1,1,1992,0,1,0,0,0,1,5,3,1,1,1,0,0,0,0,0,0,0,0,0,0,0,0,0,0,0,1,0,0,2,1,1,2,2,2,9,2,3,3,3,2,,,,,,,3,2,,,5,3,4,3,2,2,1,1,3,1,1,1,0,2,2,1,3,2,2,2,3,2,2,2,1,2,3,3,3,1,3,2,4,2,5,5,12,,1,1,0,0,0,0,3,2,1,3,2,1,0,1,0,0,0,0,0,1,1,1,1,6,6,0,1,1,1706.17,4,,12,,5,6,10/26/2022 09:36:00,11,2,5,5,5,5,2,2,4,2,3,2,,1,3,2,2,9,5,,3,3,1,,1,"85629",0.28200963139534,1,2
2383,"nc4djmeaztuxkbcd",10/26/2022 10:10:00,1,1,3,1,,0,0,0,0,1,0,0,1,1,1966,0,0,1,0,0,3,5,3,1,0,1,0,0,1,0,0,0,0,0,0,1,0,0,0,0,0,0,0,0,4,1,1,1,4,4,9,3,4,4,4,3,,,,,,,3,3,,,5,2,1,1,2,1,2,1,1,1,1,0,1,3,2,2,2,3,3,2,2,2,2,2,1,2,4,4,4,4,4,4,4,4,5,5,8,,,1,0,0,0,0,1,2,3,1,2,1,1,0,0,0,0,0,0,1,1,1,1,6,4,1,0,1,1705.1,4,,12,,5,6,10/26/2022 09:41:00,9,2,5,5,5,5,2,1,2,2,1,,2,2,1,3,1,3,,4,1,2,2,2,,"86404",0.254591971635818,1,2
2387,"7rqusus3bgemg260",10/26/2022 10:30:00,1,1,3,1,,0,0,0,0,1,0,0,1,2,1972,0,0,1,0,0,1,5,4,1,1,0,0,0,0,0,0,0,0,0,0,0,1,0,0,0,0,1,0,0,2,2,3,2,2,2,8,3,2,3,2,3,,,,,,,3,3,,,3,3,4,3,2,2,1,2,3,2,,,,2,2,1,3,2,3,2,3,2,2,2,1,2,2,3,2,3,2,2,3,2,2,2,12,,1,1,0,0,0,0,3,2,3,1,2,1,1,0,0,0,0,0,0,1,1,1,1,4,3,1,0,1,1717.39,4,,12,,5,6,10/26/2022 10:01:00,8,3,3,3,3,2,2,2,3,1,2,,2,2,3,2,4,5,,3,2,2,2,2,,"85281",0.518354594707489,1,3
2389,"hqnkrqyudn5wx4ny",10/26/2022 10:46:00,1,1,3,1,,0,0,0,0,1,0,0,1,1,1969,0,0,1,0,0,1,3,4,1,0,1,0,0,0,0,0,0,0,0,0,0,0,1,0,0,0,1,0,0,2,1,1,1,2,1,9,3,1,4,1,3,,,,,,,4,2,,,4,3,2,3,3,4,2,2,3,1,1,0,1,1,2,1,3,2,2,2,3,3,2,2,1,1,2,2,2,2,2,2,2,1,2,2,12,,1,1,0,0,0,0,3,2,1,2,3,2,1,0,0,0,0,0,0,1,1,1,1,4,6,0,1,1,1462.35,4,,10,,5,6,10/26/2022 10:21:00,15,3,4,4,4,1,2,1,2,2,2,3,,2,1,2,4,9,5,,2,2,2,,1,"85365",0.493671059608459,1,3
2390,"pbxj7z84xyf32men",10/26/2022 10:52:00,1,1,3,1,,0,0,0,0,1,0,0,1,2,1964,0,0,1,0,0,2,2,2,1,0,0,0,0,0,0,0,1,0,0,0,0,0,0,1,0,0,1,0,0,1,1,2,1,1,3,9,1,4,1,3,1,,,,,,,2,1,,,1,3,3,2,3,4,2,2,2,1,0,1,1,2,2,1,3,1,2,3,2,3,1,2,1,1,1,1,1,1,1,1,1,2,1,1,17,,,1,0,0,0,0,3,2,1,2,3,2,1,0,0,0,0,0,0,1,1,1,1,1,5,1,0,1,1682.19,4,,12,,5,6,10/26/2022 10:23:00,11,1,4,1,1,4,1,2,1,2,2,,2,2,3,2,2,9,,2,2,2,2,2,,"85705",0.106176272034645,1,1
2391,"7tmj81rpaxpzk4yx",10/26/2022 10:59:00,1,1,3,1,,0,0,0,0,1,0,0,1,1,1982,0,0,1,0,0,1,4,2,1,1,1,0,1,0,0,0,0,0,0,0,0,0,0,0,0,0,0,0,0,1,1,1,2,2,2,9,2,3,2,3,2,,,,,,,2,2,,,2,3,4,2,3,2,1,2,3,2,,,,2,2,1,2,2,2,3,2,2,2,2,1,2,3,3,1,1,1,3,3,2,1,1,12,,1,1,0,0,0,0,3,2,1,3,2,2,1,0,0,0,0,0,0,1,1,1,1,2,6,0,1,1,1818.92,4,,12,,5,6,10/26/2022 10:28:00,8,1,2,2,2,3,1,2,3,1,2,2,,2,3,2,4,6,2,,1,2,1,,1,"85018",0.431166261434555,1,1
